borough,datetime,temperature_2m,precipitation,visibility,rain,showers,snowfall,wind_speed_10m,date,hour_nyc,day_of_week,is_weekend,is_rush_hour,is_night,month,season,weather_category,weather_severity
MANHATTAN,2026-05-03 04:00:00,0.0,0.0,0.0,0.0,0.0,0.0,0.0,2026-05-03,4,Sunday,True,False,True,5,SPRING,FOG,SEVERE
MANHATTAN,2026-05-03 05:00:00,0.0,0.0,0.0,0.0,0.0,0.0,0.0,2026-05-03,5,Sunday,True,False,True,5,SPRING,FOG,SEVERE
MANHATTAN,2026-05-03 06:00:00,0.0,0.0,0.0,0.0,0.0,0.0,0.0,2026-05-03,6,Sunday,True,False,False,5,SPRING,FOG,SEVERE
MANHATTAN,2026-05-03 07:00:00,0.0,0.0,0.0,0.0,0.0,0.0,0.0,2026-05-03,7,Sunday,True,True,False,5,SPRING,FOG,SEVERE
MANHATTAN,2026-05-03 08:00:00,0.0,0.0,0.0,0.0,0.0,0.0,0.0,2026-05-03,8,Sunday,True,True,False,5,SPRING,FOG,SEVERE
MANHATTAN,2026-05-03 09:00:00,0.0,0.0,0.0,0.0,0.0,0.0,0.0,2026-05-03,9,Sunday,True,True,False,5,SPRING,FOG,SEVERE
MANHATTAN,2026-05-03 10:00:00,0.0,0.0,0.0,0.0,0.0,0.0,0.0,2026-05-03,10,Sunday,True,False,False,5,SPRING,FOG,SEVERE
MANHATTAN,2026-05-03 11:00:00,0.0,0.0,0.0,0.0,0.0,0.0,0.0,2026-05-03,11,Sunday,True,False,False,5,SPRING,FOG,SEVERE
MANHATTAN,2026-05-03 12:00:00,0.0,0.0,0.0,0.0,0.0,0.0,0.0,2026-05-03,12,Sunday,True,False,False,5,SPRING,FOG,SEVERE
MANHATTAN,2026-05-03 13:00:00,0.0,0.0,0.0,0.0,0.0,0.0,0.0,2026-05-03,13,Sunday,True,False,False,5,SPRING,FOG,SEVERE
MANHATTAN,2026-05-03 14:00:00,0.0,0.0,0.0,0.0,0.0,0.0,0.0,2026-05-03,14,Sunday,True,False,False,5,SPRING,FOG,SEVERE
MANHATTAN,2026-05-03 15:00:00,0.0,0.0,0.0,0.0,0.0,0.0,0.0,2026-05-03,15,Sunday,True,False,False,5,SPRING,FOG,SEVERE
MANHATTAN,2026-05-03 16:00:00,0.0,0.0,0.0,0.0,0.0,0.0,0.0,2026-05-03,16,Sunday,True,True,False,5,SPRING,FOG,SEVERE
MANHATTAN,2026-05-03 17:00:00,0.0,0.0,0.0,0.0,0.0,0.0,0.0,2026-05-03,17,Sunday,True,True,False,5,SPRING,FOG,SEVERE
MANHATTAN,2026-05-03 18:00:00,0.0,0.0,0.0,0.0,0.0,0.0,0.0,2026-05-03,18,Sunday,True,True,False,5,SPRING,FOG,SEVERE
MANHATTAN,2026-05-03 19:00:00,0.0,0.0,0.0,0.0,0.0,0.0,0.0,2026-05-03,19,Sunday,True,True,False,5,SPRING,FOG,SEVERE
MANHATTAN,2026-05-03 20:00:00,0.0,0.0,0.0,0.0,0.0,0.0,0.0,2026-05-03,20,Sunday,True,False,True,5,SPRING,FOG,SEVERE
MANHATTAN,2026-05-03 21:00:00,0.0,0.0,0.0,0.0,0.0,0.0,0.0,2026-05-03,21,Sunday,True,False,True,5,SPRING,FOG,SEVERE
MANHATTAN,2026-05-03 22:00:00,0.0,0.0,0.0,0.0,0.0,0.0,0.0,2026-05-03,22,Sunday,True,False,True,5,SPRING,FOG,SEVERE
MANHATTAN,2026-05-03 23:00:00,0.0,0.0,0.0,0.0,0.0,0.0,0.0,2026-05-03,23,Sunday,True,False,True,5,SPRING,FOG,SEVERE
MANHATTAN,2026-05-04 00:00:00,0.0,0.0,0.0,0.0,0.0,0.0,0.0,2026-05-04,0,Monday,False,False,True,5,SPRING,FOG,SEVERE
MANHATTAN,2026-05-04 01:00:00,0.0,0.0,0.0,0.0,0.0,0.0,0.0,2026-05-04,1,Monday,False,False,True,5,SPRING,FOG,SEVERE
MANHATTAN,2026-05-04 02:00:00,0.0,0.0,0.0,0.0,0.0,0.0,0.0,2026-05-04,2,Monday,False,False,True,5,SPRING,FOG,SEVERE
MANHATTAN,2026-05-04 03:00:00,0.0,0.0,0.0,0.0,0.0,0.0,0.0,2026-05-04,3,Monday,False,False,True,5,SPRING,FOG,SEVERE
MANHATTAN,2026-05-04 04:00:00,0.0,0.0,0.0,0.0,0.0,0.0,0.0,2026-05-04,4,Monday,False,False,True,5,SPRING,FOG,SEVERE
MANHATTAN,2026-05-04 05:00:00,0.0,0.0,0.0,0.0,0.0,0.0,0.0,2026-05-04,5,Monday,False,False,True,5,SPRING,FOG,SEVERE
MANHATTAN,2026-05-04 06:00:00,0.0,0.0,0.0,0.0,0.0,0.0,0.0,2026-05-04,6,Monday,False,False,False,5,SPRING,FOG,SEVERE
MANHATTAN,2026-05-04 07:00:00,0.0,0.0,0.0,0.0,0.0,0.0,0.0,2026-05-04,7,Monday,False,True,False,5,SPRING,FOG,SEVERE
MANHATTAN,2026-05-04 08:00:00,0.0,0.0,0.0,0.0,0.0,0.0,0.0,2026-05-04,8,Monday,False,True,False,5,SPRING,FOG,SEVERE
MANHATTAN,2026-05-04 09:00:00,0.0,0.0,0.0,0.0,0.0,0.0,0.0,2026-05-04,9,Monday,False,True,False,5,SPRING,FOG,SEVERE
MANHATTAN,2026-05-04 10:00:00,0.0,0.0,0.0,0.0,0.0,0.0,0.0,2026-05-04,10,Monday,False,False,False,5,SPRING,FOG,SEVERE
MANHATTAN,2026-05-04 11:00:00,0.0,0.0,0.0,0.0,0.0,0.0,0.0,2026-05-04,11,Monday,False,False,False,5,SPRING,FOG,SEVERE
MANHATTAN,2026-05-04 12:00:00,0.0,0.0,0.0,0.0,0.0,0.0,0.0,2026-05-04,12,Monday,False,False,False,5,SPRING,FOG,SEVERE
MANHATTAN,2026-05-04 13:00:00,0.0,0.0,0.0,0.0,0.0,0.0,0.0,2026-05-04,13,Monday,False,False,False,5,SPRING,FOG,SEVERE
MANHATTAN,2026-05-04 14:00:00,0.0,0.0,0.0,0.0,0.0,0.0,0.0,2026-05-04,14,Monday,False,False,False,5,SPRING,FOG,SEVERE
MANHATTAN,2026-05-04 15:00:00,0.0,0.0,0.0,0.0,0.0,0.0,0.0,2026-05-04,15,Monday,False,False,False,5,SPRING,FOG,SEVERE
MANHATTAN,2026-05-04 16:00:00,0.0,0.0,0.0,0.0,0.0,0.0,0.0,2026-05-04,16,Monday,False,True,False,5,SPRING,FOG,SEVERE
MANHATTAN,2026-05-04 17:00:00,0.0,0.0,0.0,0.0,0.0,0.0,0.0,2026-05-04,17,Monday,False,True,False,5,SPRING,FOG,SEVERE
MANHATTAN,2026-05-04 18:00:00,0.0,0.0,0.0,0.0,0.0,0.0,0.0,2026-05-04,18,Monday,False,True,False,5,SPRING,FOG,SEVERE
MANHATTAN,2026-05-04 19:00:00,0.0,0.0,0.0,0.0,0.0,0.0,0.0,2026-05-04,19,Monday,False,True,False,5,SPRING,FOG,SEVERE
MANHATTAN,2026-05-04 20:00:00,0.0,0.0,0.0,0.0,0.0,0.0,0.0,2026-05-04,20,Monday,False,False,True,5,SPRING,FOG,SEVERE
MANHATTAN,2026-05-04 21:00:00,0.0,0.0,0.0,0.0,0.0,0.0,0.0,2026-05-04,21,Monday,False,False,True,5,SPRING,FOG,SEVERE
MANHATTAN,2026-05-04 22:00:00,0.0,0.0,0.0,0.0,0.0,0.0,0.0,2026-05-04,22,Monday,False,False,True,5,SPRING,FOG,SEVERE
MANHATTAN,2026-05-04 23:00:00,0.0,0.0,0.0,0.0,0.0,0.0,0.0,2026-05-04,23,Monday,False,False,True,5,SPRING,FOG,SEVERE
MANHATTAN,2026-05-05 00:00:00,0.0,0.0,0.0,0.0,0.0,0.0,0.0,2026-05-05,0,Tuesday,False,False,True,5,SPRING,FOG,SEVERE
MANHATTAN,2026-05-05 01:00:00,0.0,0.0,0.0,0.0,0.0,0.0,0.0,2026-05-05,1,Tuesday,False,False,True,5,SPRING,FOG,SEVERE
MANHATTAN,2026-05-05 02:00:00,0.0,0.0,0.0,0.0,0.0,0.0,0.0,2026-05-05,2,Tuesday,False,False,True,5,SPRING,FOG,SEVERE
MANHATTAN,2026-05-05 03:00:00,0.0,0.0,0.0,0.0,0.0,0.0,0.0,2026-05-05,3,Tuesday,False,False,True,5,SPRING,FOG,SEVERE
MANHATTAN,2026-05-05 04:00:00,0.0,0.0,0.0,0.0,0.0,0.0,0.0,2026-05-05,4,Tuesday,False,False,True,5,SPRING,FOG,SEVERE
MANHATTAN,2026-05-05 05:00:00,0.0,0.0,0.0,0.0,0.0,0.0,0.0,2026-05-05,5,Tuesday,False,False,True,5,SPRING,FOG,SEVERE
MANHATTAN,2026-05-05 06:00:00,0.0,0.0,0.0,0.0,0.0,0.0,0.0,2026-05-05,6,Tuesday,False,False,False,5,SPRING,FOG,SEVERE
MANHATTAN,2026-05-05 07:00:00,0.0,0.0,0.0,0.0,0.0,0.0,0.0,2026-05-05,7,Tuesday,False,True,False,5,SPRING,FOG,SEVERE
MANHATTAN,2026-05-05 08:00:00,0.0,0.0,0.0,0.0,0.0,0.0,0.0,2026-05-05,8,Tuesday,False,True,False,5,SPRING,FOG,SEVERE
MANHATTAN,2026-05-05 09:00:00,0.0,0.0,0.0,0.0,0.0,0.0,0.0,2026-05-05,9,Tuesday,False,True,False,5,SPRING,FOG,SEVERE
MANHATTAN,2026-05-05 10:00:00,0.0,0.0,0.0,0.0,0.0,0.0,0.0,2026-05-05,10,Tuesday,False,False,False,5,SPRING,FOG,SEVERE
MANHATTAN,2026-05-05 11:00:00,0.0,0.0,0.0,0.0,0.0,0.0,0.0,2026-05-05,11,Tuesday,False,False,False,5,SPRING,FOG,SEVERE
MANHATTAN,2026-05-05 12:00:00,0.0,0.0,0.0,0.0,0.0,0.0,0.0,2026-05-05,12,Tuesday,False,False,False,5,SPRING,FOG,SEVERE
MANHATTAN,2026-05-05 13:00:00,0.0,0.0,0.0,0.0,0.0,0.0,0.0,2026-05-05,13,Tuesday,False,False,False,5,SPRING,FOG,SEVERE
MANHATTAN,2026-05-05 14:00:00,0.0,0.0,0.0,0.0,0.0,0.0,0.0,2026-05-05,14,Tuesday,False,False,False,5,SPRING,FOG,SEVERE
MANHATTAN,2026-05-05 15:00:00,0.0,0.0,0.0,0.0,0.0,0.0,0.0,2026-05-05,15,Tuesday,False,False,False,5,SPRING,FOG,SEVERE
MANHATTAN,2026-05-05 16:00:00,0.0,0.0,0.0,0.0,0.0,0.0,0.0,2026-05-05,16,Tuesday,False,True,False,5,SPRING,FOG,SEVERE
MANHATTAN,2026-05-05 17:00:00,0.0,0.0,0.0,0.0,0.0,0.0,0.0,2026-05-05,17,Tuesday,False,True,False,5,SPRING,FOG,SEVERE
MANHATTAN,2026-05-05 18:00:00,0.0,0.0,0.0,0.0,0.0,0.0,0.0,2026-05-05,18,Tuesday,False,True,False,5,SPRING,FOG,SEVERE
MANHATTAN,2026-05-05 19:00:00,0.0,0.0,0.0,0.0,0.0,0.0,0.0,2026-05-05,19,Tuesday,False,True,False,5,SPRING,FOG,SEVERE
MANHATTAN,2026-05-05 20:00:00,0.0,0.0,0.0,0.0,0.0,0.0,0.0,2026-05-05,20,Tuesday,False,False,True,5,SPRING,FOG,SEVERE
MANHATTAN,2026-05-05 21:00:00,0.0,0.0,0.0,0.0,0.0,0.0,0.0,2026-05-05,21,Tuesday,False,False,True,5,SPRING,FOG,SEVERE
MANHATTAN,2026-05-05 22:00:00,0.0,0.0,0.0,0.0,0.0,0.0,0.0,2026-05-05,22,Tuesday,False,False,True,5,SPRING,FOG,SEVERE
MANHATTAN,2026-05-05 23:00:00,0.0,0.0,0.0,0.0,0.0,0.0,0.0,2026-05-05,23,Tuesday,False,False,True,5,SPRING,FOG,SEVERE
MANHATTAN,2026-05-06 00:00:00,0.0,0.0,0.0,0.0,0.0,0.0,0.0,2026-05-06,0,Wednesday,False,False,True,5,SPRING,FOG,SEVERE
MANHATTAN,2026-05-06 01:00:00,0.0,0.0,0.0,0.0,0.0,0.0,0.0,2026-05-06,1,Wednesday,False,False,True,5,SPRING,FOG,SEVERE
MANHATTAN,2026-05-06 02:00:00,0.0,0.0,0.0,0.0,0.0,0.0,0.0,2026-05-06,2,Wednesday,False,False,True,5,SPRING,FOG,SEVERE
MANHATTAN,2026-05-06 03:00:00,0.0,0.0,0.0,0.0,0.0,0.0,0.0,2026-05-06,3,Wednesday,False,False,True,5,SPRING,FOG,SEVERE
MANHATTAN,2026-05-06 04:00:00,0.0,0.0,0.0,0.0,0.0,0.0,0.0,2026-05-06,4,Wednesday,False,False,True,5,SPRING,FOG,SEVERE
MANHATTAN,2026-05-06 05:00:00,0.0,0.0,0.0,0.0,0.0,0.0,0.0,2026-05-06,5,Wednesday,False,False,True,5,SPRING,FOG,SEVERE
MANHATTAN,2026-05-06 06:00:00,0.0,0.0,0.0,0.0,0.0,0.0,0.0,2026-05-06,6,Wednesday,False,False,False,5,SPRING,FOG,SEVERE
MANHATTAN,2026-05-06 07:00:00,0.0,0.0,0.0,0.0,0.0,0.0,0.0,2026-05-06,7,Wednesday,False,True,False,5,SPRING,FOG,SEVERE
MANHATTAN,2026-05-06 08:00:00,0.0,0.0,0.0,0.0,0.0,0.0,0.0,2026-05-06,8,Wednesday,False,True,False,5,SPRING,FOG,SEVERE
MANHATTAN,2026-05-06 09:00:00,0.0,0.0,0.0,0.0,0.0,0.0,0.0,2026-05-06,9,Wednesday,False,True,False,5,SPRING,FOG,SEVERE
MANHATTAN,2026-05-06 10:00:00,0.0,0.0,0.0,0.0,0.0,0.0,0.0,2026-05-06,10,Wednesday,False,False,False,5,SPRING,FOG,SEVERE
MANHATTAN,2026-05-06 11:00:00,0.0,0.0,0.0,0.0,0.0,0.0,0.0,2026-05-06,11,Wednesday,False,False,False,5,SPRING,FOG,SEVERE
MANHATTAN,2026-05-06 12:00:00,0.0,0.0,0.0,0.0,0.0,0.0,0.0,2026-05-06,12,Wednesday,False,False,False,5,SPRING,FOG,SEVERE
MANHATTAN,2026-05-06 13:00:00,0.0,0.0,0.0,0.0,0.0,0.0,0.0,2026-05-06,13,Wednesday,False,False,False,5,SPRING,FOG,SEVERE
MANHATTAN,2026-05-06 14:00:00,0.0,0.0,0.0,0.0,0.0,0.0,0.0,2026-05-06,14,Wednesday,False,False,False,5,SPRING,FOG,SEVERE
MANHATTAN,2026-05-06 15:00:00,0.0,0.0,0.0,0.0,0.0,0.0,0.0,2026-05-06,15,Wednesday,False,False,False,5,SPRING,FOG,SEVERE
MANHATTAN,2026-05-06 16:00:00,0.0,0.0,0.0,0.0,0.0,0.0,0.0,2026-05-06,16,Wednesday,False,True,False,5,SPRING,FOG,SEVERE
MANHATTAN,2026-05-06 17:00:00,0.0,0.0,0.0,0.0,0.0,0.0,0.0,2026-05-06,17,Wednesday,False,True,False,5,SPRING,FOG,SEVERE
MANHATTAN,2026-05-06 18:00:00,0.0,0.0,0.0,0.0,0.0,0.0,0.0,2026-05-06,18,Wednesday,False,True,False,5,SPRING,FOG,SEVERE
MANHATTAN,2026-05-06 19:00:00,0.0,0.0,0.0,0.0,0.0,0.0,0.0,2026-05-06,19,Wednesday,False,True,False,5,SPRING,FOG,SEVERE
MANHATTAN,2026-05-06 20:00:00,0.0,0.0,0.0,0.0,0.0,0.0,0.0,2026-05-06,20,Wednesday,False,False,True,5,SPRING,FOG,SEVERE
MANHATTAN,2026-05-06 21:00:00,0.0,0.0,0.0,0.0,0.0,0.0,0.0,2026-05-06,21,Wednesday,False,False,True,5,SPRING,FOG,SEVERE
MANHATTAN,2026-05-06 22:00:00,0.0,0.0,0.0,0.0,0.0,0.0,0.0,2026-05-06,22,Wednesday,False,False,True,5,SPRING,FOG,SEVERE
MANHATTAN,2026-05-06 23:00:00,0.0,0.0,0.0,0.0,0.0,0.0,0.0,2026-05-06,23,Wednesday,False,False,True,5,SPRING,FOG,SEVERE
MANHATTAN,2026-05-07 00:00:00,0.0,0.0,0.0,0.0,0.0,0.0,0.0,2026-05-07,0,Thursday,False,False,True,5,SPRING,FOG,SEVERE
MANHATTAN,2026-05-07 01:00:00,0.0,0.0,0.0,0.0,0.0,0.0,0.0,2026-05-07,1,Thursday,False,False,True,5,SPRING,FOG,SEVERE
MANHATTAN,2026-05-07 02:00:00,0.0,0.0,0.0,0.0,0.0,0.0,0.0,2026-05-07,2,Thursday,False,False,True,5,SPRING,FOG,SEVERE
MANHATTAN,2026-05-07 03:00:00,0.0,0.0,0.0,0.0,0.0,0.0,0.0,2026-05-07,3,Thursday,False,False,True,5,SPRING,FOG,SEVERE
MANHATTAN,2026-05-07 04:00:00,0.0,0.0,0.0,0.0,0.0,0.0,0.0,2026-05-07,4,Thursday,False,False,True,5,SPRING,FOG,SEVERE
MANHATTAN,2026-05-07 05:00:00,0.0,0.0,0.0,0.0,0.0,0.0,0.0,2026-05-07,5,Thursday,False,False,True,5,SPRING,FOG,SEVERE
MANHATTAN,2026-05-07 06:00:00,0.0,0.0,0.0,0.0,0.0,0.0,0.0,2026-05-07,6,Thursday,False,False,False,5,SPRING,FOG,SEVERE
MANHATTAN,2026-05-07 07:00:00,0.0,0.0,0.0,0.0,0.0,0.0,0.0,2026-05-07,7,Thursday,False,True,False,5,SPRING,FOG,SEVERE
MANHATTAN,2026-05-07 08:00:00,0.0,0.0,0.0,0.0,0.0,0.0,0.0,2026-05-07,8,Thursday,False,True,False,5,SPRING,FOG,SEVERE
MANHATTAN,2026-05-07 09:00:00,0.0,0.0,0.0,0.0,0.0,0.0,0.0,2026-05-07,9,Thursday,False,True,False,5,SPRING,FOG,SEVERE
MANHATTAN,2026-05-07 10:00:00,0.0,0.0,0.0,0.0,0.0,0.0,0.0,2026-05-07,10,Thursday,False,False,False,5,SPRING,FOG,SEVERE
MANHATTAN,2026-05-07 11:00:00,0.0,0.0,0.0,0.0,0.0,0.0,0.0,2026-05-07,11,Thursday,False,False,False,5,SPRING,FOG,SEVERE
MANHATTAN,2026-05-07 12:00:00,0.0,0.0,0.0,0.0,0.0,0.0,0.0,2026-05-07,12,Thursday,False,False,False,5,SPRING,FOG,SEVERE
MANHATTAN,2026-05-07 13:00:00,0.0,0.0,0.0,0.0,0.0,0.0,0.0,2026-05-07,13,Thursday,False,False,False,5,SPRING,FOG,SEVERE
MANHATTAN,2026-05-07 14:00:00,0.0,0.0,0.0,0.0,0.0,0.0,0.0,2026-05-07,14,Thursday,False,False,False,5,SPRING,FOG,SEVERE
MANHATTAN,2026-05-07 15:00:00,0.0,0.0,0.0,0.0,0.0,0.0,0.0,2026-05-07,15,Thursday,False,False,False,5,SPRING,FOG,SEVERE
MANHATTAN,2026-05-07 16:00:00,0.0,0.0,0.0,0.0,0.0,0.0,0.0,2026-05-07,16,Thursday,False,True,False,5,SPRING,FOG,SEVERE
MANHATTAN,2026-05-07 17:00:00,0.0,0.0,0.0,0.0,0.0,0.0,0.0,2026-05-07,17,Thursday,False,True,False,5,SPRING,FOG,SEVERE
MANHATTAN,2026-05-07 18:00:00,0.0,0.0,0.0,0.0,0.0,0.0,0.0,2026-05-07,18,Thursday,False,True,False,5,SPRING,FOG,SEVERE
MANHATTAN,2026-05-07 19:00:00,0.0,0.0,0.0,0.0,0.0,0.0,0.0,2026-05-07,19,Thursday,False,True,False,5,SPRING,FOG,SEVERE
MANHATTAN,2026-05-07 20:00:00,0.0,0.0,0.0,0.0,0.0,0.0,0.0,2026-05-07,20,Thursday,False,False,True,5,SPRING,FOG,SEVERE
MANHATTAN,2026-05-07 21:00:00,0.0,0.0,0.0,0.0,0.0,0.0,0.0,2026-05-07,21,Thursday,False,False,True,5,SPRING,FOG,SEVERE
MANHATTAN,2026-05-07 22:00:00,0.0,0.0,0.0,0.0,0.0,0.0,0.0,2026-05-07,22,Thursday,False,False,True,5,SPRING,FOG,SEVERE
MANHATTAN,2026-05-07 23:00:00,0.0,0.0,0.0,0.0,0.0,0.0,0.0,2026-05-07,23,Thursday,False,False,True,5,SPRING,FOG,SEVERE
MANHATTAN,2026-05-08 00:00:00,0.0,0.0,0.0,0.0,0.0,0.0,0.0,2026-05-08,0,Friday,False,False,True,5,SPRING,FOG,SEVERE
MANHATTAN,2026-05-08 01:00:00,0.0,0.0,0.0,0.0,0.0,0.0,0.0,2026-05-08,1,Friday,False,False,True,5,SPRING,FOG,SEVERE
MANHATTAN,2026-05-08 02:00:00,0.0,0.0,0.0,0.0,0.0,0.0,0.0,2026-05-08,2,Friday,False,False,True,5,SPRING,FOG,SEVERE
MANHATTAN,2026-05-08 03:00:00,0.0,0.0,0.0,0.0,0.0,0.0,0.0,2026-05-08,3,Friday,False,False,True,5,SPRING,FOG,SEVERE
MANHATTAN,2026-05-08 04:00:00,0.0,0.0,0.0,0.0,0.0,0.0,0.0,2026-05-08,4,Friday,False,False,True,5,SPRING,FOG,SEVERE
MANHATTAN,2026-05-08 05:00:00,0.0,0.0,0.0,0.0,0.0,0.0,0.0,2026-05-08,5,Friday,False,False,True,5,SPRING,FOG,SEVERE
MANHATTAN,2026-05-08 06:00:00,0.0,0.0,0.0,0.0,0.0,0.0,0.0,2026-05-08,6,Friday,False,False,False,5,SPRING,FOG,SEVERE
MANHATTAN,2026-05-08 07:00:00,0.0,0.0,0.0,0.0,0.0,0.0,0.0,2026-05-08,7,Friday,False,True,False,5,SPRING,FOG,SEVERE
MANHATTAN,2026-05-08 08:00:00,0.0,0.0,0.0,0.0,0.0,0.0,0.0,2026-05-08,8,Friday,False,True,False,5,SPRING,FOG,SEVERE
MANHATTAN,2026-05-08 09:00:00,0.0,0.0,0.0,0.0,0.0,0.0,0.0,2026-05-08,9,Friday,False,True,False,5,SPRING,FOG,SEVERE
MANHATTAN,2026-05-08 10:00:00,0.0,0.0,0.0,0.0,0.0,0.0,0.0,2026-05-08,10,Friday,False,False,False,5,SPRING,FOG,SEVERE
MANHATTAN,2026-05-08 11:00:00,0.0,0.0,0.0,0.0,0.0,0.0,0.0,2026-05-08,11,Friday,False,False,False,5,SPRING,FOG,SEVERE
MANHATTAN,2026-05-08 12:00:00,0.0,0.0,0.0,0.0,0.0,0.0,0.0,2026-05-08,12,Friday,False,False,False,5,SPRING,FOG,SEVERE
MANHATTAN,2026-05-08 13:00:00,0.0,0.0,0.0,0.0,0.0,0.0,0.0,2026-05-08,13,Friday,False,False,False,5,SPRING,FOG,SEVERE
MANHATTAN,2026-05-08 14:00:00,0.0,0.0,0.0,0.0,0.0,0.0,0.0,2026-05-08,14,Friday,False,False,False,5,SPRING,FOG,SEVERE
MANHATTAN,2026-05-08 15:00:00,0.0,0.0,0.0,0.0,0.0,0.0,0.0,2026-05-08,15,Friday,False,False,False,5,SPRING,FOG,SEVERE
MANHATTAN,2026-05-08 16:00:00,0.0,0.0,0.0,0.0,0.0,0.0,0.0,2026-05-08,16,Friday,False,True,False,5,SPRING,FOG,SEVERE
MANHATTAN,2026-05-08 17:00:00,0.0,0.0,0.0,0.0,0.0,0.0,0.0,2026-05-08,17,Friday,False,True,False,5,SPRING,FOG,SEVERE
MANHATTAN,2026-05-08 18:00:00,0.0,0.0,0.0,0.0,0.0,0.0,0.0,2026-05-08,18,Friday,False,True,False,5,SPRING,FOG,SEVERE
MANHATTAN,2026-05-08 19:00:00,0.0,0.0,0.0,0.0,0.0,0.0,0.0,2026-05-08,19,Friday,False,True,False,5,SPRING,FOG,SEVERE
MANHATTAN,2026-05-08 20:00:00,0.0,0.0,0.0,0.0,0.0,0.0,0.0,2026-05-08,20,Friday,False,False,True,5,SPRING,FOG,SEVERE
MANHATTAN,2026-05-08 21:00:00,0.0,0.0,0.0,0.0,0.0,0.0,0.0,2026-05-08,21,Friday,False,False,True,5,SPRING,FOG,SEVERE
MANHATTAN,2026-05-08 22:00:00,0.0,0.0,0.0,0.0,0.0,0.0,0.0,2026-05-08,22,Friday,False,False,True,5,SPRING,FOG,SEVERE
MANHATTAN,2026-05-08 23:00:00,0.0,0.0,0.0,0.0,0.0,0.0,0.0,2026-05-08,23,Friday,False,False,True,5,SPRING,FOG,SEVERE
MANHATTAN,2026-05-09 00:00:00,0.0,0.0,0.0,0.0,0.0,0.0,0.0,2026-05-09,0,Saturday,True,False,True,5,SPRING,FOG,SEVERE
MANHATTAN,2026-05-09 01:00:00,0.0,0.0,0.0,0.0,0.0,0.0,0.0,2026-05-09,1,Saturday,True,False,True,5,SPRING,FOG,SEVERE
MANHATTAN,2026-05-09 02:00:00,0.0,0.0,0.0,0.0,0.0,0.0,0.0,2026-05-09,2,Saturday,True,False,True,5,SPRING,FOG,SEVERE
MANHATTAN,2026-05-09 03:00:00,0.0,0.0,0.0,0.0,0.0,0.0,0.0,2026-05-09,3,Saturday,True,False,True,5,SPRING,FOG,SEVERE
MANHATTAN,2026-05-09 04:00:00,0.0,0.0,0.0,0.0,0.0,0.0,0.0,2026-05-09,4,Saturday,True,False,True,5,SPRING,FOG,SEVERE
MANHATTAN,2026-05-09 05:00:00,0.0,0.0,0.0,0.0,0.0,0.0,0.0,2026-05-09,5,Saturday,True,False,True,5,SPRING,FOG,SEVERE
MANHATTAN,2026-05-09 06:00:00,0.0,0.0,0.0,0.0,0.0,0.0,0.0,2026-05-09,6,Saturday,True,False,False,5,SPRING,FOG,SEVERE
MANHATTAN,2026-05-09 07:00:00,0.0,0.0,0.0,0.0,0.0,0.0,0.0,2026-05-09,7,Saturday,True,True,False,5,SPRING,FOG,SEVERE
MANHATTAN,2026-05-09 08:00:00,0.0,0.0,0.0,0.0,0.0,0.0,0.0,2026-05-09,8,Saturday,True,True,False,5,SPRING,FOG,SEVERE
MANHATTAN,2026-05-09 09:00:00,0.0,0.0,0.0,0.0,0.0,0.0,0.0,2026-05-09,9,Saturday,True,True,False,5,SPRING,FOG,SEVERE
MANHATTAN,2026-05-09 10:00:00,0.0,0.0,0.0,0.0,0.0,0.0,0.0,2026-05-09,10,Saturday,True,False,False,5,SPRING,FOG,SEVERE
MANHATTAN,2026-05-09 11:00:00,0.0,0.0,0.0,0.0,0.0,0.0,0.0,2026-05-09,11,Saturday,True,False,False,5,SPRING,FOG,SEVERE
MANHATTAN,2026-05-09 12:00:00,0.0,0.0,0.0,0.0,0.0,0.0,0.0,2026-05-09,12,Saturday,True,False,False,5,SPRING,FOG,SEVERE
MANHATTAN,2026-05-09 13:00:00,0.0,0.0,0.0,0.0,0.0,0.0,0.0,2026-05-09,13,Saturday,True,False,False,5,SPRING,FOG,SEVERE
MANHATTAN,2026-05-09 14:00:00,0.0,0.0,0.0,0.0,0.0,0.0,0.0,2026-05-09,14,Saturday,True,False,False,5,SPRING,FOG,SEVERE
MANHATTAN,2026-05-09 15:00:00,0.0,0.0,0.0,0.0,0.0,0.0,0.0,2026-05-09,15,Saturday,True,False,False,5,SPRING,FOG,SEVERE
MANHATTAN,2026-05-09 16:00:00,0.0,0.0,0.0,0.0,0.0,0.0,0.0,2026-05-09,16,Saturday,True,True,False,5,SPRING,FOG,SEVERE
MANHATTAN,2026-05-09 17:00:00,0.0,0.0,0.0,0.0,0.0,0.0,0.0,2026-05-09,17,Saturday,True,True,False,5,SPRING,FOG,SEVERE
MANHATTAN,2026-05-09 18:00:00,0.0,0.0,0.0,0.0,0.0,0.0,0.0,2026-05-09,18,Saturday,True,True,False,5,SPRING,FOG,SEVERE
MANHATTAN,2026-05-09 19:00:00,16.51,0.5,24100.0,0.4,0.1,0.0,14.33,2026-05-09,19,Saturday,True,True,False,5,SPRING,RAIN,LIGHT
MANHATTAN,2026-05-09 20:00:00,15.81,0.1,24100.0,0.1,0.0,0.0,14.56,2026-05-09,20,Saturday,True,False,True,5,SPRING,RAIN,LIGHT
MANHATTAN,2026-05-09 21:00:00,14.81,0.1,24100.0,0.1,0.0,0.0,11.09,2026-05-09,21,Saturday,True,False,True,5,SPRING,RAIN,LIGHT
MANHATTAN,2026-05-09 22:00:00,15.11,0.0,22400.0,0.0,0.0,0.0,5.51,2026-05-09,22,Saturday,True,False,True,5,SPRING,CLEAR,LIGHT
MANHATTAN,2026-05-09 23:00:00,14.51,0.4,23300.0,0.4,0.0,0.0,3.89,2026-05-09,23,Saturday,True,False,True,5,SPRING,RAIN,LIGHT
MANHATTAN,2026-05-10 00:00:00,14.41,0.0,24100.0,0.0,0.0,0.0,9.34,2026-05-10,0,Sunday,True,False,True,5,SPRING,CLEAR,LIGHT
MANHATTAN,2026-05-10 01:00:00,13.61,0.0,24100.0,0.0,0.0,0.0,5.94,2026-05-10,1,Sunday,True,False,True,5,SPRING,CLEAR,LIGHT
MANHATTAN,2026-05-10 02:00:00,13.21,0.0,16700.0,0.0,0.0,0.0,7.59,2026-05-10,2,Sunday,True,False,True,5,SPRING,CLEAR,LIGHT
MANHATTAN,2026-05-10 03:00:00,12.71,0.0,9100.0,0.0,0.0,0.0,5.9,2026-05-10,3,Sunday,True,False,True,5,SPRING,CLEAR,LIGHT
MANHATTAN,2026-05-10 04:00:00,12.21,0.0,5600.0,0.0,0.0,0.0,4.55,2026-05-10,4,Sunday,True,False,True,5,SPRING,CLEAR,LIGHT
MANHATTAN,2026-05-10 05:00:00,11.81,0.0,10900.0,0.0,0.0,0.0,4.68,2026-05-10,5,Sunday,True,False,True,5,SPRING,CLEAR,LIGHT
MANHATTAN,2026-05-10 06:00:00,11.41,0.0,14600.0,0.0,0.0,0.0,0.8,2026-05-10,6,Sunday,True,False,False,5,SPRING,CLEAR,LIGHT
MANHATTAN,2026-05-10 07:00:00,11.31,0.0,24100.0,0.0,0.0,0.0,2.62,2026-05-10,7,Sunday,True,True,False,5,SPRING,CLEAR,LIGHT
MANHATTAN,2026-05-10 08:00:00,11.11,0.0,24100.0,0.0,0.0,0.0,2.16,2026-05-10,8,Sunday,True,True,False,5,SPRING,CLEAR,LIGHT
MANHATTAN,2026-05-10 09:00:00,11.01,0.0,24100.0,0.0,0.0,0.0,4.33,2026-05-10,9,Sunday,True,True,False,5,SPRING,CLEAR,LIGHT
MANHATTAN,2026-05-10 10:00:00,11.31,0.0,24100.0,0.0,0.0,0.0,4.02,2026-05-10,10,Sunday,True,False,False,5,SPRING,CLEAR,LIGHT
MANHATTAN,2026-05-10 11:00:00,11.91,0.0,24100.0,0.0,0.0,0.0,2.62,2026-05-10,11,Sunday,True,False,False,5,SPRING,CLEAR,LIGHT
MANHATTAN,2026-05-10 12:00:00,13.41,0.0,24100.0,0.0,0.0,0.0,6.88,2026-05-10,12,Sunday,True,False,False,5,SPRING,CLEAR,LIGHT
MANHATTAN,2026-05-10 13:00:00,15.11,0.0,24100.0,0.0,0.0,0.0,8.67,2026-05-10,13,Sunday,True,False,False,5,SPRING,CLEAR,LIGHT
MANHATTAN,2026-05-10 14:00:00,16.61,0.0,17100.0,0.0,0.0,0.0,10.97,2026-05-10,14,Sunday,True,False,False,5,SPRING,CLEAR,LIGHT
MANHATTAN,2026-05-10 15:00:00,18.01,0.0,16900.0,0.0,0.0,0.0,11.62,2026-05-10,15,Sunday,True,False,False,5,SPRING,CLEAR,LIGHT
MANHATTAN,2026-05-10 16:00:00,20.01,0.0,11300.0,0.0,0.0,0.0,12.4,2026-05-10,16,Sunday,True,True,False,5,SPRING,CLEAR,LIGHT
MANHATTAN,2026-05-10 17:00:00,22.51,0.0,9000.0,0.0,0.0,0.0,13.38,2026-05-10,17,Sunday,True,True,False,5,SPRING,CLEAR,LIGHT
MANHATTAN,2026-05-10 18:00:00,24.31,0.0,9100.0,0.0,0.0,0.0,15.63,2026-05-10,18,Sunday,True,True,False,5,SPRING,CLEAR,LIGHT
MANHATTAN,2026-05-10 19:00:00,23.41,0.0,14000.0,0.0,0.0,0.0,18.36,2026-05-10,19,Sunday,True,True,False,5,SPRING,CLEAR,LIGHT
MANHATTAN,2026-05-10 20:00:00,23.31,0.0,17700.0,0.0,0.0,0.0,14.29,2026-05-10,20,Sunday,True,False,True,5,SPRING,CLEAR,LIGHT
MANHATTAN,2026-05-10 21:00:00,23.81,0.0,8900.0,0.0,0.0,0.0,16.04,2026-05-10,21,Sunday,True,False,True,5,SPRING,CLEAR,LIGHT
MANHATTAN,2026-05-10 22:00:00,20.51,0.2,14800.0,0.0,0.2,0.0,18.08,2026-05-10,22,Sunday,True,False,True,5,SPRING,RAIN,LIGHT
MANHATTAN,2026-05-10 23:00:00,18.21,0.0,24100.0,0.0,0.0,0.0,14.83,2026-05-10,23,Sunday,True,False,True,5,SPRING,CLEAR,LIGHT
MANHATTAN,2026-05-11 00:00:00,18.41,0.0,24100.0,0.0,0.0,0.0,7.75,2026-05-11,0,Monday,False,False,True,5,SPRING,CLEAR,LIGHT
MANHATTAN,2026-05-11 01:00:00,18.61,0.0,24100.0,0.0,0.0,0.0,7.93,2026-05-11,1,Monday,False,False,True,5,SPRING,CLEAR,LIGHT
MANHATTAN,2026-05-11 02:00:00,17.81,0.0,21900.0,0.0,0.0,0.0,11.73,2026-05-11,2,Monday,False,False,True,5,SPRING,CLEAR,LIGHT
MANHATTAN,2026-05-11 03:00:00,17.51,0.1,24100.0,0.1,0.0,0.0,12.59,2026-05-11,3,Monday,False,False,True,5,SPRING,RAIN,LIGHT
MANHATTAN,2026-05-11 04:00:00,16.41,0.0,24100.0,0.0,0.0,0.0,17.16,2026-05-11,4,Monday,False,False,True,5,SPRING,CLEAR,LIGHT
MANHATTAN,2026-05-11 05:00:00,15.01,0.0,24100.0,0.0,0.0,0.0,21.61,2026-05-11,5,Monday,False,False,True,5,SPRING,CLEAR,LIGHT
MANHATTAN,2026-05-11 06:00:00,13.41,0.2,24100.0,0.2,0.0,0.0,15.58,2026-05-11,6,Monday,False,False,False,5,SPRING,RAIN,LIGHT
MANHATTAN,2026-05-11 07:00:00,13.01,0.0,24100.0,0.0,0.0,0.0,15.03,2026-05-11,7,Monday,False,True,False,5,SPRING,CLEAR,LIGHT
MANHATTAN,2026-05-11 08:00:00,12.61,0.0,24100.0,0.0,0.0,0.0,16.17,2026-05-11,8,Monday,False,True,False,5,SPRING,CLEAR,LIGHT
MANHATTAN,2026-05-11 09:00:00,12.11,0.0,24100.0,0.0,0.0,0.0,13.01,2026-05-11,9,Monday,False,True,False,5,SPRING,CLEAR,LIGHT
MANHATTAN,2026-05-11 10:00:00,11.71,0.0,24100.0,0.0,0.0,0.0,11.75,2026-05-11,10,Monday,False,False,False,5,SPRING,CLEAR,LIGHT
MANHATTAN,2026-05-11 11:00:00,11.81,0.0,24100.0,0.0,0.0,0.0,12.43,2026-05-11,11,Monday,False,False,False,5,SPRING,CLEAR,LIGHT
MANHATTAN,2026-05-11 12:00:00,12.51,0.0,24100.0,0.0,0.0,0.0,13.71,2026-05-11,12,Monday,False,False,False,5,SPRING,CLEAR,LIGHT
MANHATTAN,2026-05-11 13:00:00,13.41,0.0,24100.0,0.0,0.0,0.0,14.99,2026-05-11,13,Monday,False,False,False,5,SPRING,CLEAR,LIGHT
MANHATTAN,2026-05-11 14:00:00,14.61,0.0,24100.0,0.0,0.0,0.0,13.66,2026-05-11,14,Monday,False,False,False,5,SPRING,CLEAR,LIGHT
MANHATTAN,2026-05-11 15:00:00,15.21,0.0,24100.0,0.0,0.0,0.0,12.22,2026-05-11,15,Monday,False,False,False,5,SPRING,CLEAR,LIGHT
MANHATTAN,2026-05-11 16:00:00,15.81,0.0,24100.0,0.0,0.0,0.0,11.54,2026-05-11,16,Monday,False,True,False,5,SPRING,CLEAR,LIGHT
MANHATTAN,2026-05-11 17:00:00,16.01,0.0,24100.0,0.0,0.0,0.0,10.54,2026-05-11,17,Monday,False,True,False,5,SPRING,CLEAR,LIGHT
MANHATTAN,2026-05-11 18:00:00,16.21,0.0,24100.0,0.0,0.0,0.0,9.75,2026-05-11,18,Monday,False,True,False,5,SPRING,CLEAR,LIGHT
MANHATTAN,2026-05-11 19:00:00,17.01,0.0,24100.0,0.0,0.0,0.0,10.04,2026-05-11,19,Monday,False,True,False,5,SPRING,CLEAR,LIGHT
MANHATTAN,2026-05-11 20:00:00,16.91,0.0,24100.0,0.0,0.0,0.0,9.61,2026-05-11,20,Monday,False,False,True,5,SPRING,CLEAR,LIGHT
MANHATTAN,2026-05-11 21:00:00,17.01,0.0,24100.0,0.0,0.0,0.0,11.53,2026-05-11,21,Monday,False,False,True,5,SPRING,CLEAR,LIGHT
MANHATTAN,2026-05-11 22:00:00,17.21,0.0,24100.0,0.0,0.0,0.0,13.08,2026-05-11,22,Monday,False,False,True,5,SPRING,CLEAR,LIGHT
MANHATTAN,2026-05-11 23:00:00,16.71,0.0,24100.0,0.0,0.0,0.0,11.89,2026-05-11,23,Monday,False,False,True,5,SPRING,CLEAR,LIGHT
MANHATTAN,2026-05-12 00:00:00,15.71,0.0,24100.0,0.0,0.0,0.0,2.97,2026-05-12,0,Tuesday,False,False,True,5,SPRING,CLEAR,LIGHT
MANHATTAN,2026-05-12 01:00:00,15.31,0.0,24100.0,0.0,0.0,0.0,2.97,2026-05-12,1,Tuesday,False,False,True,5,SPRING,CLEAR,LIGHT
MANHATTAN,2026-05-12 02:00:00,15.31,0.0,24100.0,0.0,0.0,0.0,9.66,2026-05-12,2,Tuesday,False,False,True,5,SPRING,CLEAR,LIGHT
MANHATTAN,2026-05-12 03:00:00,13.41,0.0,24100.0,0.0,0.0,0.0,21.18,2026-05-12,3,Tuesday,False,False,True,5,SPRING,CLEAR,LIGHT
MANHATTAN,2026-05-12 04:00:00,11.91,0.0,24100.0,0.0,0.0,0.0,21.29,2026-05-12,4,Tuesday,False,False,True,5,SPRING,CLEAR,LIGHT
MANHATTAN,2026-05-12 05:00:00,11.11,0.0,24100.0,0.0,0.0,0.0,17.73,2026-05-12,5,Tuesday,False,False,True,5,SPRING,CLEAR,LIGHT
MANHATTAN,2026-05-12 06:00:00,11.71,0.0,24100.0,0.0,0.0,0.0,17.73,2026-05-12,6,Tuesday,False,False,False,5,SPRING,CLEAR,LIGHT
MANHATTAN,2026-05-12 07:00:00,10.11,0.0,24100.0,0.0,0.0,0.0,16.58,2026-05-12,7,Tuesday,False,True,False,5,SPRING,CLEAR,LIGHT
MANHATTAN,2026-05-12 08:00:00,9.21,0.0,24100.0,0.0,0.0,0.0,15.78,2026-05-12,8,Tuesday,False,True,False,5,SPRING,CLEAR,LIGHT
MANHATTAN,2026-05-12 09:00:00,8.71,0.0,24100.0,0.0,0.0,0.0,10.83,2026-05-12,9,Tuesday,False,True,False,5,SPRING,CLEAR,LIGHT
MANHATTAN,2026-05-12 10:00:00,8.51,0.0,24100.0,0.0,0.0,0.0,11.21,2026-05-12,10,Tuesday,False,False,False,5,SPRING,CLEAR,LIGHT
MANHATTAN,2026-05-12 11:00:00,9.01,0.0,24100.0,0.0,0.0,0.0,10.64,2026-05-12,11,Tuesday,False,False,False,5,SPRING,CLEAR,LIGHT
MANHATTAN,2026-05-12 12:00:00,11.01,0.0,24100.0,0.0,0.0,0.0,12.07,2026-05-12,12,Tuesday,False,False,False,5,SPRING,CLEAR,LIGHT
MANHATTAN,2026-05-12 13:00:00,12.41,0.0,24100.0,0.0,0.0,0.0,13.7,2026-05-12,13,Tuesday,False,False,False,5,SPRING,CLEAR,LIGHT
MANHATTAN,2026-05-12 14:00:00,13.81,0.0,24100.0,0.0,0.0,0.0,12.62,2026-05-12,14,Tuesday,False,False,False,5,SPRING,CLEAR,LIGHT
MANHATTAN,2026-05-12 15:00:00,15.11,0.0,24100.0,0.0,0.0,0.0,11.97,2026-05-12,15,Tuesday,False,False,False,5,SPRING,CLEAR,LIGHT
MANHATTAN,2026-05-12 16:00:00,16.51,0.0,24100.0,0.0,0.0,0.0,11.17,2026-05-12,16,Tuesday,False,True,False,5,SPRING,CLEAR,LIGHT
MANHATTAN,2026-05-12 17:00:00,17.61,0.0,24100.0,0.0,0.0,0.0,11.49,2026-05-12,17,Tuesday,False,True,False,5,SPRING,CLEAR,LIGHT
MANHATTAN,2026-05-12 18:00:00,18.61,0.0,24100.0,0.0,0.0,0.0,11.25,2026-05-12,18,Tuesday,False,True,False,5,SPRING,CLEAR,LIGHT
MANHATTAN,2026-05-12 19:00:00,19.31,0.0,24100.0,0.0,0.0,0.0,11.73,2026-05-12,19,Tuesday,False,True,False,5,SPRING,CLEAR,LIGHT
MANHATTAN,2026-05-12 20:00:00,19.71,0.0,24100.0,0.0,0.0,0.0,13.2,2026-05-12,20,Tuesday,False,False,True,5,SPRING,CLEAR,LIGHT
MANHATTAN,2026-05-12 21:00:00,19.81,0.0,24100.0,0.0,0.0,0.0,14.92,2026-05-12,21,Tuesday,False,False,True,5,SPRING,CLEAR,LIGHT
MANHATTAN,2026-05-12 22:00:00,18.21,0.0,24100.0,0.0,0.0,0.0,18.84,2026-05-12,22,Tuesday,False,False,True,5,SPRING,CLEAR,LIGHT
MANHATTAN,2026-05-12 23:00:00,16.51,0.0,24100.0,0.0,0.0,0.0,13.0,2026-05-12,23,Tuesday,False,False,True,5,SPRING,CLEAR,LIGHT
MANHATTAN,2026-05-13 00:00:00,16.91,0.0,24100.0,0.0,0.0,0.0,10.08,2026-05-13,0,Wednesday,False,False,True,5,SPRING,CLEAR,LIGHT
MANHATTAN,2026-05-13 01:00:00,15.01,0.0,24100.0,0.0,0.0,0.0,17.06,2026-05-13,1,Wednesday,False,False,True,5,SPRING,CLEAR,LIGHT
MANHATTAN,2026-05-13 02:00:00,14.41,0.0,24100.0,0.0,0.0,0.0,16.3,2026-05-13,2,Wednesday,False,False,True,5,SPRING,CLEAR,LIGHT
MANHATTAN,2026-05-13 03:00:00,13.91,0.0,24100.0,0.0,0.0,0.0,15.18,2026-05-13,3,Wednesday,False,False,True,5,SPRING,CLEAR,LIGHT
MANHATTAN,2026-05-13 04:00:00,13.51,0.0,24100.0,0.0,0.0,0.0,14.0,2026-05-13,4,Wednesday,False,False,True,5,SPRING,CLEAR,LIGHT
MANHATTAN,2026-05-13 05:00:00,13.21,0.0,24100.0,0.0,0.0,0.0,13.09,2026-05-13,5,Wednesday,False,False,True,5,SPRING,CLEAR,LIGHT
MANHATTAN,2026-05-13 06:00:00,12.91,0.0,24100.0,0.0,0.0,0.0,11.63,2026-05-13,6,Wednesday,False,False,False,5,SPRING,CLEAR,LIGHT
MANHATTAN,2026-05-13 07:00:00,12.61,0.0,24100.0,0.0,0.0,0.0,11.72,2026-05-13,7,Wednesday,False,True,False,5,SPRING,CLEAR,LIGHT
MANHATTAN,2026-05-13 08:00:00,12.41,0.0,24100.0,0.0,0.0,0.0,12.29,2026-05-13,8,Wednesday,False,True,False,5,SPRING,CLEAR,LIGHT
MANHATTAN,2026-05-13 09:00:00,12.31,0.0,24100.0,0.0,0.0,0.0,11.9,2026-05-13,9,Wednesday,False,True,False,5,SPRING,CLEAR,LIGHT
MANHATTAN,2026-05-13 10:00:00,12.71,0.0,24100.0,0.0,0.0,0.0,13.0,2026-05-13,10,Wednesday,False,False,False,5,SPRING,CLEAR,LIGHT
MANHATTAN,2026-05-13 11:00:00,13.31,0.0,24100.0,0.0,0.0,0.0,13.0,2026-05-13,11,Wednesday,False,False,False,5,SPRING,CLEAR,LIGHT
MANHATTAN,2026-05-13 12:00:00,14.51,0.0,24100.0,0.0,0.0,0.0,16.33,2026-05-13,12,Wednesday,False,False,False,5,SPRING,CLEAR,LIGHT
MANHATTAN,2026-05-13 13:00:00,15.81,0.0,24100.0,0.0,0.0,0.0,17.88,2026-05-13,13,Wednesday,False,False,False,5,SPRING,CLEAR,LIGHT
MANHATTAN,2026-05-13 14:00:00,17.91,0.0,24100.0,0.0,0.0,0.0,19.51,2026-05-13,14,Wednesday,False,False,False,5,SPRING,CLEAR,LIGHT
MANHATTAN,2026-05-13 15:00:00,20.21,0.0,24100.0,0.0,0.0,0.0,22.22,2026-05-13,15,Wednesday,False,False,False,5,SPRING,CLEAR,LIGHT
MANHATTAN,2026-05-13 16:00:00,21.91,0.0,24100.0,0.0,0.0,0.0,25.87,2026-05-13,16,Wednesday,False,True,False,5,SPRING,CLEAR,LIGHT
MANHATTAN,2026-05-13 17:00:00,23.21,0.0,24100.0,0.0,0.0,0.0,26.34,2026-05-13,17,Wednesday,False,True,False,5,SPRING,CLEAR,LIGHT
MANHATTAN,2026-05-13 18:00:00,24.01,0.0,24100.0,0.0,0.0,0.0,25.85,2026-05-13,18,Wednesday,False,True,False,5,SPRING,CLEAR,LIGHT
MANHATTAN,2026-05-13 19:00:00,22.81,0.0,24100.0,0.0,0.0,0.0,28.8,2026-05-13,19,Wednesday,False,True,False,5,SPRING,CLEAR,LIGHT
MANHATTAN,2026-05-13 20:00:00,19.61,0.0,24100.0,0.0,0.0,0.0,26.76,2026-05-13,20,Wednesday,False,False,True,5,SPRING,CLEAR,LIGHT
MANHATTAN,2026-05-13 21:00:00,19.21,0.0,24100.0,0.0,0.0,0.0,27.87,2026-05-13,21,Wednesday,False,False,True,5,SPRING,CLEAR,LIGHT
MANHATTAN,2026-05-13 22:00:00,19.71,0.0,24100.0,0.0,0.0,0.0,30.68,2026-05-13,22,Wednesday,False,False,True,5,SPRING,WIND,MODERATE
MANHATTAN,2026-05-13 23:00:00,18.51,0.0,24100.0,0.0,0.0,0.0,29.53,2026-05-13,23,Wednesday,False,False,True,5,SPRING,CLEAR,LIGHT
MANHATTAN,2026-05-14 00:00:00,17.11,0.0,24100.0,0.0,0.0,0.0,25.94,2026-05-14,0,Thursday,False,False,True,5,SPRING,CLEAR,LIGHT
MANHATTAN,2026-05-14 01:00:00,16.31,0.0,24100.0,0.0,0.0,0.0,23.98,2026-05-14,1,Thursday,False,False,True,5,SPRING,CLEAR,LIGHT
MANHATTAN,2026-05-14 02:00:00,15.41,0.0,24100.0,0.0,0.0,0.0,20.91,2026-05-14,2,Thursday,False,False,True,5,SPRING,CLEAR,LIGHT
MANHATTAN,2026-05-14 03:00:00,14.91,0.0,19400.0,0.0,0.0,0.0,19.13,2026-05-14,3,Thursday,False,False,True,5,SPRING,CLEAR,LIGHT
MANHATTAN,2026-05-14 04:00:00,14.61,0.2,23900.0,0.0,0.2,0.0,15.94,2026-05-14,4,Thursday,False,False,True,5,SPRING,RAIN,LIGHT
MANHATTAN,2026-05-14 05:00:00,14.41,0.3,18200.0,0.10000001,0.2,0.0,14.92,2026-05-14,5,Thursday,False,False,True,5,SPRING,RAIN,LIGHT
MANHATTAN,2026-05-14 06:00:00,14.41,0.2,14100.0,0.2,0.0,0.0,12.29,2026-05-14,6,Thursday,False,False,False,5,SPRING,RAIN,LIGHT
MANHATTAN,2026-05-14 07:00:00,13.41,2.4,24100.0,2.4,0.0,0.0,5.19,2026-05-14,7,Thursday,False,True,False,5,SPRING,RAIN,LIGHT
MANHATTAN,2026-05-14 08:00:00,13.51,0.1,24100.0,0.1,0.0,0.0,5.09,2026-05-14,8,Thursday,False,True,False,5,SPRING,RAIN,LIGHT
MANHATTAN,2026-05-14 09:00:00,13.51,0.0,24100.0,0.0,0.0,0.0,3.1,2026-05-14,9,Thursday,False,True,False,5,SPRING,CLEAR,LIGHT
MANHATTAN,2026-05-14 10:00:00,13.21,0.0,24100.0,0.0,0.0,0.0,3.96,2026-05-14,10,Thursday,False,False,False,5,SPRING,CLEAR,LIGHT
MANHATTAN,2026-05-14 11:00:00,13.81,0.0,24100.0,0.0,0.0,0.0,6.13,2026-05-14,11,Thursday,False,False,False,5,SPRING,CLEAR,LIGHT
MANHATTAN,2026-05-14 12:00:00,14.11,0.0,24100.0,0.0,0.0,0.0,10.0,2026-05-14,12,Thursday,False,False,False,5,SPRING,CLEAR,LIGHT
MANHATTAN,2026-05-14 13:00:00,14.61,0.0,24100.0,0.0,0.0,0.0,10.51,2026-05-14,13,Thursday,False,False,False,5,SPRING,CLEAR,LIGHT
MANHATTAN,2026-05-14 14:00:00,15.41,0.0,24100.0,0.0,0.0,0.0,12.18,2026-05-14,14,Thursday,False,False,False,5,SPRING,CLEAR,LIGHT
MANHATTAN,2026-05-14 15:00:00,16.61,0.0,24100.0,0.0,0.0,0.0,11.72,2026-05-14,15,Thursday,False,False,False,5,SPRING,CLEAR,LIGHT
MANHATTAN,2026-05-14 16:00:00,17.91,0.0,24100.0,0.0,0.0,0.0,10.09,2026-05-14,16,Thursday,False,True,False,5,SPRING,CLEAR,LIGHT
MANHATTAN,2026-05-14 17:00:00,19.41,0.0,24100.0,0.0,0.0,0.0,7.34,2026-05-14,17,Thursday,False,True,False,5,SPRING,CLEAR,LIGHT
MANHATTAN,2026-05-14 18:00:00,20.51,0.0,24100.0,0.0,0.0,0.0,10.59,2026-05-14,18,Thursday,False,True,False,5,SPRING,CLEAR,LIGHT
MANHATTAN,2026-05-14 19:00:00,16.21,0.1,24100.0,0.1,0.0,0.0,17.94,2026-05-14,19,Thursday,False,True,False,5,SPRING,RAIN,LIGHT
MANHATTAN,2026-05-14 20:00:00,17.01,0.0,24100.0,0.0,0.0,0.0,6.73,2026-05-14,20,Thursday,False,False,True,5,SPRING,CLEAR,LIGHT
MANHATTAN,2026-05-14 21:00:00,19.11,0.0,24100.0,0.0,0.0,0.0,5.35,2026-05-14,21,Thursday,False,False,True,5,SPRING,CLEAR,LIGHT
MANHATTAN,2026-05-14 22:00:00,18.41,0.0,24100.0,0.0,0.0,0.0,17.11,2026-05-14,22,Thursday,False,False,True,5,SPRING,CLEAR,LIGHT
MANHATTAN,2026-05-14 23:00:00,16.41,0.0,24100.0,0.0,0.0,0.0,23.47,2026-05-14,23,Thursday,False,False,True,5,SPRING,CLEAR,LIGHT
MANHATTAN,2026-05-15 00:00:00,15.61,0.0,24100.0,0.0,0.0,0.0,17.21,2026-05-15,0,Friday,False,False,True,5,SPRING,CLEAR,LIGHT
MANHATTAN,2026-05-15 01:00:00,15.01,0.0,24100.0,0.0,0.0,0.0,17.38,2026-05-15,1,Friday,False,False,True,5,SPRING,CLEAR,LIGHT
MANHATTAN,2026-05-15 02:00:00,14.06,0.0,24100.0,0.0,0.0,0.0,17.65,2026-05-15,2,Friday,False,False,True,5,SPRING,CLEAR,LIGHT
MANHATTAN,2026-05-15 03:00:00,13.01,0.0,24100.0,0.0,0.0,0.0,17.58,2026-05-15,3,Friday,False,False,True,5,SPRING,CLEAR,LIGHT
MANHATTAN,2026-05-15 04:00:00,12.11,0.0,24100.0,0.0,0.0,0.0,17.31,2026-05-15,4,Friday,False,False,True,5,SPRING,CLEAR,LIGHT
MANHATTAN,2026-05-15 05:00:00,11.01,0.0,24100.0,0.0,0.0,0.0,16.09,2026-05-15,5,Friday,False,False,True,5,SPRING,CLEAR,LIGHT
MANHATTAN,2026-05-15 06:00:00,10.31,0.0,22200.0,0.0,0.0,0.0,14.4,2026-05-15,6,Friday,False,False,False,5,SPRING,CLEAR,LIGHT
MANHATTAN,2026-05-15 07:00:00,9.91,0.0,24100.0,0.0,0.0,0.0,13.49,2026-05-15,7,Friday,False,True,False,5,SPRING,CLEAR,LIGHT
MANHATTAN,2026-05-15 08:00:00,9.81,0.0,22600.0,0.0,0.0,0.0,12.73,2026-05-15,8,Friday,False,True,False,5,SPRING,CLEAR,LIGHT
MANHATTAN,2026-05-15 09:00:00,9.71,0.0,24100.0,0.0,0.0,0.0,11.72,2026-05-15,9,Friday,False,True,False,5,SPRING,CLEAR,LIGHT
MANHATTAN,2026-05-15 10:00:00,9.81,0.0,24100.0,0.0,0.0,0.0,12.26,2026-05-15,10,Friday,False,False,False,5,SPRING,CLEAR,LIGHT
MANHATTAN,2026-05-15 11:00:00,10.91,0.0,24100.0,0.0,0.0,0.0,15.91,2026-05-15,11,Friday,False,False,False,5,SPRING,CLEAR,LIGHT
MANHATTAN,2026-05-15 12:00:00,12.81,0.0,24100.0,0.0,0.0,0.0,17.07,2026-05-15,12,Friday,False,False,False,5,SPRING,CLEAR,LIGHT
MANHATTAN,2026-05-15 13:00:00,14.81,0.0,24100.0,0.0,0.0,0.0,16.27,2026-05-15,13,Friday,False,False,False,5,SPRING,CLEAR,LIGHT
MANHATTAN,2026-05-15 14:00:00,15.71,0.0,24100.0,0.0,0.0,0.0,18.39,2026-05-15,14,Friday,False,False,False,5,SPRING,CLEAR,LIGHT
MANHATTAN,2026-05-15 15:00:00,16.11,0.0,24100.0,0.0,0.0,0.0,15.81,2026-05-15,15,Friday,False,False,False,5,SPRING,CLEAR,LIGHT
MANHATTAN,2026-05-15 16:00:00,18.21,0.0,24100.0,0.0,0.0,0.0,16.06,2026-05-15,16,Friday,False,True,False,5,SPRING,CLEAR,LIGHT
MANHATTAN,2026-05-15 17:00:00,18.61,0.0,24100.0,0.0,0.0,0.0,21.64,2026-05-15,17,Friday,False,True,False,5,SPRING,CLEAR,LIGHT
MANHATTAN,2026-05-15 18:00:00,16.81,0.0,24100.0,0.0,0.0,0.0,19.73,2026-05-15,18,Friday,False,True,False,5,SPRING,CLEAR,LIGHT
MANHATTAN,2026-05-15 19:00:00,18.81,0.0,24100.0,0.0,0.0,0.0,13.58,2026-05-15,19,Friday,False,True,False,5,SPRING,CLEAR,LIGHT
MANHATTAN,2026-05-15 20:00:00,19.91,0.0,24100.0,0.0,0.0,0.0,13.1,2026-05-15,20,Friday,False,False,True,5,SPRING,CLEAR,LIGHT
MANHATTAN,2026-05-15 21:00:00,20.01,0.0,24100.0,0.0,0.0,0.0,15.38,2026-05-15,21,Friday,False,False,True,5,SPRING,CLEAR,LIGHT
MANHATTAN,2026-05-15 22:00:00,19.71,0.0,24100.0,0.0,0.0,0.0,15.51,2026-05-15,22,Friday,False,False,True,5,SPRING,CLEAR,LIGHT
MANHATTAN,2026-05-15 23:00:00,18.81,0.0,24100.0,0.0,0.0,0.0,14.69,2026-05-15,23,Friday,False,False,True,5,SPRING,CLEAR,LIGHT
MANHATTAN,2026-05-16 00:00:00,18.51,0.0,24100.0,0.0,0.0,0.0,13.0,2026-05-16,0,Saturday,True,False,True,5,SPRING,CLEAR,LIGHT
MANHATTAN,2026-05-16 01:00:00,17.81,0.0,24100.0,0.0,0.0,0.0,10.63,2026-05-16,1,Saturday,True,False,True,5,SPRING,CLEAR,LIGHT
MANHATTAN,2026-05-16 02:00:00,16.81,0.0,24100.0,0.0,0.0,0.0,7.95,2026-05-16,2,Saturday,True,False,True,5,SPRING,CLEAR,LIGHT
MANHATTAN,2026-05-16 03:00:00,16.11,0.0,24100.0,0.0,0.0,0.0,6.19,2026-05-16,3,Saturday,True,False,True,5,SPRING,CLEAR,LIGHT
MANHATTAN,2026-05-16 04:00:00,15.31,0.0,24100.0,0.0,0.0,0.0,4.9,2026-05-16,4,Saturday,True,False,True,5,SPRING,CLEAR,LIGHT
MANHATTAN,2026-05-16 05:00:00,14.81,0.0,24100.0,0.0,0.0,0.0,3.1,2026-05-16,5,Saturday,True,False,True,5,SPRING,CLEAR,LIGHT
MANHATTAN,2026-05-16 06:00:00,14.21,0.0,24100.0,0.0,0.0,0.0,4.68,2026-05-16,6,Saturday,True,False,False,5,SPRING,CLEAR,LIGHT
MANHATTAN,2026-05-16 07:00:00,13.81,0.0,24100.0,0.0,0.0,0.0,5.76,2026-05-16,7,Saturday,True,True,False,5,SPRING,CLEAR,LIGHT
MANHATTAN,2026-05-16 08:00:00,13.41,0.0,24100.0,0.0,0.0,0.0,6.13,2026-05-16,8,Saturday,True,True,False,5,SPRING,CLEAR,LIGHT
MANHATTAN,2026-05-16 09:00:00,13.01,0.0,24100.0,0.0,0.0,0.0,5.05,2026-05-16,9,Saturday,True,True,False,5,SPRING,CLEAR,LIGHT
MANHATTAN,2026-05-16 10:00:00,13.01,0.0,24100.0,0.0,0.0,0.0,5.04,2026-05-16,10,Saturday,True,False,False,5,SPRING,CLEAR,LIGHT
MANHATTAN,2026-05-16 11:00:00,14.21,0.0,24100.0,0.0,0.0,0.0,5.51,2026-05-16,11,Saturday,True,False,False,5,SPRING,CLEAR,LIGHT
MANHATTAN,2026-05-16 12:00:00,16.61,0.0,24100.0,0.0,0.0,0.0,7.93,2026-05-16,12,Saturday,True,False,False,5,SPRING,CLEAR,LIGHT
MANHATTAN,2026-05-16 13:00:00,18.81,0.0,24100.0,0.0,0.0,0.0,11.02,2026-05-16,13,Saturday,True,False,False,5,SPRING,CLEAR,LIGHT
MANHATTAN,2026-05-16 14:00:00,20.71,0.0,24100.0,0.0,0.0,0.0,13.89,2026-05-16,14,Saturday,True,False,False,5,SPRING,CLEAR,LIGHT
MANHATTAN,2026-05-16 15:00:00,22.91,0.0,24100.0,0.0,0.0,0.0,16.14,2026-05-16,15,Saturday,True,False,False,5,SPRING,CLEAR,LIGHT
MANHATTAN,2026-05-16 16:00:00,24.81,0.0,24100.0,0.0,0.0,0.0,20.07,2026-05-16,16,Saturday,True,True,False,5,SPRING,CLEAR,LIGHT
MANHATTAN,2026-05-16 17:00:00,25.91,0.0,24100.0,0.0,0.0,0.0,20.97,2026-05-16,17,Saturday,True,True,False,5,SPRING,CLEAR,LIGHT
MANHATTAN,2026-05-16 18:00:00,26.71,0.0,18900.0,0.0,0.0,0.0,21.9,2026-05-16,18,Saturday,True,True,False,5,SPRING,CLEAR,LIGHT
MANHATTAN,2026-05-16 19:00:00,27.31,0.0,24100.0,0.0,0.0,0.0,20.63,2026-05-16,19,Saturday,True,True,False,5,SPRING,CLEAR,LIGHT
MANHATTAN,2026-05-16 20:00:00,27.61,0.0,24100.0,0.0,0.0,0.0,19.19,2026-05-16,20,Saturday,True,False,True,5,SPRING,CLEAR,LIGHT
MANHATTAN,2026-05-16 21:00:00,27.91,0.0,24100.0,0.0,0.0,0.0,19.88,2026-05-16,21,Saturday,True,False,True,5,SPRING,CLEAR,LIGHT
MANHATTAN,2026-05-16 22:00:00,27.51,0.0,24100.0,0.0,0.0,0.0,22.67,2026-05-16,22,Saturday,True,False,True,5,SPRING,CLEAR,LIGHT
MANHATTAN,2026-05-16 23:00:00,25.81,0.0,24100.0,0.0,0.0,0.0,22.09,2026-05-16,23,Saturday,True,False,True,5,SPRING,CLEAR,LIGHT
MANHATTAN,2026-05-17 00:00:00,24.01,0.0,24100.0,0.0,0.0,0.0,17.4,2026-05-17,0,Sunday,True,False,True,5,SPRING,CLEAR,LIGHT
MANHATTAN,2026-05-17 01:00:00,23.41,0.0,24100.0,0.0,0.0,0.0,14.77,2026-05-17,1,Sunday,True,False,True,5,SPRING,CLEAR,LIGHT
MANHATTAN,2026-05-17 02:00:00,22.81,0.0,24100.0,0.0,0.0,0.0,13.83,2026-05-17,2,Sunday,True,False,True,5,SPRING,CLEAR,LIGHT
MANHATTAN,2026-05-17 03:00:00,22.01,0.0,24100.0,0.0,0.0,0.0,14.39,2026-05-17,3,Sunday,True,False,True,5,SPRING,CLEAR,LIGHT
MANHATTAN,2026-05-17 04:00:00,21.31,0.0,24100.0,0.0,0.0,0.0,16.04,2026-05-17,4,Sunday,True,False,True,5,SPRING,CLEAR,LIGHT
MANHATTAN,2026-05-17 05:00:00,20.41,0.0,24100.0,0.0,0.0,0.0,12.6,2026-05-17,5,Sunday,True,False,True,5,SPRING,CLEAR,LIGHT
MANHATTAN,2026-05-17 06:00:00,20.21,0.0,24100.0,0.0,0.0,0.0,13.89,2026-05-17,6,Sunday,True,False,False,5,SPRING,CLEAR,LIGHT
MANHATTAN,2026-05-17 07:00:00,19.71,0.0,24100.0,0.0,0.0,0.0,13.49,2026-05-17,7,Sunday,True,True,False,5,SPRING,CLEAR,LIGHT
MANHATTAN,2026-05-17 08:00:00,18.91,0.0,24100.0,0.0,0.0,0.0,11.01,2026-05-17,8,Sunday,True,True,False,5,SPRING,CLEAR,LIGHT
MANHATTAN,2026-05-17 09:00:00,18.31,0.0,24100.0,0.0,0.0,0.0,9.69,2026-05-17,9,Sunday,True,True,False,5,SPRING,CLEAR,LIGHT
MANHATTAN,2026-05-17 10:00:00,17.91,0.0,24100.0,0.0,0.0,0.0,8.47,2026-05-17,10,Sunday,True,False,False,5,SPRING,CLEAR,LIGHT
MANHATTAN,2026-05-17 11:00:00,18.91,0.0,24100.0,0.0,0.0,0.0,9.47,2026-05-17,11,Sunday,True,False,False,5,SPRING,CLEAR,LIGHT
MANHATTAN,2026-05-17 12:00:00,20.71,0.0,24100.0,0.0,0.0,0.0,11.04,2026-05-17,12,Sunday,True,False,False,5,SPRING,CLEAR,LIGHT
MANHATTAN,2026-05-17 13:00:00,22.61,0.0,24100.0,0.0,0.0,0.0,10.32,2026-05-17,13,Sunday,True,False,False,5,SPRING,CLEAR,LIGHT
MANHATTAN,2026-05-17 14:00:00,24.81,0.0,24100.0,0.0,0.0,0.0,10.32,2026-05-17,14,Sunday,True,False,False,5,SPRING,CLEAR,LIGHT
MANHATTAN,2026-05-17 15:00:00,27.11,0.0,24100.0,0.0,0.0,0.0,10.09,2026-05-17,15,Sunday,True,False,False,5,SPRING,CLEAR,LIGHT
MANHATTAN,2026-05-17 16:00:00,29.21,0.0,24100.0,0.0,0.0,0.0,9.18,2026-05-17,16,Sunday,True,True,False,5,SPRING,CLEAR,LIGHT
MANHATTAN,2026-05-17 17:00:00,30.91,0.0,24100.0,0.0,0.0,0.0,11.54,2026-05-17,17,Sunday,True,True,False,5,SPRING,CLEAR,LIGHT
MANHATTAN,2026-05-17 18:00:00,31.71,0.0,24100.0,0.0,0.0,0.0,14.53,2026-05-17,18,Sunday,True,True,False,5,SPRING,CLEAR,LIGHT
MANHATTAN,2026-05-17 19:00:00,32.41,0.0,24100.0,0.0,0.0,0.0,17.21,2026-05-17,19,Sunday,True,True,False,5,SPRING,CLEAR,LIGHT
MANHATTAN,2026-05-17 20:00:00,32.11,0.0,24100.0,0.0,0.0,0.0,18.22,2026-05-17,20,Sunday,True,False,True,5,SPRING,CLEAR,LIGHT
MANHATTAN,2026-05-17 21:00:00,32.01,0.0,24100.0,0.0,0.0,0.0,17.1,2026-05-17,21,Sunday,True,False,True,5,SPRING,CLEAR,LIGHT
MANHATTAN,2026-05-17 22:00:00,31.21,0.0,24100.0,0.0,0.0,0.0,15.5,2026-05-17,22,Sunday,True,False,True,5,SPRING,CLEAR,LIGHT
MANHATTAN,2026-05-17 23:00:00,30.11,0.0,24100.0,0.0,0.0,0.0,13.85,2026-05-17,23,Sunday,True,False,True,5,SPRING,CLEAR,LIGHT
MANHATTAN,2026-05-18 00:00:00,28.91,0.0,24100.0,0.0,0.0,0.0,11.27,2026-05-18,0,Monday,False,False,True,5,SPRING,CLEAR,LIGHT
MANHATTAN,2026-05-18 01:00:00,27.61,0.0,24100.0,0.0,0.0,0.0,11.04,2026-05-18,1,Monday,False,False,True,5,SPRING,CLEAR,LIGHT
MANHATTAN,2026-05-18 02:00:00,26.41,0.0,24100.0,0.0,0.0,0.0,10.5,2026-05-18,2,Monday,False,False,True,5,SPRING,CLEAR,LIGHT
MANHATTAN,2026-05-18 03:00:00,25.61,0.0,24100.0,0.0,0.0,0.0,9.5,2026-05-18,3,Monday,False,False,True,5,SPRING,CLEAR,LIGHT
MANHATTAN,2026-05-18 04:00:00,24.61,0.0,24100.0,0.0,0.0,0.0,9.29,2026-05-18,4,Monday,False,False,True,5,SPRING,CLEAR,LIGHT
MANHATTAN,2026-05-18 05:00:00,23.91,0.0,24100.0,0.0,0.0,0.0,8.21,2026-05-18,5,Monday,False,False,True,5,SPRING,CLEAR,LIGHT
MANHATTAN,2026-05-18 06:00:00,22.91,0.0,24100.0,0.0,0.0,0.0,5.96,2026-05-18,6,Monday,False,False,False,5,SPRING,CLEAR,LIGHT
MANHATTAN,2026-05-18 07:00:00,22.31,0.0,24100.0,0.0,0.0,0.0,3.76,2026-05-18,7,Monday,False,True,False,5,SPRING,CLEAR,LIGHT
MANHATTAN,2026-05-18 08:00:00,21.81,0.0,24100.0,0.0,0.0,0.0,6.13,2026-05-18,8,Monday,False,True,False,5,SPRING,CLEAR,LIGHT
MANHATTAN,2026-05-18 09:00:00,21.31,0.0,24100.0,0.0,0.0,0.0,6.49,2026-05-18,9,Monday,False,True,False,5,SPRING,CLEAR,LIGHT
MANHATTAN,2026-05-18 10:00:00,21.01,0.0,24100.0,0.0,0.0,0.0,3.6,2026-05-18,10,Monday,False,False,False,5,SPRING,CLEAR,LIGHT
MANHATTAN,2026-05-18 11:00:00,22.11,0.0,24100.0,0.0,0.0,0.0,5.32,2026-05-18,11,Monday,False,False,False,5,SPRING,CLEAR,LIGHT
MANHATTAN,2026-05-18 12:00:00,24.11,0.2,24100.0,0.0,0.2,0.0,4.2,2026-05-18,12,Monday,False,False,False,5,SPRING,RAIN,LIGHT
MANHATTAN,2026-05-18 13:00:00,26.41,0.0,24100.0,0.0,0.0,0.0,5.94,2026-05-18,13,Monday,False,False,False,5,SPRING,CLEAR,LIGHT
MANHATTAN,2026-05-18 14:00:00,28.51,0.0,24100.0,0.0,0.0,0.0,8.56,2026-05-18,14,Monday,False,False,False,5,SPRING,CLEAR,LIGHT
MANHATTAN,2026-05-18 15:00:00,30.21,0.0,19800.0,0.0,0.0,0.0,11.3,2026-05-18,15,Monday,False,False,False,5,SPRING,CLEAR,LIGHT
MANHATTAN,2026-05-18 16:00:00,31.41,0.0,16500.0,0.0,0.0,0.0,14.92,2026-05-18,16,Monday,False,True,False,5,SPRING,CLEAR,LIGHT
MANHATTAN,2026-05-18 17:00:00,32.31,0.0,16300.0,0.0,0.0,0.0,16.22,2026-05-18,17,Monday,False,True,False,5,SPRING,CLEAR,LIGHT
MANHATTAN,2026-05-18 18:00:00,32.91,0.0,16500.0,0.0,0.0,0.0,18.75,2026-05-18,18,Monday,False,True,False,5,SPRING,CLEAR,LIGHT
MANHATTAN,2026-05-18 19:00:00,32.21,0.0,16700.0,0.0,0.0,0.0,20.6,2026-05-18,19,Monday,False,True,False,5,SPRING,CLEAR,LIGHT
MANHATTAN,2026-05-18 20:00:00,31.31,0.0,17300.0,0.0,0.0,0.0,20.01,2026-05-18,20,Monday,False,False,True,5,SPRING,CLEAR,LIGHT
MANHATTAN,2026-05-18 21:00:00,30.31,0.0,19500.0,0.0,0.0,0.0,20.62,2026-05-18,21,Monday,False,False,True,5,SPRING,CLEAR,LIGHT
MANHATTAN,2026-05-18 22:00:00,29.11,0.0,24100.0,0.0,0.0,0.0,19.35,2026-05-18,22,Monday,False,False,True,5,SPRING,CLEAR,LIGHT
MANHATTAN,2026-05-18 23:00:00,27.41,0.0,24100.0,0.0,0.0,0.0,17.3,2026-05-18,23,Monday,False,False,True,5,SPRING,CLEAR,LIGHT
MANHATTAN,2026-05-19 00:00:00,25.71,0.0,24100.0,0.0,0.0,0.0,17.06,2026-05-19,0,Tuesday,False,False,True,5,SPRING,CLEAR,LIGHT
MANHATTAN,2026-05-19 01:00:00,26.61,0.0,24100.0,0.0,0.0,0.0,15.23,2026-05-19,1,Tuesday,False,False,True,5,SPRING,CLEAR,LIGHT
MANHATTAN,2026-05-19 02:00:00,27.11,0.0,24100.0,0.0,0.0,0.0,17.78,2026-05-19,2,Tuesday,False,False,True,5,SPRING,CLEAR,LIGHT
MANHATTAN,2026-05-19 03:00:00,26.11,0.0,24100.0,0.0,0.0,0.0,12.41,2026-05-19,3,Tuesday,False,False,True,5,SPRING,CLEAR,LIGHT
MANHATTAN,2026-05-19 04:00:00,25.21,0.0,24100.0,0.0,0.0,0.0,14.39,2026-05-19,4,Tuesday,False,False,True,5,SPRING,CLEAR,LIGHT
MANHATTAN,2026-05-19 05:00:00,24.91,0.0,24100.0,0.0,0.0,0.0,14.53,2026-05-19,5,Tuesday,False,False,True,5,SPRING,CLEAR,LIGHT
MANHATTAN,2026-05-19 06:00:00,24.21,0.0,24100.0,0.0,0.0,0.0,11.38,2026-05-19,6,Tuesday,False,False,False,5,SPRING,CLEAR,LIGHT
MANHATTAN,2026-05-19 07:00:00,23.61,0.0,24100.0,0.0,0.0,0.0,9.83,2026-05-19,7,Tuesday,False,True,False,5,SPRING,CLEAR,LIGHT
MANHATTAN,2026-05-19 08:00:00,23.01,0.0,24100.0,0.0,0.0,0.0,11.53,2026-05-19,8,Tuesday,False,True,False,5,SPRING,CLEAR,LIGHT
MANHATTAN,2026-05-19 09:00:00,22.41,0.0,24100.0,0.0,0.0,0.0,11.77,2026-05-19,9,Tuesday,False,True,False,5,SPRING,CLEAR,LIGHT
MANHATTAN,2026-05-19 10:00:00,22.11,0.0,24100.0,0.0,0.0,0.0,11.79,2026-05-19,10,Tuesday,False,False,False,5,SPRING,CLEAR,LIGHT
MANHATTAN,2026-05-19 11:00:00,23.11,0.0,24100.0,0.0,0.0,0.0,12.29,2026-05-19,11,Tuesday,False,False,False,5,SPRING,CLEAR,LIGHT
MANHATTAN,2026-05-19 12:00:00,25.01,0.0,24100.0,0.0,0.0,0.0,15.28,2026-05-19,12,Tuesday,False,False,False,5,SPRING,CLEAR,LIGHT
MANHATTAN,2026-05-19 13:00:00,27.31,0.0,24100.0,0.0,0.0,0.0,13.55,2026-05-19,13,Tuesday,False,False,False,5,SPRING,CLEAR,LIGHT
MANHATTAN,2026-05-19 14:00:00,29.81,0.0,24100.0,0.0,0.0,0.0,13.68,2026-05-19,14,Tuesday,False,False,False,5,SPRING,CLEAR,LIGHT
MANHATTAN,2026-05-19 15:00:00,32.21,0.0,24100.0,0.0,0.0,0.0,13.78,2026-05-19,15,Tuesday,False,False,False,5,SPRING,CLEAR,LIGHT
MANHATTAN,2026-05-19 16:00:00,34.31,0.0,24100.0,0.0,0.0,0.0,17.21,2026-05-19,16,Tuesday,False,True,False,5,SPRING,CLEAR,LIGHT
MANHATTAN,2026-05-19 17:00:00,35.61,0.0,21100.0,0.0,0.0,0.0,20.17,2026-05-19,17,Tuesday,False,True,False,5,SPRING,CLEAR,LIGHT
MANHATTAN,2026-05-19 18:00:00,36.01,0.0,16300.0,0.0,0.0,0.0,22.45,2026-05-19,18,Tuesday,False,True,False,5,SPRING,CLEAR,LIGHT
MANHATTAN,2026-05-19 19:00:00,36.11,0.0,18000.0,0.0,0.0,0.0,24.25,2026-05-19,19,Tuesday,False,True,False,5,SPRING,CLEAR,LIGHT
MANHATTAN,2026-05-19 20:00:00,35.91,0.0,20800.0,0.0,0.0,0.0,24.7,2026-05-19,20,Tuesday,False,False,True,5,SPRING,CLEAR,LIGHT
MANHATTAN,2026-05-19 21:00:00,35.11,0.0,24100.0,0.0,0.0,0.0,27.28,2026-05-19,21,Tuesday,False,False,True,5,SPRING,CLEAR,LIGHT
MANHATTAN,2026-05-19 22:00:00,34.41,0.0,24100.0,0.0,0.0,0.0,26.31,2026-05-19,22,Tuesday,False,False,True,5,SPRING,CLEAR,LIGHT
MANHATTAN,2026-05-19 23:00:00,33.11,0.0,24100.0,0.0,0.0,0.0,24.36,2026-05-19,23,Tuesday,False,False,True,5,SPRING,CLEAR,LIGHT
MANHATTAN,2026-05-20 00:00:00,31.71,0.0,24100.0,0.0,0.0,0.0,21.13,2026-05-20,0,Wednesday,False,False,True,5,SPRING,CLEAR,LIGHT
MANHATTAN,2026-05-20 01:00:00,30.51,0.0,24100.0,0.0,0.0,0.0,16.6,2026-05-20,1,Wednesday,False,False,True,5,SPRING,CLEAR,LIGHT
MANHATTAN,2026-05-20 02:00:00,29.51,0.0,24100.0,0.0,0.0,0.0,15.6,2026-05-20,2,Wednesday,False,False,True,5,SPRING,CLEAR,LIGHT
MANHATTAN,2026-05-20 03:00:00,28.61,0.0,24100.0,0.0,0.0,0.0,14.35,2026-05-20,3,Wednesday,False,False,True,5,SPRING,CLEAR,LIGHT
MANHATTAN,2026-05-20 04:00:00,27.91,0.0,24100.0,0.0,0.0,0.0,13.98,2026-05-20,4,Wednesday,False,False,True,5,SPRING,CLEAR,LIGHT
MANHATTAN,2026-05-20 05:00:00,27.31,0.0,24100.0,0.0,0.0,0.0,12.54,2026-05-20,5,Wednesday,False,False,True,5,SPRING,CLEAR,LIGHT
MANHATTAN,2026-05-20 06:00:00,26.31,0.0,24100.0,0.0,0.0,0.0,12.77,2026-05-20,6,Wednesday,False,False,False,5,SPRING,CLEAR,LIGHT
MANHATTAN,2026-05-20 07:00:00,25.61,0.0,24100.0,0.0,0.0,0.0,11.72,2026-05-20,7,Wednesday,False,True,False,5,SPRING,CLEAR,LIGHT
MANHATTAN,2026-05-20 08:00:00,25.71,0.0,24100.0,0.0,0.0,0.0,12.29,2026-05-20,8,Wednesday,False,True,False,5,SPRING,CLEAR,LIGHT
MANHATTAN,2026-05-20 09:00:00,24.81,0.0,24100.0,0.0,0.0,0.0,11.79,2026-05-20,9,Wednesday,False,True,False,5,SPRING,CLEAR,LIGHT
MANHATTAN,2026-05-20 10:00:00,24.41,0.0,24100.0,0.0,0.0,0.0,11.98,2026-05-20,10,Wednesday,False,False,False,5,SPRING,CLEAR,LIGHT
MANHATTAN,2026-05-20 11:00:00,25.11,0.0,24100.0,0.0,0.0,0.0,13.04,2026-05-20,11,Wednesday,False,False,False,5,SPRING,CLEAR,LIGHT
MANHATTAN,2026-05-20 12:00:00,27.11,0.0,24100.0,0.0,0.0,0.0,15.89,2026-05-20,12,Wednesday,False,False,False,5,SPRING,CLEAR,LIGHT
MANHATTAN,2026-05-20 13:00:00,29.41,0.0,24100.0,0.0,0.0,0.0,18.37,2026-05-20,13,Wednesday,False,False,False,5,SPRING,CLEAR,LIGHT
MANHATTAN,2026-05-20 14:00:00,30.91,0.0,24100.0,0.0,0.0,0.0,18.79,2026-05-20,14,Wednesday,False,False,False,5,SPRING,CLEAR,LIGHT
MANHATTAN,2026-05-20 15:00:00,31.81,0.0,24100.0,0.0,0.0,0.0,18.86,2026-05-20,15,Wednesday,False,False,False,5,SPRING,CLEAR,LIGHT
MANHATTAN,2026-05-20 16:00:00,33.21,0.0,24100.0,0.0,0.0,0.0,18.25,2026-05-20,16,Wednesday,False,True,False,5,SPRING,CLEAR,LIGHT
MANHATTAN,2026-05-20 17:00:00,34.41,0.0,24100.0,0.0,0.0,0.0,18.84,2026-05-20,17,Wednesday,False,True,False,5,SPRING,CLEAR,LIGHT
MANHATTAN,2026-05-20 18:00:00,34.81,0.0,24100.0,0.0,0.0,0.0,18.03,2026-05-20,18,Wednesday,False,True,False,5,SPRING,CLEAR,LIGHT
MANHATTAN,2026-05-20 19:00:00,35.31,0.0,24100.0,0.0,0.0,0.0,17.31,2026-05-20,19,Wednesday,False,True,False,5,SPRING,CLEAR,LIGHT
MANHATTAN,2026-05-20 20:00:00,33.91,0.0,24100.0,0.0,0.0,0.0,27.29,2026-05-20,20,Wednesday,False,False,True,5,SPRING,CLEAR,LIGHT
MANHATTAN,2026-05-20 21:00:00,30.71,0.0,24100.0,0.0,0.0,0.0,22.37,2026-05-20,21,Wednesday,False,False,True,5,SPRING,CLEAR,LIGHT
MANHATTAN,2026-05-20 22:00:00,31.21,0.0,24100.0,0.0,0.0,0.0,24.8,2026-05-20,22,Wednesday,False,False,True,5,SPRING,CLEAR,LIGHT
MANHATTAN,2026-05-20 23:00:00,23.11,1.4,10700.0,0.0,1.4,0.0,25.26,2026-05-20,23,Wednesday,False,False,True,5,SPRING,RAIN,LIGHT
MANHATTAN,2026-05-21 00:00:00,22.51,1.2,18500.0,0.0,1.2,0.0,21.31,2026-05-21,0,Thursday,False,False,True,5,SPRING,RAIN,LIGHT
MANHATTAN,2026-05-21 01:00:00,21.81,1.2,6700.0,0.0,1.2,0.0,7.9,2026-05-21,1,Thursday,False,False,True,5,SPRING,RAIN,LIGHT
MANHATTAN,2026-05-21 02:00:00,21.61,0.4,24100.0,0.0,0.4,0.0,12.31,2026-05-21,2,Thursday,False,False,True,5,SPRING,RAIN,LIGHT
MANHATTAN,2026-05-21 03:00:00,21.11,0.0,24100.0,0.0,0.0,0.0,11.97,2026-05-21,3,Thursday,False,False,True,5,SPRING,CLEAR,LIGHT
MANHATTAN,2026-05-21 04:00:00,20.01,0.0,21300.0,0.0,0.0,0.0,16.28,2026-05-21,4,Thursday,False,False,True,5,SPRING,CLEAR,LIGHT
MANHATTAN,2026-05-21 05:00:00,19.31,0.0,24100.0,0.0,0.0,0.0,16.18,2026-05-21,5,Thursday,False,False,True,5,SPRING,CLEAR,LIGHT
MANHATTAN,2026-05-21 06:00:00,18.41,0.1,24100.0,0.0,0.1,0.0,16.28,2026-05-21,6,Thursday,False,False,False,5,SPRING,RAIN,LIGHT
MANHATTAN,2026-05-21 07:00:00,18.11,0.0,24100.0,0.0,0.0,0.0,14.88,2026-05-21,7,Thursday,False,True,False,5,SPRING,CLEAR,LIGHT
MANHATTAN,2026-05-21 08:00:00,17.91,0.0,24100.0,0.0,0.0,0.0,11.17,2026-05-21,8,Thursday,False,True,False,5,SPRING,CLEAR,LIGHT
MANHATTAN,2026-05-21 09:00:00,17.51,0.0,24100.0,0.0,0.0,0.0,12.72,2026-05-21,9,Thursday,False,True,False,5,SPRING,CLEAR,LIGHT
MANHATTAN,2026-05-21 10:00:00,17.01,0.0,24100.0,0.0,0.0,0.0,11.54,2026-05-21,10,Thursday,False,False,False,5,SPRING,CLEAR,LIGHT
MANHATTAN,2026-05-21 11:00:00,17.41,0.0,24100.0,0.0,0.0,0.0,9.39,2026-05-21,11,Thursday,False,False,False,5,SPRING,CLEAR,LIGHT
MANHATTAN,2026-05-21 12:00:00,18.31,0.0,24100.0,0.0,0.0,0.0,13.78,2026-05-21,12,Thursday,False,False,False,5,SPRING,CLEAR,LIGHT
MANHATTAN,2026-05-21 13:00:00,19.11,0.0,24100.0,0.0,0.0,0.0,17.11,2026-05-21,13,Thursday,False,False,False,5,SPRING,CLEAR,LIGHT
MANHATTAN,2026-05-21 14:00:00,17.41,0.0,24100.0,0.0,0.0,0.0,18.0,2026-05-21,14,Thursday,False,False,False,5,SPRING,CLEAR,LIGHT
MANHATTAN,2026-05-21 15:00:00,15.51,0.2,21100.0,0.2,0.0,0.0,15.54,2026-05-21,15,Thursday,False,False,False,5,SPRING,RAIN,LIGHT
MANHATTAN,2026-05-21 16:00:00,14.41,1.0,18500.0,1.0,0.0,0.0,14.51,2026-05-21,16,Thursday,False,True,False,5,SPRING,RAIN,LIGHT
MANHATTAN,2026-05-21 17:00:00,14.41,0.6,11900.0,0.6,0.0,0.0,9.47,2026-05-21,17,Thursday,False,True,False,5,SPRING,RAIN,LIGHT
MANHATTAN,2026-05-21 18:00:00,14.61,0.5,24100.0,0.5,0.0,0.0,6.64,2026-05-21,18,Thursday,False,True,False,5,SPRING,RAIN,LIGHT
MANHATTAN,2026-05-21 19:00:00,15.31,0.0,24100.0,0.0,0.0,0.0,0.36,2026-05-21,19,Thursday,False,True,False,5,SPRING,CLEAR,LIGHT
MANHATTAN,2026-05-21 20:00:00,15.51,0.1,24100.0,0.1,0.0,0.0,5.77,2026-05-21,20,Thursday,False,False,True,5,SPRING,RAIN,LIGHT
MANHATTAN,2026-05-21 21:00:00,16.21,0.0,24100.0,0.0,0.0,0.0,3.22,2026-05-21,21,Thursday,False,False,True,5,SPRING,CLEAR,LIGHT
MANHATTAN,2026-05-21 22:00:00,17.41,0.0,24100.0,0.0,0.0,0.0,4.2,2026-05-21,22,Thursday,False,False,True,5,SPRING,CLEAR,LIGHT
MANHATTAN,2026-05-21 23:00:00,17.31,0.0,24100.0,0.0,0.0,0.0,4.68,2026-05-21,23,Thursday,False,False,True,5,SPRING,CLEAR,LIGHT
MANHATTAN,2026-05-22 00:00:00,17.01,0.0,24100.0,0.0,0.0,0.0,5.04,2026-05-22,0,Friday,False,False,True,5,SPRING,CLEAR,LIGHT
MANHATTAN,2026-05-22 01:00:00,16.71,0.0,24100.0,0.0,0.0,0.0,5.69,2026-05-22,1,Friday,False,False,True,5,SPRING,CLEAR,LIGHT
MANHATTAN,2026-05-22 02:00:00,16.31,0.0,24100.0,0.0,0.0,0.0,6.03,2026-05-22,2,Friday,False,False,True,5,SPRING,CLEAR,LIGHT
MANHATTAN,2026-05-22 03:00:00,15.81,0.0,24100.0,0.0,0.0,0.0,6.83,2026-05-22,3,Friday,False,False,True,5,SPRING,CLEAR,LIGHT
MANHATTAN,2026-05-22 04:00:00,15.71,0.0,24100.0,0.0,0.0,0.0,7.7,2026-05-22,4,Friday,False,False,True,5,SPRING,CLEAR,LIGHT
MANHATTAN,2026-05-22 05:00:00,15.61,0.0,24100.0,0.0,0.0,0.0,9.06,2026-05-22,5,Friday,False,False,True,5,SPRING,CLEAR,LIGHT
MANHATTAN,2026-05-22 06:00:00,15.21,0.0,24100.0,0.0,0.0,0.0,10.5,2026-05-22,6,Friday,False,False,False,5,SPRING,CLEAR,LIGHT
MANHATTAN,2026-05-22 07:00:00,15.01,0.0,24100.0,0.0,0.0,0.0,10.3,2026-05-22,7,Friday,False,True,False,5,SPRING,CLEAR,LIGHT
MANHATTAN,2026-05-22 08:00:00,14.81,0.0,24100.0,0.0,0.0,0.0,11.68,2026-05-22,8,Friday,False,True,False,5,SPRING,CLEAR,LIGHT
MANHATTAN,2026-05-22 09:00:00,14.41,0.0,24100.0,0.0,0.0,0.0,13.39,2026-05-22,9,Friday,False,True,False,5,SPRING,CLEAR,LIGHT
MANHATTAN,2026-05-22 10:00:00,13.91,0.0,24100.0,0.0,0.0,0.0,14.53,2026-05-22,10,Friday,False,False,False,5,SPRING,CLEAR,LIGHT
MANHATTAN,2026-05-22 11:00:00,14.21,0.0,24100.0,0.0,0.0,0.0,19.08,2026-05-22,11,Friday,False,False,False,5,SPRING,CLEAR,LIGHT
MANHATTAN,2026-05-22 12:00:00,15.01,0.0,24100.0,0.0,0.0,0.0,20.29,2026-05-22,12,Friday,False,False,False,5,SPRING,CLEAR,LIGHT
MANHATTAN,2026-05-22 13:00:00,15.61,0.0,24100.0,0.0,0.0,0.0,20.45,2026-05-22,13,Friday,False,False,False,5,SPRING,CLEAR,LIGHT
MANHATTAN,2026-05-22 14:00:00,16.31,0.0,24100.0,0.0,0.0,0.0,21.9,2026-05-22,14,Friday,False,False,False,5,SPRING,CLEAR,LIGHT
MANHATTAN,2026-05-22 15:00:00,16.71,0.0,24100.0,0.0,0.0,0.0,22.23,2026-05-22,15,Friday,False,False,False,5,SPRING,CLEAR,LIGHT
MANHATTAN,2026-05-22 16:00:00,17.01,0.0,24100.0,0.0,0.0,0.0,21.58,2026-05-22,16,Friday,False,True,False,5,SPRING,CLEAR,LIGHT
MANHATTAN,2026-05-22 17:00:00,19.01,0.0,24100.0,0.0,0.0,0.0,21.92,2026-05-22,17,Friday,False,True,False,5,SPRING,CLEAR,LIGHT
MANHATTAN,2026-05-22 18:00:00,19.61,0.0,24100.0,0.0,0.0,0.0,20.57,2026-05-22,18,Friday,False,True,False,5,SPRING,CLEAR,LIGHT
MANHATTAN,2026-05-22 19:00:00,20.21,0.0,24100.0,0.0,0.0,0.0,16.87,2026-05-22,19,Friday,False,True,False,5,SPRING,CLEAR,LIGHT
MANHATTAN,2026-05-22 20:00:00,20.91,0.0,24100.0,0.0,0.0,0.0,15.08,2026-05-22,20,Friday,False,False,True,5,SPRING,CLEAR,LIGHT
MANHATTAN,2026-05-22 21:00:00,20.61,0.0,24100.0,0.0,0.0,0.0,14.46,2026-05-22,21,Friday,False,False,True,5,SPRING,CLEAR,LIGHT
MANHATTAN,2026-05-22 22:00:00,19.71,0.0,24100.0,0.0,0.0,0.0,14.04,2026-05-22,22,Friday,False,False,True,5,SPRING,CLEAR,LIGHT
MANHATTAN,2026-05-22 23:00:00,18.91,0.0,24100.0,0.0,0.0,0.0,14.9,2026-05-22,23,Friday,False,False,True,5,SPRING,CLEAR,LIGHT
MANHATTAN,2026-05-23 00:00:00,17.51,0.0,24100.0,0.0,0.0,0.0,14.77,2026-05-23,0,Saturday,True,False,True,5,SPRING,CLEAR,LIGHT
MANHATTAN,2026-05-23 01:00:00,14.62,0.0,43500.0,0.0,0.0,0.0,12.98,2026-05-23,1,Saturday,True,False,True,5,SPRING,CLEAR,LIGHT
MANHATTAN,2026-05-23 02:00:00,14.62,0.0,45700.0,0.0,0.0,0.0,9.06,2026-05-23,2,Saturday,True,False,True,5,SPRING,CLEAR,LIGHT
MANHATTAN,2026-05-23 03:00:00,14.12,0.0,47300.0,0.0,0.0,0.0,9.39,2026-05-23,3,Saturday,True,False,True,5,SPRING,CLEAR,LIGHT
MANHATTAN,2026-05-23 04:00:00,13.07,0.0,30100.0,0.0,0.0,0.0,8.67,2026-05-23,4,Saturday,True,False,True,5,SPRING,CLEAR,LIGHT
MANHATTAN,2026-05-23 05:00:00,13.72,0.0,35700.0,0.0,0.0,0.0,5.69,2026-05-23,5,Saturday,True,False,True,5,SPRING,CLEAR,LIGHT
MANHATTAN,2026-05-23 06:00:00,13.77,0.0,38300.0,0.0,0.0,0.0,7.73,2026-05-23,6,Saturday,True,False,False,5,SPRING,CLEAR,LIGHT
MANHATTAN,2026-05-23 07:00:00,13.32,0.0,40000.0,0.0,0.0,0.0,4.84,2026-05-23,7,Saturday,True,True,False,5,SPRING,CLEAR,LIGHT
MANHATTAN,2026-05-23 08:00:00,13.02,0.0,35700.0,0.0,0.0,0.0,4.9,2026-05-23,8,Saturday,True,True,False,5,SPRING,CLEAR,LIGHT
MANHATTAN,2026-05-23 09:00:00,12.22,0.0,22300.0,0.0,0.0,0.0,7.41,2026-05-23,9,Saturday,True,True,False,5,SPRING,CLEAR,LIGHT
MANHATTAN,2026-05-23 10:00:00,12.12,0.0,22900.0,0.0,0.0,0.0,10.7,2026-05-23,10,Saturday,True,False,False,5,SPRING,CLEAR,LIGHT
MANHATTAN,2026-05-23 11:00:00,12.07,0.0,25300.0,0.0,0.0,0.0,9.79,2026-05-23,11,Saturday,True,False,False,5,SPRING,CLEAR,LIGHT
MANHATTAN,2026-05-23 12:00:00,12.47,0.0,22600.0,0.0,0.0,0.0,9.22,2026-05-23,12,Saturday,True,False,False,5,SPRING,CLEAR,LIGHT
MANHATTAN,2026-05-23 13:00:00,12.77,0.0,23900.0,0.0,0.0,0.0,7.93,2026-05-23,13,Saturday,True,False,False,5,SPRING,CLEAR,LIGHT
MANHATTAN,2026-05-23 14:00:00,12.92,0.0,30400.0,0.0,0.0,0.0,10.46,2026-05-23,14,Saturday,True,False,False,5,SPRING,CLEAR,LIGHT
MANHATTAN,2026-05-23 15:00:00,13.27,0.0,27300.0,0.0,0.0,0.0,9.96,2026-05-23,15,Saturday,True,False,False,5,SPRING,CLEAR,LIGHT
MANHATTAN,2026-05-23 16:00:00,13.42,0.0,30000.0,0.0,0.0,0.0,9.83,2026-05-23,16,Saturday,True,True,False,5,SPRING,CLEAR,LIGHT
MANHATTAN,2026-05-23 17:00:00,12.32,0.0,27100.0,0.0,0.0,0.0,20.87,2026-05-23,17,Saturday,True,True,False,5,SPRING,CLEAR,LIGHT
MANHATTAN,2026-05-23 18:00:00,11.72,0.4,21400.0,0.4,0.0,0.0,19.23,2026-05-23,18,Saturday,True,True,False,5,SPRING,RAIN,LIGHT
MANHATTAN,2026-05-23 19:00:00,11.07,0.4,10200.0,0.4,0.0,0.0,15.07,2026-05-23,19,Saturday,True,True,False,5,SPRING,RAIN,LIGHT
MANHATTAN,2026-05-23 20:00:00,10.92,0.4,10900.0,0.4,0.0,0.0,13.9,2026-05-23,20,Saturday,True,False,True,5,SPRING,RAIN,LIGHT
MANHATTAN,2026-05-23 21:00:00,10.77,1.4,12900.0,1.4,0.0,0.0,13.04,2026-05-23,21,Saturday,True,False,True,5,SPRING,RAIN,LIGHT
MANHATTAN,2026-05-23 22:00:00,10.52,1.8,13600.0,1.8,0.0,0.0,16.31,2026-05-23,22,Saturday,True,False,True,5,SPRING,RAIN,LIGHT
MANHATTAN,2026-05-23 23:00:00,9.97,1.8,13500.0,1.8,0.0,0.0,16.58,2026-05-23,23,Saturday,True,False,True,5,SPRING,RAIN,LIGHT
MANHATTAN,2026-05-24 00:00:00,9.42,3.6,9000.0,3.6,0.0,0.0,11.49,2026-05-24,0,Sunday,True,False,True,5,SPRING,RAIN,MODERATE
MANHATTAN,2026-05-24 01:00:00,9.72,0.0,10500.0,0.0,0.0,0.0,10.97,2026-05-24,1,Sunday,True,False,True,5,SPRING,CLEAR,LIGHT
MANHATTAN,2026-05-24 02:00:00,10.02,0.0,14000.0,0.0,0.0,0.0,10.5,2026-05-24,2,Sunday,True,False,True,5,SPRING,CLEAR,LIGHT
MANHATTAN,2026-05-24 03:00:00,10.12,0.0,15800.0,0.0,0.0,0.0,11.25,2026-05-24,3,Sunday,True,False,True,5,SPRING,CLEAR,LIGHT
MANHATTAN,2026-05-24 04:00:00,10.27,0.0,3100.0,0.0,0.0,0.0,11.79,2026-05-24,4,Sunday,True,False,True,5,SPRING,FOG,LIGHT
MANHATTAN,2026-05-24 05:00:00,10.22,0.0,14800.0,0.0,0.0,0.0,14.39,2026-05-24,5,Sunday,True,False,True,5,SPRING,CLEAR,LIGHT
MANHATTAN,2026-05-24 06:00:00,10.27,0.0,13900.0,0.0,0.0,0.0,14.28,2026-05-24,6,Sunday,True,False,False,5,SPRING,CLEAR,LIGHT
MANHATTAN,2026-05-24 07:00:00,10.62,0.4,14500.0,0.4,0.0,0.0,13.05,2026-05-24,7,Sunday,True,True,False,5,SPRING,RAIN,LIGHT
MANHATTAN,2026-05-24 08:00:00,10.37,1.4,10200.0,1.4,0.0,0.0,12.3,2026-05-24,8,Sunday,True,True,False,5,SPRING,RAIN,LIGHT
MANHATTAN,2026-05-24 09:00:00,10.37,0.7,12500.0,0.7,0.0,0.0,11.84,2026-05-24,9,Sunday,True,True,False,5,SPRING,RAIN,LIGHT
MANHATTAN,2026-05-24 10:00:00,10.82,2.9,6200.0,2.9,0.0,0.0,11.3,2026-05-24,10,Sunday,True,False,False,5,SPRING,RAIN,MODERATE
MANHATTAN,2026-05-24 11:00:00,10.82,1.8,12200.0,1.8,0.0,0.0,10.8,2026-05-24,11,Sunday,True,False,False,5,SPRING,RAIN,LIGHT
MANHATTAN,2026-05-24 12:00:00,11.22,0.4,13000.0,0.4,0.0,0.0,15.65,2026-05-24,12,Sunday,True,False,False,5,SPRING,RAIN,LIGHT
MANHATTAN,2026-05-24 13:00:00,11.32,0.7,12200.0,0.7,0.0,0.0,11.21,2026-05-24,13,Sunday,True,False,False,5,SPRING,RAIN,LIGHT
MANHATTAN,2026-05-24 14:00:00,11.62,2.9,12200.0,2.9,0.0,0.0,11.09,2026-05-24,14,Sunday,True,False,False,5,SPRING,RAIN,MODERATE
MANHATTAN,2026-05-24 15:00:00,12.02,0.7,12300.0,0.7,0.0,0.0,11.25,2026-05-24,15,Sunday,True,False,False,5,SPRING,RAIN,LIGHT
MANHATTAN,2026-05-24 16:00:00,12.22,2.9,12200.0,2.9,0.0,0.0,10.97,2026-05-24,16,Sunday,True,True,False,5,SPRING,RAIN,MODERATE
MANHATTAN,2026-05-24 17:00:00,12.57,0.0,12200.0,0.0,0.0,0.0,9.96,2026-05-24,17,Sunday,True,True,False,5,SPRING,CLEAR,LIGHT
MANHATTAN,2026-05-24 18:00:00,13.02,0.0,12400.0,0.0,0.0,0.0,14.28,2026-05-24,18,Sunday,True,True,False,5,SPRING,CLEAR,LIGHT
MANHATTAN,2026-05-24 19:00:00,13.12,0.0,12200.0,0.0,0.0,0.0,13.83,2026-05-24,19,Sunday,True,True,False,5,SPRING,CLEAR,LIGHT
MANHATTAN,2026-05-24 20:00:00,13.77,0.0,3100.0,0.0,0.0,0.0,15.38,2026-05-24,20,Sunday,True,False,True,5,SPRING,FOG,LIGHT
MANHATTAN,2026-05-24 21:00:00,13.57,0.0,2600.0,0.0,0.0,0.0,16.08,2026-05-24,21,Sunday,True,False,True,5,SPRING,FOG,MODERATE
MANHATTAN,2026-05-24 22:00:00,13.57,0.0,3200.0,0.0,0.0,0.0,14.0,2026-05-24,22,Sunday,True,False,True,5,SPRING,FOG,LIGHT
MANHATTAN,2026-05-24 23:00:00,13.17,0.0,12200.0,0.0,0.0,0.0,13.39,2026-05-24,23,Sunday,True,False,True,5,SPRING,CLEAR,LIGHT
MANHATTAN,2026-05-25 00:00:00,13.12,0.0,12300.0,0.0,0.0,0.0,14.51,2026-05-25,0,Monday,False,False,True,5,SPRING,CLEAR,LIGHT
MANHATTAN,2026-05-25 01:00:00,12.97,0.0,12400.0,0.0,0.0,0.0,10.32,2026-05-25,1,Monday,False,False,True,5,SPRING,CLEAR,LIGHT
MANHATTAN,2026-05-25 02:00:00,12.97,0.0,12200.0,0.0,0.0,0.0,10.74,2026-05-25,2,Monday,False,False,True,5,SPRING,CLEAR,LIGHT
MANHATTAN,2026-05-25 03:00:00,12.57,0.0,100.0,0.0,0.0,0.0,9.18,2026-05-25,3,Monday,False,False,True,5,SPRING,FOG,SEVERE
MANHATTAN,2026-05-25 04:00:00,12.72,0.0,100.0,0.0,0.0,0.0,6.64,2026-05-25,4,Monday,False,False,True,5,SPRING,FOG,SEVERE
MANHATTAN,2026-05-25 05:00:00,12.92,0.0,100.0,0.0,0.0,0.0,5.0,2026-05-25,5,Monday,False,False,True,5,SPRING,FOG,SEVERE
MANHATTAN,2026-05-25 06:00:00,12.87,0.0,100.0,0.0,0.0,0.0,5.8,2026-05-25,6,Monday,False,False,False,5,SPRING,FOG,SEVERE
MANHATTAN,2026-05-25 07:00:00,12.92,0.0,12200.0,0.0,0.0,0.0,5.99,2026-05-25,7,Monday,False,True,False,5,SPRING,CLEAR,LIGHT
MANHATTAN,2026-05-25 08:00:00,13.07,0.0,2600.0,0.0,0.0,0.0,2.16,2026-05-25,8,Monday,False,True,False,5,SPRING,FOG,MODERATE
MANHATTAN,2026-05-25 09:00:00,13.02,0.0,2600.0,0.0,0.0,0.0,3.22,2026-05-25,9,Monday,False,True,False,5,SPRING,FOG,MODERATE
MANHATTAN,2026-05-25 10:00:00,13.07,0.0,100.0,0.0,0.0,0.0,0.8,2026-05-25,10,Monday,False,False,False,5,SPRING,FOG,SEVERE
MANHATTAN,2026-05-25 11:00:00,13.17,0.0,12200.0,0.0,0.0,0.0,1.3,2026-05-25,11,Monday,False,False,False,5,SPRING,CLEAR,LIGHT
MANHATTAN,2026-05-25 12:00:00,13.47,0.0,12200.0,0.0,0.0,0.0,5.59,2026-05-25,12,Monday,False,False,False,5,SPRING,CLEAR,LIGHT
MANHATTAN,2026-05-25 13:00:00,14.12,1.1,12200.0,1.1,0.0,0.0,4.84,2026-05-25,13,Monday,False,False,False,5,SPRING,RAIN,LIGHT
MANHATTAN,2026-05-25 14:00:00,14.92,0.0,12200.0,0.0,0.0,0.0,4.02,2026-05-25,14,Monday,False,False,False,5,SPRING,CLEAR,LIGHT
MANHATTAN,2026-05-25 15:00:00,15.47,0.0,3200.0,0.0,0.0,0.0,6.15,2026-05-25,15,Monday,False,False,False,5,SPRING,FOG,LIGHT
MANHATTAN,2026-05-25 16:00:00,16.12,2.9,12900.0,2.9,0.0,0.0,5.32,2026-05-25,16,Monday,False,True,False,5,SPRING,RAIN,MODERATE
MANHATTAN,2026-05-25 17:00:00,17.92,0.0,14800.0,0.0,0.0,0.0,11.81,2026-05-25,17,Monday,False,True,False,5,SPRING,CLEAR,LIGHT
MANHATTAN,2026-05-25 18:00:00,19.02,0.0,16700.0,0.0,0.0,0.0,8.76,2026-05-25,18,Monday,False,True,False,5,SPRING,CLEAR,LIGHT
MANHATTAN,2026-05-25 19:00:00,21.17,0.0,20100.0,0.0,0.0,0.0,5.94,2026-05-25,19,Monday,False,True,False,5,SPRING,CLEAR,LIGHT
MANHATTAN,2026-05-25 20:00:00,22.82,0.0,24600.0,0.0,0.0,0.0,6.21,2026-05-25,20,Monday,False,False,True,5,SPRING,CLEAR,LIGHT
MANHATTAN,2026-05-25 21:00:00,23.82,0.0,25800.0,0.0,0.0,0.0,3.6,2026-05-25,21,Monday,False,False,True,5,SPRING,CLEAR,LIGHT
MANHATTAN,2026-05-25 22:00:00,24.27,0.0,28700.0,0.0,0.0,0.0,3.4,2026-05-25,22,Monday,False,False,True,5,SPRING,CLEAR,LIGHT
MANHATTAN,2026-05-25 23:00:00,22.87,0.0,22700.0,0.0,0.0,0.0,7.57,2026-05-25,23,Monday,False,False,True,5,SPRING,CLEAR,LIGHT
MANHATTAN,2026-05-26 00:00:00,20.47,0.0,19100.0,0.0,0.0,0.0,9.57,2026-05-26,0,Tuesday,False,False,True,5,SPRING,CLEAR,LIGHT
MANHATTAN,2026-05-26 01:00:00,19.37,0.0,16000.0,0.0,0.0,0.0,6.29,2026-05-26,1,Tuesday,False,False,True,5,SPRING,CLEAR,LIGHT
MANHATTAN,2026-05-26 02:00:00,18.97,0.0,13600.0,0.0,0.0,0.0,4.21,2026-05-26,2,Tuesday,False,False,True,5,SPRING,CLEAR,LIGHT
MANHATTAN,2026-05-26 03:00:00,18.47,0.0,12300.0,0.0,0.0,0.0,5.62,2026-05-26,3,Tuesday,False,False,True,5,SPRING,CLEAR,LIGHT
MANHATTAN,2026-05-26 04:00:00,18.07,0.0,12200.0,0.0,0.0,0.0,4.35,2026-05-26,4,Tuesday,False,False,True,5,SPRING,CLEAR,LIGHT
MANHATTAN,2026-05-26 05:00:00,17.32,0.0,12200.0,0.0,0.0,0.0,4.35,2026-05-26,5,Tuesday,False,False,True,5,SPRING,CLEAR,LIGHT
MANHATTAN,2026-05-26 06:00:00,17.17,0.0,16000.0,0.0,0.0,0.0,3.89,2026-05-26,6,Tuesday,False,False,False,5,SPRING,CLEAR,LIGHT
MANHATTAN,2026-05-26 07:00:00,16.02,0.0,15500.0,0.0,0.0,0.0,4.8,2026-05-26,7,Tuesday,False,True,False,5,SPRING,CLEAR,LIGHT
MANHATTAN,2026-05-26 08:00:00,15.62,0.0,16300.0,0.0,0.0,0.0,5.24,2026-05-26,8,Tuesday,False,True,False,5,SPRING,CLEAR,LIGHT
MANHATTAN,2026-05-26 09:00:00,14.87,0.0,14000.0,0.0,0.0,0.0,4.51,2026-05-26,9,Tuesday,False,True,False,5,SPRING,CLEAR,LIGHT
MANHATTAN,2026-05-26 10:00:00,14.62,0.0,15700.0,0.0,0.0,0.0,4.33,2026-05-26,10,Tuesday,False,False,False,5,SPRING,CLEAR,LIGHT
MANHATTAN,2026-05-26 11:00:00,15.72,0.0,16300.0,0.0,0.0,0.0,5.82,2026-05-26,11,Tuesday,False,False,False,5,SPRING,CLEAR,LIGHT
MANHATTAN,2026-05-26 12:00:00,18.12,0.0,21300.0,0.0,0.0,0.0,9.35,2026-05-26,12,Tuesday,False,False,False,5,SPRING,CLEAR,LIGHT
MANHATTAN,2026-05-26 13:00:00,20.07,0.0,27500.0,0.0,0.0,0.0,5.96,2026-05-26,13,Tuesday,False,False,False,5,SPRING,CLEAR,LIGHT
MANHATTAN,2026-05-26 14:00:00,22.32,0.0,37800.0,0.0,0.0,0.0,8.28,2026-05-26,14,Tuesday,False,False,False,5,SPRING,CLEAR,LIGHT
MANHATTAN,2026-05-26 15:00:00,24.02,0.0,44200.0,0.0,0.0,0.0,6.03,2026-05-26,15,Tuesday,False,False,False,5,SPRING,CLEAR,LIGHT
MANHATTAN,2026-05-26 16:00:00,25.47,0.0,47200.0,0.0,0.0,0.0,5.01,2026-05-26,16,Tuesday,False,True,False,5,SPRING,CLEAR,LIGHT
MANHATTAN,2026-05-26 17:00:00,27.02,0.0,53600.0,0.0,0.0,0.0,4.02,2026-05-26,17,Tuesday,False,True,False,5,SPRING,CLEAR,LIGHT
MANHATTAN,2026-05-26 18:00:00,27.57,0.0,58200.0,0.0,0.0,0.0,5.69,2026-05-26,18,Tuesday,False,True,False,5,SPRING,CLEAR,LIGHT
MANHATTAN,2026-05-26 19:00:00,27.87,0.0,52400.0,0.0,0.0,0.0,11.37,2026-05-26,19,Tuesday,False,True,False,5,SPRING,CLEAR,LIGHT
MANHATTAN,2026-05-26 20:00:00,27.52,0.0,48700.0,0.0,0.0,0.0,11.9,2026-05-26,20,Tuesday,False,False,True,5,SPRING,CLEAR,LIGHT
MANHATTAN,2026-05-26 21:00:00,27.17,0.0,53400.0,0.0,0.0,0.0,13.36,2026-05-26,21,Tuesday,False,False,True,5,SPRING,CLEAR,LIGHT
MANHATTAN,2026-05-26 22:00:00,25.62,0.0,55500.0,0.0,0.0,0.0,16.04,2026-05-26,22,Tuesday,False,False,True,5,SPRING,CLEAR,LIGHT
MANHATTAN,2026-05-26 23:00:00,23.77,0.0,45900.0,0.0,0.0,0.0,13.91,2026-05-26,23,Tuesday,False,False,True,5,SPRING,CLEAR,LIGHT
MANHATTAN,2026-05-27 00:00:00,22.82,0.0,40900.0,0.0,0.0,0.0,11.87,2026-05-27,0,Wednesday,False,False,True,5,SPRING,CLEAR,LIGHT
MANHATTAN,2026-05-27 01:00:00,21.47,0.0,33100.0,0.0,0.0,0.0,9.11,2026-05-27,1,Wednesday,False,False,True,5,SPRING,CLEAR,LIGHT
MANHATTAN,2026-05-27 02:00:00,20.67,0.0,30600.0,0.0,0.0,0.0,3.6,2026-05-27,2,Wednesday,False,False,True,5,SPRING,CLEAR,LIGHT
MANHATTAN,2026-05-27 03:00:00,19.72,0.0,22200.0,0.0,0.0,0.0,6.21,2026-05-27,3,Wednesday,False,False,True,5,SPRING,CLEAR,LIGHT
MANHATTAN,2026-05-27 04:00:00,20.32,0.0,26000.0,0.0,0.0,0.0,6.12,2026-05-27,4,Wednesday,False,False,True,5,SPRING,CLEAR,LIGHT
MANHATTAN,2026-05-27 05:00:00,19.72,0.0,30600.0,0.0,0.0,0.0,5.69,2026-05-27,5,Wednesday,False,False,True,5,SPRING,CLEAR,LIGHT
MANHATTAN,2026-05-27 06:00:00,19.97,0.0,26700.0,0.0,0.0,0.0,12.5,2026-05-27,6,Wednesday,False,False,False,5,SPRING,CLEAR,LIGHT
MANHATTAN,2026-05-27 07:00:00,19.17,0.0,24600.0,0.0,0.0,0.0,8.91,2026-05-27,7,Wednesday,False,True,False,5,SPRING,CLEAR,LIGHT
MANHATTAN,2026-05-27 08:00:00,19.02,0.0,23300.0,0.0,0.0,0.0,7.13,2026-05-27,8,Wednesday,False,True,False,5,SPRING,CLEAR,LIGHT
MANHATTAN,2026-05-27 09:00:00,19.27,0.0,22300.0,0.0,0.0,0.0,6.3,2026-05-27,9,Wednesday,False,True,False,5,SPRING,CLEAR,LIGHT
MANHATTAN,2026-05-27 10:00:00,19.57,0.0,21900.0,0.0,0.0,0.0,8.23,2026-05-27,10,Wednesday,False,False,False,5,SPRING,CLEAR,LIGHT
MANHATTAN,2026-05-27 11:00:00,20.07,0.0,20900.0,0.0,0.0,0.0,9.26,2026-05-27,11,Wednesday,False,False,False,5,SPRING,CLEAR,LIGHT
MANHATTAN,2026-05-27 12:00:00,21.42,0.0,24100.0,0.0,0.0,0.0,11.68,2026-05-27,12,Wednesday,False,False,False,5,SPRING,CLEAR,LIGHT
MANHATTAN,2026-05-27 13:00:00,21.97,0.0,22200.0,0.0,0.0,0.0,9.69,2026-05-27,13,Wednesday,False,False,False,5,SPRING,CLEAR,LIGHT
MANHATTAN,2026-05-27 14:00:00,23.82,0.0,23700.0,0.0,0.0,0.0,8.79,2026-05-27,14,Wednesday,False,False,False,5,SPRING,CLEAR,LIGHT
MANHATTAN,2026-05-27 15:00:00,22.72,0.0,23700.0,0.0,0.0,0.0,9.09,2026-05-27,15,Wednesday,False,False,False,5,SPRING,CLEAR,LIGHT
MANHATTAN,2026-05-27 16:00:00,24.32,0.0,22200.0,0.0,0.0,0.0,10.59,2026-05-27,16,Wednesday,False,True,False,5,SPRING,CLEAR,LIGHT
MANHATTAN,2026-05-27 17:00:00,25.82,0.0,22900.0,0.0,0.0,0.0,14.34,2026-05-27,17,Wednesday,False,True,False,5,SPRING,CLEAR,LIGHT
MANHATTAN,2026-05-27 18:00:00,26.12,0.0,25000.0,0.0,0.0,0.0,16.09,2026-05-27,18,Wednesday,False,True,False,5,SPRING,CLEAR,LIGHT
MANHATTAN,2026-05-27 19:00:00,27.07,0.0,29000.0,0.0,0.0,0.0,13.0,2026-05-27,19,Wednesday,False,True,False,5,SPRING,CLEAR,LIGHT
MANHATTAN,2026-05-27 20:00:00,28.17,0.0,33400.0,0.0,0.0,0.0,13.76,2026-05-27,20,Wednesday,False,False,True,5,SPRING,CLEAR,LIGHT
MANHATTAN,2026-05-27 21:00:00,29.22,0.0,39800.0,0.0,0.0,0.0,17.06,2026-05-27,21,Wednesday,False,False,True,5,SPRING,CLEAR,LIGHT
MANHATTAN,2026-05-27 22:00:00,28.92,0.0,40300.0,0.0,0.0,0.0,18.36,2026-05-27,22,Wednesday,False,False,True,5,SPRING,CLEAR,LIGHT
MANHATTAN,2026-05-27 23:00:00,28.47,0.0,41300.0,0.0,0.0,0.0,17.94,2026-05-27,23,Wednesday,False,False,True,5,SPRING,CLEAR,LIGHT
MANHATTAN,2026-05-28 00:00:00,27.42,0.0,42400.0,0.0,0.0,0.0,13.83,2026-05-28,0,Thursday,False,False,True,5,SPRING,CLEAR,LIGHT
MANHATTAN,2026-05-28 01:00:00,25.82,0.0,36900.0,0.0,0.0,0.0,12.26,2026-05-28,1,Thursday,False,False,True,5,SPRING,CLEAR,LIGHT
MANHATTAN,2026-05-28 02:00:00,24.97,0.0,35400.0,0.0,0.0,0.0,10.38,2026-05-28,2,Thursday,False,False,True,5,SPRING,CLEAR,LIGHT
MANHATTAN,2026-05-28 03:00:00,24.42,0.0,33200.0,0.0,0.0,0.0,9.78,2026-05-28,3,Thursday,False,False,True,5,SPRING,CLEAR,LIGHT
MANHATTAN,2026-05-28 04:00:00,23.77,0.0,48100.0,0.0,0.0,0.0,15.28,2026-05-28,4,Thursday,False,False,True,5,SPRING,CLEAR,LIGHT
MANHATTAN,2026-05-28 05:00:00,23.42,0.0,55600.0,0.0,0.0,0.0,13.78,2026-05-28,5,Thursday,False,False,True,5,SPRING,CLEAR,LIGHT
MANHATTAN,2026-05-28 06:00:00,22.02,0.0,55500.0,0.0,0.0,0.0,15.86,2026-05-28,6,Thursday,False,False,False,5,SPRING,CLEAR,LIGHT
MANHATTAN,2026-05-28 07:00:00,21.07,0.0,45500.0,0.0,0.0,0.0,12.56,2026-05-28,7,Thursday,False,True,False,5,SPRING,CLEAR,LIGHT
MANHATTAN,2026-05-28 08:00:00,21.02,0.0,45400.0,0.0,0.0,0.0,10.0,2026-05-28,8,Thursday,False,True,False,5,SPRING,CLEAR,LIGHT
MANHATTAN,2026-05-28 09:00:00,20.07,0.0,37700.0,0.0,0.0,0.0,6.49,2026-05-28,9,Thursday,False,True,False,5,SPRING,CLEAR,LIGHT
MANHATTAN,2026-05-28 10:00:00,18.87,0.0,34500.0,0.0,0.0,0.0,11.92,2026-05-28,10,Thursday,False,False,False,5,SPRING,CLEAR,LIGHT
MANHATTAN,2026-05-28 11:00:00,19.42,0.0,35100.0,0.0,0.0,0.0,11.59,2026-05-28,11,Thursday,False,False,False,5,SPRING,CLEAR,LIGHT
MANHATTAN,2026-05-28 12:00:00,20.52,0.0,35200.0,0.0,0.0,0.0,14.29,2026-05-28,12,Thursday,False,False,False,5,SPRING,CLEAR,LIGHT
MANHATTAN,2026-05-28 13:00:00,21.92,0.0,38900.0,0.0,0.0,0.0,15.14,2026-05-28,13,Thursday,False,False,False,5,SPRING,CLEAR,LIGHT
MANHATTAN,2026-05-28 14:00:00,23.07,0.0,41200.0,0.0,0.0,0.0,12.22,2026-05-28,14,Thursday,False,False,False,5,SPRING,CLEAR,LIGHT
MANHATTAN,2026-05-28 15:00:00,23.72,0.0,41900.0,0.0,0.0,0.0,14.04,2026-05-28,15,Thursday,False,False,False,5,SPRING,CLEAR,LIGHT
MANHATTAN,2026-05-28 16:00:00,23.62,0.0,49100.0,0.0,0.0,0.0,16.14,2026-05-28,16,Thursday,False,True,False,5,SPRING,CLEAR,LIGHT
MANHATTAN,2026-05-28 17:00:00,23.22,0.0,42200.0,0.0,0.0,0.0,16.39,2026-05-28,17,Thursday,False,True,False,5,SPRING,CLEAR,LIGHT
MANHATTAN,2026-05-28 18:00:00,23.52,1.1,35800.0,1.1,0.0,0.0,20.17,2026-05-28,18,Thursday,False,True,False,5,SPRING,RAIN,LIGHT
MANHATTAN,2026-05-28 19:00:00,23.37,0.0,46100.0,0.0,0.0,0.0,20.04,2026-05-28,19,Thursday,False,True,False,5,SPRING,CLEAR,LIGHT
MANHATTAN,2026-05-28 20:00:00,22.67,0.0,44200.0,0.0,0.0,0.0,20.39,2026-05-28,20,Thursday,False,False,True,5,SPRING,CLEAR,LIGHT
MANHATTAN,2026-05-28 21:00:00,21.92,0.0,40100.0,0.0,0.0,0.0,21.07,2026-05-28,21,Thursday,False,False,True,5,SPRING,CLEAR,LIGHT
MANHATTAN,2026-05-28 22:00:00,22.27,0.0,42200.0,0.0,0.0,0.0,22.86,2026-05-28,22,Thursday,False,False,True,5,SPRING,CLEAR,LIGHT
MANHATTAN,2026-05-28 23:00:00,20.42,0.0,14800.0,0.0,0.0,0.0,24.59,2026-05-28,23,Thursday,False,False,True,5,SPRING,CLEAR,LIGHT
MANHATTAN,2026-05-29 00:00:00,20.12,0.0,41600.0,0.0,0.0,0.0,18.08,2026-05-29,0,Friday,False,False,True,5,SPRING,CLEAR,LIGHT
MANHATTAN,2026-05-29 01:00:00,19.52,0.0,41000.0,0.0,0.0,0.0,16.61,2026-05-29,1,Friday,False,False,True,5,SPRING,CLEAR,LIGHT
MANHATTAN,2026-05-29 02:00:00,17.72,0.0,37600.0,0.0,0.0,0.0,16.18,2026-05-29,2,Friday,False,False,True,5,SPRING,CLEAR,LIGHT
MANHATTAN,2026-05-29 03:00:00,17.12,0.0,38600.0,0.0,0.0,0.0,16.64,2026-05-29,3,Friday,False,False,True,5,SPRING,CLEAR,LIGHT
MANHATTAN,2026-05-29 04:00:00,16.07,0.0,36100.0,0.0,0.0,0.0,8.5,2026-05-29,4,Friday,False,False,True,5,SPRING,CLEAR,LIGHT
MANHATTAN,2026-05-29 05:00:00,15.27,0.0,32300.0,0.0,0.0,0.0,9.83,2026-05-29,5,Friday,False,False,True,5,SPRING,CLEAR,LIGHT
MANHATTAN,2026-05-29 06:00:00,15.22,0.0,30600.0,0.0,0.0,0.0,12.98,2026-05-29,6,Friday,False,False,False,5,SPRING,CLEAR,LIGHT
MANHATTAN,2026-05-29 07:00:00,14.27,0.0,27900.0,0.0,0.0,0.0,8.09,2026-05-29,7,Friday,False,True,False,5,SPRING,CLEAR,LIGHT
MANHATTAN,2026-05-29 08:00:00,13.77,0.0,26400.0,0.0,0.0,0.0,10.32,2026-05-29,8,Friday,False,True,False,5,SPRING,CLEAR,LIGHT
MANHATTAN,2026-05-29 09:00:00,13.42,0.0,26800.0,0.0,0.0,0.0,11.27,2026-05-29,9,Friday,False,True,False,5,SPRING,CLEAR,LIGHT
MANHATTAN,2026-05-29 10:00:00,13.82,0.0,26400.0,0.0,0.0,0.0,11.38,2026-05-29,10,Friday,False,False,False,5,SPRING,CLEAR,LIGHT
MANHATTAN,2026-05-29 11:00:00,14.82,0.0,25700.0,0.0,0.0,0.0,10.97,2026-05-29,11,Friday,False,False,False,5,SPRING,CLEAR,LIGHT
MANHATTAN,2026-05-29 12:00:00,16.02,0.0,26500.0,0.0,0.0,0.0,12.73,2026-05-29,12,Friday,False,False,False,5,SPRING,CLEAR,LIGHT
MANHATTAN,2026-05-29 13:00:00,17.97,0.0,29200.0,0.0,0.0,0.0,11.68,2026-05-29,13,Friday,False,False,False,5,SPRING,CLEAR,LIGHT
MANHATTAN,2026-05-29 14:00:00,19.72,0.0,33800.0,0.0,0.0,0.0,9.5,2026-05-29,14,Friday,False,False,False,5,SPRING,CLEAR,LIGHT
MANHATTAN,2026-05-29 15:00:00,21.57,0.0,44500.0,0.0,0.0,0.0,9.93,2026-05-29,15,Friday,False,False,False,5,SPRING,CLEAR,LIGHT
MANHATTAN,2026-05-29 16:00:00,23.17,0.0,58100.0,0.0,0.0,0.0,11.3,2026-05-29,16,Friday,False,True,False,5,SPRING,CLEAR,LIGHT
MANHATTAN,2026-05-29 17:00:00,24.02,0.0,55600.0,0.0,0.0,0.0,13.8,2026-05-29,17,Friday,False,True,False,5,SPRING,CLEAR,LIGHT
MANHATTAN,2026-05-29 18:00:00,24.47,0.0,55000.0,0.0,0.0,0.0,15.52,2026-05-29,18,Friday,False,True,False,5,SPRING,CLEAR,LIGHT
MANHATTAN,2026-05-29 19:00:00,24.92,0.0,52800.0,0.0,0.0,0.0,17.55,2026-05-29,19,Friday,False,True,False,5,SPRING,CLEAR,LIGHT
MANHATTAN,2026-05-29 20:00:00,25.07,0.0,55200.0,0.0,0.0,0.0,16.92,2026-05-29,20,Friday,False,False,True,5,SPRING,CLEAR,LIGHT
MANHATTAN,2026-05-29 21:00:00,25.17,0.0,59000.0,0.0,0.0,0.0,18.33,2026-05-29,21,Friday,False,False,True,5,SPRING,CLEAR,LIGHT
MANHATTAN,2026-05-29 22:00:00,24.97,0.0,58400.0,0.0,0.0,0.0,15.48,2026-05-29,22,Friday,False,False,True,5,SPRING,CLEAR,LIGHT
MANHATTAN,2026-05-29 23:00:00,23.67,0.0,54500.0,0.0,0.0,0.0,16.36,2026-05-29,23,Friday,False,False,True,5,SPRING,CLEAR,LIGHT
MANHATTAN,2026-05-30 00:00:00,23.02,0.0,55200.0,0.0,0.0,0.0,16.87,2026-05-30,0,Saturday,True,False,True,5,SPRING,CLEAR,LIGHT
MANHATTAN,2026-05-30 01:00:00,23.27,0.0,57200.0,0.0,0.0,0.0,14.51,2026-05-30,1,Saturday,True,False,True,5,SPRING,CLEAR,LIGHT
MANHATTAN,2026-05-30 02:00:00,22.87,0.0,54400.0,0.0,0.0,0.0,16.81,2026-05-30,2,Saturday,True,False,True,5,SPRING,CLEAR,LIGHT
MANHATTAN,2026-05-30 03:00:00,23.72,0.0,58900.0,0.0,0.0,0.0,16.6,2026-05-30,3,Saturday,True,False,True,5,SPRING,CLEAR,LIGHT
MANHATTAN,2026-05-30 04:00:00,22.32,0.0,46200.0,0.0,0.0,0.0,19.51,2026-05-30,4,Saturday,True,False,True,5,SPRING,CLEAR,LIGHT
MANHATTAN,2026-05-30 05:00:00,22.17,0.0,49300.0,0.0,0.0,0.0,13.83,2026-05-30,5,Saturday,True,False,True,5,SPRING,CLEAR,LIGHT
MANHATTAN,2026-05-30 06:00:00,20.92,0.0,51100.0,0.0,0.0,0.0,15.75,2026-05-30,6,Saturday,True,False,False,5,SPRING,CLEAR,LIGHT
MANHATTAN,2026-05-30 07:00:00,18.97,0.0,43700.0,0.0,0.0,0.0,24.19,2026-05-30,7,Saturday,True,True,False,5,SPRING,CLEAR,LIGHT
MANHATTAN,2026-05-30 08:00:00,16.12,0.0,48500.0,0.0,0.0,0.0,25.08,2026-05-30,8,Saturday,True,True,False,5,SPRING,CLEAR,LIGHT
MANHATTAN,2026-05-30 09:00:00,13.87,0.0,45200.0,0.0,0.0,0.0,26.76,2026-05-30,9,Saturday,True,True,False,5,SPRING,CLEAR,LIGHT
MANHATTAN,2026-05-30 10:00:00,12.47,0.0,39600.0,0.0,0.0,0.0,26.01,2026-05-30,10,Saturday,True,False,False,5,SPRING,CLEAR,LIGHT
MANHATTAN,2026-05-30 11:00:00,12.62,0.0,37600.0,0.0,0.0,0.0,25.58,2026-05-30,11,Saturday,True,False,False,5,SPRING,CLEAR,LIGHT
MANHATTAN,2026-05-30 12:00:00,13.32,0.0,35000.0,0.0,0.0,0.0,30.93,2026-05-30,12,Saturday,True,False,False,5,SPRING,WIND,MODERATE
MANHATTAN,2026-05-30 13:00:00,14.22,0.0,34700.0,0.0,0.0,0.0,27.84,2026-05-30,13,Saturday,True,False,False,5,SPRING,CLEAR,LIGHT
MANHATTAN,2026-05-30 14:00:00,15.22,0.0,39600.0,0.0,0.0,0.0,25.87,2026-05-30,14,Saturday,True,False,False,5,SPRING,CLEAR,LIGHT
MANHATTAN,2026-05-30 15:00:00,14.37,0.0,29500.0,0.0,0.0,0.0,28.93,2026-05-30,15,Saturday,True,False,False,5,SPRING,CLEAR,LIGHT
MANHATTAN,2026-05-30 16:00:00,14.87,0.0,34100.0,0.0,0.0,0.0,29.83,2026-05-30,16,Saturday,True,True,False,5,SPRING,CLEAR,LIGHT
MANHATTAN,2026-05-30 17:00:00,15.17,0.0,33800.0,0.0,0.0,0.0,29.27,2026-05-30,17,Saturday,True,True,False,5,SPRING,CLEAR,LIGHT
MANHATTAN,2026-05-30 18:00:00,14.22,0.0,30600.0,0.0,0.0,0.0,30.65,2026-05-30,18,Saturday,True,True,False,5,SPRING,WIND,MODERATE
MANHATTAN,2026-05-30 19:00:00,14.97,0.0,32000.0,0.0,0.0,0.0,27.4,2026-05-30,19,Saturday,True,True,False,5,SPRING,CLEAR,LIGHT
MANHATTAN,2026-05-30 20:00:00,15.02,0.0,31500.0,0.0,0.0,0.0,25.2,2026-05-30,20,Saturday,True,False,True,5,SPRING,CLEAR,LIGHT
MANHATTAN,2026-05-30 21:00:00,14.97,0.0,31700.0,0.0,0.0,0.0,21.35,2026-05-30,21,Saturday,True,False,True,5,SPRING,CLEAR,LIGHT
MANHATTAN,2026-05-30 22:00:00,16.32,0.0,37300.0,0.0,0.0,0.0,19.47,2026-05-30,22,Saturday,True,False,True,5,SPRING,CLEAR,LIGHT
MANHATTAN,2026-05-30 23:00:00,15.72,0.0,37700.0,0.0,0.0,0.0,15.58,2026-05-30,23,Saturday,True,False,True,5,SPRING,CLEAR,LIGHT
MANHATTAN,2026-05-31 00:00:00,14.22,0.0,31600.0,0.0,0.0,0.0,11.3,2026-05-31,0,Sunday,True,False,True,5,SPRING,CLEAR,LIGHT
MANHATTAN,2026-05-31 01:00:00,13.02,0.0,32100.0,0.0,0.0,0.0,5.01,2026-05-31,1,Sunday,True,False,True,5,SPRING,CLEAR,LIGHT
MANHATTAN,2026-05-31 02:00:00,11.82,0.0,30100.0,0.0,0.0,0.0,6.57,2026-05-31,2,Sunday,True,False,True,5,SPRING,CLEAR,LIGHT
MANHATTAN,2026-05-31 03:00:00,10.87,0.0,26400.0,0.0,0.0,0.0,5.05,2026-05-31,3,Sunday,True,False,True,5,SPRING,CLEAR,LIGHT
MANHATTAN,2026-05-31 04:00:00,10.37,0.0,25400.0,0.0,0.0,0.0,3.83,2026-05-31,4,Sunday,True,False,True,5,SPRING,CLEAR,LIGHT
MANHATTAN,2026-05-31 05:00:00,9.67,0.0,22200.0,0.0,0.0,0.0,4.45,2026-05-31,5,Sunday,True,False,True,5,SPRING,CLEAR,LIGHT
MANHATTAN,2026-05-31 06:00:00,9.57,0.0,20700.0,0.0,0.0,0.0,6.12,2026-05-31,6,Sunday,True,False,False,5,SPRING,CLEAR,LIGHT
MANHATTAN,2026-05-31 07:00:00,9.07,0.0,25500.0,0.0,0.0,0.0,4.68,2026-05-31,7,Sunday,True,True,False,5,SPRING,CLEAR,LIGHT
MANHATTAN,2026-05-31 08:00:00,8.32,0.0,24000.0,0.0,0.0,0.0,6.95,2026-05-31,8,Sunday,True,True,False,5,SPRING,CLEAR,LIGHT
MANHATTAN,2026-05-31 09:00:00,7.77,0.0,20200.0,0.0,0.0,0.0,6.15,2026-05-31,9,Sunday,True,True,False,5,SPRING,CLEAR,LIGHT
MANHATTAN,2026-05-31 10:00:00,8.02,0.0,22200.0,0.0,0.0,0.0,6.12,2026-05-31,10,Sunday,True,False,False,5,SPRING,CLEAR,LIGHT
MANHATTAN,2026-05-31 11:00:00,10.52,0.0,26100.0,0.0,0.0,0.0,7.09,2026-05-31,11,Sunday,True,False,False,5,SPRING,CLEAR,LIGHT
MANHATTAN,2026-05-31 12:00:00,13.37,0.0,33000.0,0.0,0.0,0.0,5.41,2026-05-31,12,Sunday,True,False,False,5,SPRING,CLEAR,LIGHT
MANHATTAN,2026-05-31 13:00:00,16.17,0.0,41700.0,0.0,0.0,0.0,5.41,2026-05-31,13,Sunday,True,False,False,5,SPRING,CLEAR,LIGHT
MANHATTAN,2026-05-31 14:00:00,18.42,0.0,42800.0,0.0,0.0,0.0,7.21,2026-05-31,14,Sunday,True,False,False,5,SPRING,CLEAR,LIGHT
MANHATTAN,2026-05-31 15:00:00,20.87,0.0,44000.0,0.0,0.0,0.0,8.65,2026-05-31,15,Sunday,True,False,False,5,SPRING,CLEAR,LIGHT
MANHATTAN,2026-05-31 16:00:00,22.42,0.0,50900.0,0.0,0.0,0.0,10.48,2026-05-31,16,Sunday,True,True,False,5,SPRING,CLEAR,LIGHT
MANHATTAN,2026-05-31 17:00:00,23.82,0.0,58800.0,0.0,0.0,0.0,13.0,2026-05-31,17,Sunday,True,True,False,5,SPRING,CLEAR,LIGHT
MANHATTAN,2026-05-31 18:00:00,23.72,0.0,54000.0,0.0,0.0,0.0,14.42,2026-05-31,18,Sunday,True,True,False,5,SPRING,CLEAR,LIGHT
MANHATTAN,2026-05-31 19:00:00,24.57,0.0,58000.0,0.0,0.0,0.0,17.38,2026-05-31,19,Sunday,True,True,False,5,SPRING,CLEAR,LIGHT
MANHATTAN,2026-05-31 20:00:00,24.32,0.0,66700.0,0.0,0.0,0.0,19.96,2026-05-31,20,Sunday,True,False,True,5,SPRING,CLEAR,LIGHT
MANHATTAN,2026-05-31 21:00:00,25.22,0.0,69000.0,0.0,0.0,0.0,17.37,2026-05-31,21,Sunday,True,False,True,5,SPRING,CLEAR,LIGHT
MANHATTAN,2026-05-31 22:00:00,24.07,0.0,70100.0,0.0,0.0,0.0,21.32,2026-05-31,22,Sunday,True,False,True,5,SPRING,CLEAR,LIGHT
MANHATTAN,2026-05-31 23:00:00,23.87,0.0,68100.0,0.0,0.0,0.0,13.78,2026-05-31,23,Sunday,True,False,True,5,SPRING,CLEAR,LIGHT
MANHATTAN,2026-06-01 00:00:00,23.57,0.0,74700.0,0.0,0.0,0.0,11.79,2026-06-01,0,Monday,False,False,True,6,SUMMER,CLEAR,LIGHT
MANHATTAN,2026-06-01 01:00:00,21.37,0.0,65700.0,0.0,0.0,0.0,6.92,2026-06-01,1,Monday,False,False,True,6,SUMMER,CLEAR,LIGHT
MANHATTAN,2026-06-01 02:00:00,20.27,0.0,62300.0,0.0,0.0,0.0,6.76,2026-06-01,2,Monday,False,False,True,6,SUMMER,CLEAR,LIGHT
MANHATTAN,2026-06-01 03:00:00,20.87,0.0,64500.0,0.0,0.0,0.0,7.42,2026-06-01,3,Monday,False,False,True,6,SUMMER,CLEAR,LIGHT
MANHATTAN,2026-06-01 04:00:00,20.17,0.0,58100.0,0.0,0.0,0.0,7.28,2026-06-01,4,Monday,False,False,True,6,SUMMER,CLEAR,LIGHT
MANHATTAN,2026-06-01 05:00:00,18.37,0.0,38700.0,0.0,0.0,0.0,14.8,2026-06-01,5,Monday,False,False,True,6,SUMMER,CLEAR,LIGHT
MANHATTAN,2026-06-01 06:00:00,17.47,0.0,33200.0,0.0,0.0,0.0,16.65,2026-06-01,6,Monday,False,False,False,6,SUMMER,CLEAR,LIGHT
MANHATTAN,2026-06-01 07:00:00,16.12,0.0,27400.0,0.0,0.0,0.0,13.55,2026-06-01,7,Monday,False,True,False,6,SUMMER,CLEAR,LIGHT
MANHATTAN,2026-06-01 08:00:00,14.72,0.0,22900.0,0.0,0.0,0.0,7.39,2026-06-01,8,Monday,False,True,False,6,SUMMER,CLEAR,LIGHT
MANHATTAN,2026-06-01 09:00:00,14.77,0.0,25500.0,0.0,0.0,0.0,4.07,2026-06-01,9,Monday,False,True,False,6,SUMMER,CLEAR,LIGHT
MANHATTAN,2026-06-01 10:00:00,14.42,0.0,23200.0,0.0,0.0,0.0,3.6,2026-06-01,10,Monday,False,False,False,6,SUMMER,CLEAR,LIGHT
MANHATTAN,2026-06-01 11:00:00,15.87,0.0,24900.0,0.0,0.0,0.0,4.69,2026-06-01,11,Monday,False,False,False,6,SUMMER,CLEAR,LIGHT
MANHATTAN,2026-06-01 12:00:00,17.82,0.0,30300.0,0.0,0.0,0.0,8.67,2026-06-01,12,Monday,False,False,False,6,SUMMER,CLEAR,LIGHT
MANHATTAN,2026-06-01 13:00:00,18.82,0.0,29200.0,0.0,0.0,0.0,7.42,2026-06-01,13,Monday,False,False,False,6,SUMMER,CLEAR,LIGHT
MANHATTAN,2026-06-01 14:00:00,19.82,0.0,31900.0,0.0,0.0,0.0,11.72,2026-06-01,14,Monday,False,False,False,6,SUMMER,CLEAR,LIGHT
MANHATTAN,2026-06-01 15:00:00,20.47,0.0,36900.0,0.0,0.0,0.0,14.93,2026-06-01,15,Monday,False,False,False,6,SUMMER,CLEAR,LIGHT
MANHATTAN,2026-06-01 16:00:00,20.82,0.0,36600.0,0.0,0.0,0.0,16.06,2026-06-01,16,Monday,False,True,False,6,SUMMER,CLEAR,LIGHT
MANHATTAN,2026-06-01 17:00:00,20.92,0.0,38900.0,0.0,0.0,0.0,16.55,2026-06-01,17,Monday,False,True,False,6,SUMMER,CLEAR,LIGHT
MANHATTAN,2026-06-01 18:00:00,20.62,0.0,35300.0,0.0,0.0,0.0,16.78,2026-06-01,18,Monday,False,True,False,6,SUMMER,CLEAR,LIGHT
MANHATTAN,2026-06-01 19:00:00,21.22,0.0,40800.0,0.0,0.0,0.0,20.47,2026-06-01,19,Monday,False,True,False,6,SUMMER,CLEAR,LIGHT
MANHATTAN,2026-06-01 20:00:00,20.17,0.0,34700.0,0.0,0.0,0.0,20.11,2026-06-01,20,Monday,False,False,True,6,SUMMER,CLEAR,LIGHT
MANHATTAN,2026-06-01 21:00:00,19.62,0.0,35700.0,0.0,0.0,0.0,19.91,2026-06-01,21,Monday,False,False,True,6,SUMMER,CLEAR,LIGHT
MANHATTAN,2026-06-01 22:00:00,18.67,0.0,35800.0,0.0,0.0,0.0,13.71,2026-06-01,22,Monday,False,False,True,6,SUMMER,CLEAR,LIGHT
MANHATTAN,2026-06-01 23:00:00,17.77,0.0,33100.0,0.0,0.0,0.0,12.77,2026-06-01,23,Monday,False,False,True,6,SUMMER,CLEAR,LIGHT
MANHATTAN,2026-06-02 00:00:00,16.37,0.0,28300.0,0.0,0.0,0.0,14.08,2026-06-02,0,Tuesday,False,False,True,6,SUMMER,CLEAR,LIGHT
MANHATTAN,2026-06-02 01:00:00,14.67,0.0,23300.0,0.0,0.0,0.0,8.89,2026-06-02,1,Tuesday,False,False,True,6,SUMMER,CLEAR,LIGHT
MANHATTAN,2026-06-02 02:00:00,13.72,0.0,22100.0,0.0,0.0,0.0,4.2,2026-06-02,2,Tuesday,False,False,True,6,SUMMER,CLEAR,LIGHT
MANHATTAN,2026-06-02 03:00:00,12.67,0.0,20700.0,0.0,0.0,0.0,4.39,2026-06-02,3,Tuesday,False,False,True,6,SUMMER,CLEAR,LIGHT
BROOKLYN,2026-05-03 04:00:00,0.0,0.0,0.0,0.0,0.0,0.0,0.0,2026-05-03,4,Sunday,True,False,True,5,SPRING,FOG,SEVERE
BROOKLYN,2026-05-03 05:00:00,0.0,0.0,0.0,0.0,0.0,0.0,0.0,2026-05-03,5,Sunday,True,False,True,5,SPRING,FOG,SEVERE
BROOKLYN,2026-05-03 06:00:00,0.0,0.0,0.0,0.0,0.0,0.0,0.0,2026-05-03,6,Sunday,True,False,False,5,SPRING,FOG,SEVERE
BROOKLYN,2026-05-03 07:00:00,0.0,0.0,0.0,0.0,0.0,0.0,0.0,2026-05-03,7,Sunday,True,True,False,5,SPRING,FOG,SEVERE
BROOKLYN,2026-05-03 08:00:00,0.0,0.0,0.0,0.0,0.0,0.0,0.0,2026-05-03,8,Sunday,True,True,False,5,SPRING,FOG,SEVERE
BROOKLYN,2026-05-03 09:00:00,0.0,0.0,0.0,0.0,0.0,0.0,0.0,2026-05-03,9,Sunday,True,True,False,5,SPRING,FOG,SEVERE
BROOKLYN,2026-05-03 10:00:00,0.0,0.0,0.0,0.0,0.0,0.0,0.0,2026-05-03,10,Sunday,True,False,False,5,SPRING,FOG,SEVERE
BROOKLYN,2026-05-03 11:00:00,0.0,0.0,0.0,0.0,0.0,0.0,0.0,2026-05-03,11,Sunday,True,False,False,5,SPRING,FOG,SEVERE
BROOKLYN,2026-05-03 12:00:00,0.0,0.0,0.0,0.0,0.0,0.0,0.0,2026-05-03,12,Sunday,True,False,False,5,SPRING,FOG,SEVERE
BROOKLYN,2026-05-03 13:00:00,0.0,0.0,0.0,0.0,0.0,0.0,0.0,2026-05-03,13,Sunday,True,False,False,5,SPRING,FOG,SEVERE
BROOKLYN,2026-05-03 14:00:00,0.0,0.0,0.0,0.0,0.0,0.0,0.0,2026-05-03,14,Sunday,True,False,False,5,SPRING,FOG,SEVERE
BROOKLYN,2026-05-03 15:00:00,0.0,0.0,0.0,0.0,0.0,0.0,0.0,2026-05-03,15,Sunday,True,False,False,5,SPRING,FOG,SEVERE
BROOKLYN,2026-05-03 16:00:00,0.0,0.0,0.0,0.0,0.0,0.0,0.0,2026-05-03,16,Sunday,True,True,False,5,SPRING,FOG,SEVERE
BROOKLYN,2026-05-03 17:00:00,0.0,0.0,0.0,0.0,0.0,0.0,0.0,2026-05-03,17,Sunday,True,True,False,5,SPRING,FOG,SEVERE
BROOKLYN,2026-05-03 18:00:00,0.0,0.0,0.0,0.0,0.0,0.0,0.0,2026-05-03,18,Sunday,True,True,False,5,SPRING,FOG,SEVERE
BROOKLYN,2026-05-03 19:00:00,0.0,0.0,0.0,0.0,0.0,0.0,0.0,2026-05-03,19,Sunday,True,True,False,5,SPRING,FOG,SEVERE
BROOKLYN,2026-05-03 20:00:00,0.0,0.0,0.0,0.0,0.0,0.0,0.0,2026-05-03,20,Sunday,True,False,True,5,SPRING,FOG,SEVERE
BROOKLYN,2026-05-03 21:00:00,0.0,0.0,0.0,0.0,0.0,0.0,0.0,2026-05-03,21,Sunday,True,False,True,5,SPRING,FOG,SEVERE
BROOKLYN,2026-05-03 22:00:00,0.0,0.0,0.0,0.0,0.0,0.0,0.0,2026-05-03,22,Sunday,True,False,True,5,SPRING,FOG,SEVERE
BROOKLYN,2026-05-03 23:00:00,0.0,0.0,0.0,0.0,0.0,0.0,0.0,2026-05-03,23,Sunday,True,False,True,5,SPRING,FOG,SEVERE
BROOKLYN,2026-05-04 00:00:00,0.0,0.0,0.0,0.0,0.0,0.0,0.0,2026-05-04,0,Monday,False,False,True,5,SPRING,FOG,SEVERE
BROOKLYN,2026-05-04 01:00:00,0.0,0.0,0.0,0.0,0.0,0.0,0.0,2026-05-04,1,Monday,False,False,True,5,SPRING,FOG,SEVERE
BROOKLYN,2026-05-04 02:00:00,0.0,0.0,0.0,0.0,0.0,0.0,0.0,2026-05-04,2,Monday,False,False,True,5,SPRING,FOG,SEVERE
BROOKLYN,2026-05-04 03:00:00,0.0,0.0,0.0,0.0,0.0,0.0,0.0,2026-05-04,3,Monday,False,False,True,5,SPRING,FOG,SEVERE
BROOKLYN,2026-05-04 04:00:00,0.0,0.0,0.0,0.0,0.0,0.0,0.0,2026-05-04,4,Monday,False,False,True,5,SPRING,FOG,SEVERE
BROOKLYN,2026-05-04 05:00:00,0.0,0.0,0.0,0.0,0.0,0.0,0.0,2026-05-04,5,Monday,False,False,True,5,SPRING,FOG,SEVERE
BROOKLYN,2026-05-04 06:00:00,0.0,0.0,0.0,0.0,0.0,0.0,0.0,2026-05-04,6,Monday,False,False,False,5,SPRING,FOG,SEVERE
BROOKLYN,2026-05-04 07:00:00,0.0,0.0,0.0,0.0,0.0,0.0,0.0,2026-05-04,7,Monday,False,True,False,5,SPRING,FOG,SEVERE
BROOKLYN,2026-05-04 08:00:00,0.0,0.0,0.0,0.0,0.0,0.0,0.0,2026-05-04,8,Monday,False,True,False,5,SPRING,FOG,SEVERE
BROOKLYN,2026-05-04 09:00:00,0.0,0.0,0.0,0.0,0.0,0.0,0.0,2026-05-04,9,Monday,False,True,False,5,SPRING,FOG,SEVERE
BROOKLYN,2026-05-04 10:00:00,0.0,0.0,0.0,0.0,0.0,0.0,0.0,2026-05-04,10,Monday,False,False,False,5,SPRING,FOG,SEVERE
BROOKLYN,2026-05-04 11:00:00,0.0,0.0,0.0,0.0,0.0,0.0,0.0,2026-05-04,11,Monday,False,False,False,5,SPRING,FOG,SEVERE
BROOKLYN,2026-05-04 12:00:00,0.0,0.0,0.0,0.0,0.0,0.0,0.0,2026-05-04,12,Monday,False,False,False,5,SPRING,FOG,SEVERE
BROOKLYN,2026-05-04 13:00:00,0.0,0.0,0.0,0.0,0.0,0.0,0.0,2026-05-04,13,Monday,False,False,False,5,SPRING,FOG,SEVERE
BROOKLYN,2026-05-04 14:00:00,0.0,0.0,0.0,0.0,0.0,0.0,0.0,2026-05-04,14,Monday,False,False,False,5,SPRING,FOG,SEVERE
BROOKLYN,2026-05-04 15:00:00,0.0,0.0,0.0,0.0,0.0,0.0,0.0,2026-05-04,15,Monday,False,False,False,5,SPRING,FOG,SEVERE
BROOKLYN,2026-05-04 16:00:00,0.0,0.0,0.0,0.0,0.0,0.0,0.0,2026-05-04,16,Monday,False,True,False,5,SPRING,FOG,SEVERE
BROOKLYN,2026-05-04 17:00:00,0.0,0.0,0.0,0.0,0.0,0.0,0.0,2026-05-04,17,Monday,False,True,False,5,SPRING,FOG,SEVERE
BROOKLYN,2026-05-04 18:00:00,0.0,0.0,0.0,0.0,0.0,0.0,0.0,2026-05-04,18,Monday,False,True,False,5,SPRING,FOG,SEVERE
BROOKLYN,2026-05-04 19:00:00,0.0,0.0,0.0,0.0,0.0,0.0,0.0,2026-05-04,19,Monday,False,True,False,5,SPRING,FOG,SEVERE
BROOKLYN,2026-05-04 20:00:00,0.0,0.0,0.0,0.0,0.0,0.0,0.0,2026-05-04,20,Monday,False,False,True,5,SPRING,FOG,SEVERE
BROOKLYN,2026-05-04 21:00:00,0.0,0.0,0.0,0.0,0.0,0.0,0.0,2026-05-04,21,Monday,False,False,True,5,SPRING,FOG,SEVERE
BROOKLYN,2026-05-04 22:00:00,0.0,0.0,0.0,0.0,0.0,0.0,0.0,2026-05-04,22,Monday,False,False,True,5,SPRING,FOG,SEVERE
BROOKLYN,2026-05-04 23:00:00,0.0,0.0,0.0,0.0,0.0,0.0,0.0,2026-05-04,23,Monday,False,False,True,5,SPRING,FOG,SEVERE
BROOKLYN,2026-05-05 00:00:00,0.0,0.0,0.0,0.0,0.0,0.0,0.0,2026-05-05,0,Tuesday,False,False,True,5,SPRING,FOG,SEVERE
BROOKLYN,2026-05-05 01:00:00,0.0,0.0,0.0,0.0,0.0,0.0,0.0,2026-05-05,1,Tuesday,False,False,True,5,SPRING,FOG,SEVERE
BROOKLYN,2026-05-05 02:00:00,0.0,0.0,0.0,0.0,0.0,0.0,0.0,2026-05-05,2,Tuesday,False,False,True,5,SPRING,FOG,SEVERE
BROOKLYN,2026-05-05 03:00:00,0.0,0.0,0.0,0.0,0.0,0.0,0.0,2026-05-05,3,Tuesday,False,False,True,5,SPRING,FOG,SEVERE
BROOKLYN,2026-05-05 04:00:00,0.0,0.0,0.0,0.0,0.0,0.0,0.0,2026-05-05,4,Tuesday,False,False,True,5,SPRING,FOG,SEVERE
BROOKLYN,2026-05-05 05:00:00,0.0,0.0,0.0,0.0,0.0,0.0,0.0,2026-05-05,5,Tuesday,False,False,True,5,SPRING,FOG,SEVERE
BROOKLYN,2026-05-05 06:00:00,0.0,0.0,0.0,0.0,0.0,0.0,0.0,2026-05-05,6,Tuesday,False,False,False,5,SPRING,FOG,SEVERE
BROOKLYN,2026-05-05 07:00:00,0.0,0.0,0.0,0.0,0.0,0.0,0.0,2026-05-05,7,Tuesday,False,True,False,5,SPRING,FOG,SEVERE
BROOKLYN,2026-05-05 08:00:00,0.0,0.0,0.0,0.0,0.0,0.0,0.0,2026-05-05,8,Tuesday,False,True,False,5,SPRING,FOG,SEVERE
BROOKLYN,2026-05-05 09:00:00,0.0,0.0,0.0,0.0,0.0,0.0,0.0,2026-05-05,9,Tuesday,False,True,False,5,SPRING,FOG,SEVERE
BROOKLYN,2026-05-05 10:00:00,0.0,0.0,0.0,0.0,0.0,0.0,0.0,2026-05-05,10,Tuesday,False,False,False,5,SPRING,FOG,SEVERE
BROOKLYN,2026-05-05 11:00:00,0.0,0.0,0.0,0.0,0.0,0.0,0.0,2026-05-05,11,Tuesday,False,False,False,5,SPRING,FOG,SEVERE
BROOKLYN,2026-05-05 12:00:00,0.0,0.0,0.0,0.0,0.0,0.0,0.0,2026-05-05,12,Tuesday,False,False,False,5,SPRING,FOG,SEVERE
BROOKLYN,2026-05-05 13:00:00,0.0,0.0,0.0,0.0,0.0,0.0,0.0,2026-05-05,13,Tuesday,False,False,False,5,SPRING,FOG,SEVERE
BROOKLYN,2026-05-05 14:00:00,0.0,0.0,0.0,0.0,0.0,0.0,0.0,2026-05-05,14,Tuesday,False,False,False,5,SPRING,FOG,SEVERE
BROOKLYN,2026-05-05 15:00:00,0.0,0.0,0.0,0.0,0.0,0.0,0.0,2026-05-05,15,Tuesday,False,False,False,5,SPRING,FOG,SEVERE
BROOKLYN,2026-05-05 16:00:00,0.0,0.0,0.0,0.0,0.0,0.0,0.0,2026-05-05,16,Tuesday,False,True,False,5,SPRING,FOG,SEVERE
BROOKLYN,2026-05-05 17:00:00,0.0,0.0,0.0,0.0,0.0,0.0,0.0,2026-05-05,17,Tuesday,False,True,False,5,SPRING,FOG,SEVERE
BROOKLYN,2026-05-05 18:00:00,0.0,0.0,0.0,0.0,0.0,0.0,0.0,2026-05-05,18,Tuesday,False,True,False,5,SPRING,FOG,SEVERE
BROOKLYN,2026-05-05 19:00:00,0.0,0.0,0.0,0.0,0.0,0.0,0.0,2026-05-05,19,Tuesday,False,True,False,5,SPRING,FOG,SEVERE
BROOKLYN,2026-05-05 20:00:00,0.0,0.0,0.0,0.0,0.0,0.0,0.0,2026-05-05,20,Tuesday,False,False,True,5,SPRING,FOG,SEVERE
BROOKLYN,2026-05-05 21:00:00,0.0,0.0,0.0,0.0,0.0,0.0,0.0,2026-05-05,21,Tuesday,False,False,True,5,SPRING,FOG,SEVERE
BROOKLYN,2026-05-05 22:00:00,0.0,0.0,0.0,0.0,0.0,0.0,0.0,2026-05-05,22,Tuesday,False,False,True,5,SPRING,FOG,SEVERE
BROOKLYN,2026-05-05 23:00:00,0.0,0.0,0.0,0.0,0.0,0.0,0.0,2026-05-05,23,Tuesday,False,False,True,5,SPRING,FOG,SEVERE
BROOKLYN,2026-05-06 00:00:00,0.0,0.0,0.0,0.0,0.0,0.0,0.0,2026-05-06,0,Wednesday,False,False,True,5,SPRING,FOG,SEVERE
BROOKLYN,2026-05-06 01:00:00,0.0,0.0,0.0,0.0,0.0,0.0,0.0,2026-05-06,1,Wednesday,False,False,True,5,SPRING,FOG,SEVERE
BROOKLYN,2026-05-06 02:00:00,0.0,0.0,0.0,0.0,0.0,0.0,0.0,2026-05-06,2,Wednesday,False,False,True,5,SPRING,FOG,SEVERE
BROOKLYN,2026-05-06 03:00:00,0.0,0.0,0.0,0.0,0.0,0.0,0.0,2026-05-06,3,Wednesday,False,False,True,5,SPRING,FOG,SEVERE
BROOKLYN,2026-05-06 04:00:00,0.0,0.0,0.0,0.0,0.0,0.0,0.0,2026-05-06,4,Wednesday,False,False,True,5,SPRING,FOG,SEVERE
BROOKLYN,2026-05-06 05:00:00,0.0,0.0,0.0,0.0,0.0,0.0,0.0,2026-05-06,5,Wednesday,False,False,True,5,SPRING,FOG,SEVERE
BROOKLYN,2026-05-06 06:00:00,0.0,0.0,0.0,0.0,0.0,0.0,0.0,2026-05-06,6,Wednesday,False,False,False,5,SPRING,FOG,SEVERE
BROOKLYN,2026-05-06 07:00:00,0.0,0.0,0.0,0.0,0.0,0.0,0.0,2026-05-06,7,Wednesday,False,True,False,5,SPRING,FOG,SEVERE
BROOKLYN,2026-05-06 08:00:00,0.0,0.0,0.0,0.0,0.0,0.0,0.0,2026-05-06,8,Wednesday,False,True,False,5,SPRING,FOG,SEVERE
BROOKLYN,2026-05-06 09:00:00,0.0,0.0,0.0,0.0,0.0,0.0,0.0,2026-05-06,9,Wednesday,False,True,False,5,SPRING,FOG,SEVERE
BROOKLYN,2026-05-06 10:00:00,0.0,0.0,0.0,0.0,0.0,0.0,0.0,2026-05-06,10,Wednesday,False,False,False,5,SPRING,FOG,SEVERE
BROOKLYN,2026-05-06 11:00:00,0.0,0.0,0.0,0.0,0.0,0.0,0.0,2026-05-06,11,Wednesday,False,False,False,5,SPRING,FOG,SEVERE
BROOKLYN,2026-05-06 12:00:00,0.0,0.0,0.0,0.0,0.0,0.0,0.0,2026-05-06,12,Wednesday,False,False,False,5,SPRING,FOG,SEVERE
BROOKLYN,2026-05-06 13:00:00,0.0,0.0,0.0,0.0,0.0,0.0,0.0,2026-05-06,13,Wednesday,False,False,False,5,SPRING,FOG,SEVERE
BROOKLYN,2026-05-06 14:00:00,0.0,0.0,0.0,0.0,0.0,0.0,0.0,2026-05-06,14,Wednesday,False,False,False,5,SPRING,FOG,SEVERE
BROOKLYN,2026-05-06 15:00:00,0.0,0.0,0.0,0.0,0.0,0.0,0.0,2026-05-06,15,Wednesday,False,False,False,5,SPRING,FOG,SEVERE
BROOKLYN,2026-05-06 16:00:00,0.0,0.0,0.0,0.0,0.0,0.0,0.0,2026-05-06,16,Wednesday,False,True,False,5,SPRING,FOG,SEVERE
BROOKLYN,2026-05-06 17:00:00,0.0,0.0,0.0,0.0,0.0,0.0,0.0,2026-05-06,17,Wednesday,False,True,False,5,SPRING,FOG,SEVERE
BROOKLYN,2026-05-06 18:00:00,0.0,0.0,0.0,0.0,0.0,0.0,0.0,2026-05-06,18,Wednesday,False,True,False,5,SPRING,FOG,SEVERE
BROOKLYN,2026-05-06 19:00:00,0.0,0.0,0.0,0.0,0.0,0.0,0.0,2026-05-06,19,Wednesday,False,True,False,5,SPRING,FOG,SEVERE
BROOKLYN,2026-05-06 20:00:00,0.0,0.0,0.0,0.0,0.0,0.0,0.0,2026-05-06,20,Wednesday,False,False,True,5,SPRING,FOG,SEVERE
BROOKLYN,2026-05-06 21:00:00,0.0,0.0,0.0,0.0,0.0,0.0,0.0,2026-05-06,21,Wednesday,False,False,True,5,SPRING,FOG,SEVERE
BROOKLYN,2026-05-06 22:00:00,0.0,0.0,0.0,0.0,0.0,0.0,0.0,2026-05-06,22,Wednesday,False,False,True,5,SPRING,FOG,SEVERE
BROOKLYN,2026-05-06 23:00:00,0.0,0.0,0.0,0.0,0.0,0.0,0.0,2026-05-06,23,Wednesday,False,False,True,5,SPRING,FOG,SEVERE
BROOKLYN,2026-05-07 00:00:00,0.0,0.0,0.0,0.0,0.0,0.0,0.0,2026-05-07,0,Thursday,False,False,True,5,SPRING,FOG,SEVERE
BROOKLYN,2026-05-07 01:00:00,0.0,0.0,0.0,0.0,0.0,0.0,0.0,2026-05-07,1,Thursday,False,False,True,5,SPRING,FOG,SEVERE
BROOKLYN,2026-05-07 02:00:00,0.0,0.0,0.0,0.0,0.0,0.0,0.0,2026-05-07,2,Thursday,False,False,True,5,SPRING,FOG,SEVERE
BROOKLYN,2026-05-07 03:00:00,0.0,0.0,0.0,0.0,0.0,0.0,0.0,2026-05-07,3,Thursday,False,False,True,5,SPRING,FOG,SEVERE
BROOKLYN,2026-05-07 04:00:00,0.0,0.0,0.0,0.0,0.0,0.0,0.0,2026-05-07,4,Thursday,False,False,True,5,SPRING,FOG,SEVERE
BROOKLYN,2026-05-07 05:00:00,0.0,0.0,0.0,0.0,0.0,0.0,0.0,2026-05-07,5,Thursday,False,False,True,5,SPRING,FOG,SEVERE
BROOKLYN,2026-05-07 06:00:00,0.0,0.0,0.0,0.0,0.0,0.0,0.0,2026-05-07,6,Thursday,False,False,False,5,SPRING,FOG,SEVERE
BROOKLYN,2026-05-07 07:00:00,0.0,0.0,0.0,0.0,0.0,0.0,0.0,2026-05-07,7,Thursday,False,True,False,5,SPRING,FOG,SEVERE
BROOKLYN,2026-05-07 08:00:00,0.0,0.0,0.0,0.0,0.0,0.0,0.0,2026-05-07,8,Thursday,False,True,False,5,SPRING,FOG,SEVERE
BROOKLYN,2026-05-07 09:00:00,0.0,0.0,0.0,0.0,0.0,0.0,0.0,2026-05-07,9,Thursday,False,True,False,5,SPRING,FOG,SEVERE
BROOKLYN,2026-05-07 10:00:00,0.0,0.0,0.0,0.0,0.0,0.0,0.0,2026-05-07,10,Thursday,False,False,False,5,SPRING,FOG,SEVERE
BROOKLYN,2026-05-07 11:00:00,0.0,0.0,0.0,0.0,0.0,0.0,0.0,2026-05-07,11,Thursday,False,False,False,5,SPRING,FOG,SEVERE
BROOKLYN,2026-05-07 12:00:00,0.0,0.0,0.0,0.0,0.0,0.0,0.0,2026-05-07,12,Thursday,False,False,False,5,SPRING,FOG,SEVERE
BROOKLYN,2026-05-07 13:00:00,0.0,0.0,0.0,0.0,0.0,0.0,0.0,2026-05-07,13,Thursday,False,False,False,5,SPRING,FOG,SEVERE
BROOKLYN,2026-05-07 14:00:00,0.0,0.0,0.0,0.0,0.0,0.0,0.0,2026-05-07,14,Thursday,False,False,False,5,SPRING,FOG,SEVERE
BROOKLYN,2026-05-07 15:00:00,0.0,0.0,0.0,0.0,0.0,0.0,0.0,2026-05-07,15,Thursday,False,False,False,5,SPRING,FOG,SEVERE
BROOKLYN,2026-05-07 16:00:00,0.0,0.0,0.0,0.0,0.0,0.0,0.0,2026-05-07,16,Thursday,False,True,False,5,SPRING,FOG,SEVERE
BROOKLYN,2026-05-07 17:00:00,0.0,0.0,0.0,0.0,0.0,0.0,0.0,2026-05-07,17,Thursday,False,True,False,5,SPRING,FOG,SEVERE
BROOKLYN,2026-05-07 18:00:00,0.0,0.0,0.0,0.0,0.0,0.0,0.0,2026-05-07,18,Thursday,False,True,False,5,SPRING,FOG,SEVERE
BROOKLYN,2026-05-07 19:00:00,0.0,0.0,0.0,0.0,0.0,0.0,0.0,2026-05-07,19,Thursday,False,True,False,5,SPRING,FOG,SEVERE
BROOKLYN,2026-05-07 20:00:00,0.0,0.0,0.0,0.0,0.0,0.0,0.0,2026-05-07,20,Thursday,False,False,True,5,SPRING,FOG,SEVERE
BROOKLYN,2026-05-07 21:00:00,0.0,0.0,0.0,0.0,0.0,0.0,0.0,2026-05-07,21,Thursday,False,False,True,5,SPRING,FOG,SEVERE
BROOKLYN,2026-05-07 22:00:00,0.0,0.0,0.0,0.0,0.0,0.0,0.0,2026-05-07,22,Thursday,False,False,True,5,SPRING,FOG,SEVERE
BROOKLYN,2026-05-07 23:00:00,0.0,0.0,0.0,0.0,0.0,0.0,0.0,2026-05-07,23,Thursday,False,False,True,5,SPRING,FOG,SEVERE
BROOKLYN,2026-05-08 00:00:00,0.0,0.0,0.0,0.0,0.0,0.0,0.0,2026-05-08,0,Friday,False,False,True,5,SPRING,FOG,SEVERE
BROOKLYN,2026-05-08 01:00:00,0.0,0.0,0.0,0.0,0.0,0.0,0.0,2026-05-08,1,Friday,False,False,True,5,SPRING,FOG,SEVERE
BROOKLYN,2026-05-08 02:00:00,0.0,0.0,0.0,0.0,0.0,0.0,0.0,2026-05-08,2,Friday,False,False,True,5,SPRING,FOG,SEVERE
BROOKLYN,2026-05-08 03:00:00,0.0,0.0,0.0,0.0,0.0,0.0,0.0,2026-05-08,3,Friday,False,False,True,5,SPRING,FOG,SEVERE
BROOKLYN,2026-05-08 04:00:00,0.0,0.0,0.0,0.0,0.0,0.0,0.0,2026-05-08,4,Friday,False,False,True,5,SPRING,FOG,SEVERE
BROOKLYN,2026-05-08 05:00:00,0.0,0.0,0.0,0.0,0.0,0.0,0.0,2026-05-08,5,Friday,False,False,True,5,SPRING,FOG,SEVERE
BROOKLYN,2026-05-08 06:00:00,0.0,0.0,0.0,0.0,0.0,0.0,0.0,2026-05-08,6,Friday,False,False,False,5,SPRING,FOG,SEVERE
BROOKLYN,2026-05-08 07:00:00,0.0,0.0,0.0,0.0,0.0,0.0,0.0,2026-05-08,7,Friday,False,True,False,5,SPRING,FOG,SEVERE
BROOKLYN,2026-05-08 08:00:00,0.0,0.0,0.0,0.0,0.0,0.0,0.0,2026-05-08,8,Friday,False,True,False,5,SPRING,FOG,SEVERE
BROOKLYN,2026-05-08 09:00:00,0.0,0.0,0.0,0.0,0.0,0.0,0.0,2026-05-08,9,Friday,False,True,False,5,SPRING,FOG,SEVERE
BROOKLYN,2026-05-08 10:00:00,0.0,0.0,0.0,0.0,0.0,0.0,0.0,2026-05-08,10,Friday,False,False,False,5,SPRING,FOG,SEVERE
BROOKLYN,2026-05-08 11:00:00,0.0,0.0,0.0,0.0,0.0,0.0,0.0,2026-05-08,11,Friday,False,False,False,5,SPRING,FOG,SEVERE
BROOKLYN,2026-05-08 12:00:00,0.0,0.0,0.0,0.0,0.0,0.0,0.0,2026-05-08,12,Friday,False,False,False,5,SPRING,FOG,SEVERE
BROOKLYN,2026-05-08 13:00:00,0.0,0.0,0.0,0.0,0.0,0.0,0.0,2026-05-08,13,Friday,False,False,False,5,SPRING,FOG,SEVERE
BROOKLYN,2026-05-08 14:00:00,0.0,0.0,0.0,0.0,0.0,0.0,0.0,2026-05-08,14,Friday,False,False,False,5,SPRING,FOG,SEVERE
BROOKLYN,2026-05-08 15:00:00,0.0,0.0,0.0,0.0,0.0,0.0,0.0,2026-05-08,15,Friday,False,False,False,5,SPRING,FOG,SEVERE
BROOKLYN,2026-05-08 16:00:00,0.0,0.0,0.0,0.0,0.0,0.0,0.0,2026-05-08,16,Friday,False,True,False,5,SPRING,FOG,SEVERE
BROOKLYN,2026-05-08 17:00:00,0.0,0.0,0.0,0.0,0.0,0.0,0.0,2026-05-08,17,Friday,False,True,False,5,SPRING,FOG,SEVERE
BROOKLYN,2026-05-08 18:00:00,0.0,0.0,0.0,0.0,0.0,0.0,0.0,2026-05-08,18,Friday,False,True,False,5,SPRING,FOG,SEVERE
BROOKLYN,2026-05-08 19:00:00,0.0,0.0,0.0,0.0,0.0,0.0,0.0,2026-05-08,19,Friday,False,True,False,5,SPRING,FOG,SEVERE
BROOKLYN,2026-05-08 20:00:00,0.0,0.0,0.0,0.0,0.0,0.0,0.0,2026-05-08,20,Friday,False,False,True,5,SPRING,FOG,SEVERE
BROOKLYN,2026-05-08 21:00:00,0.0,0.0,0.0,0.0,0.0,0.0,0.0,2026-05-08,21,Friday,False,False,True,5,SPRING,FOG,SEVERE
BROOKLYN,2026-05-08 22:00:00,0.0,0.0,0.0,0.0,0.0,0.0,0.0,2026-05-08,22,Friday,False,False,True,5,SPRING,FOG,SEVERE
BROOKLYN,2026-05-08 23:00:00,0.0,0.0,0.0,0.0,0.0,0.0,0.0,2026-05-08,23,Friday,False,False,True,5,SPRING,FOG,SEVERE
BROOKLYN,2026-05-09 00:00:00,0.0,0.0,0.0,0.0,0.0,0.0,0.0,2026-05-09,0,Saturday,True,False,True,5,SPRING,FOG,SEVERE
BROOKLYN,2026-05-09 01:00:00,0.0,0.0,0.0,0.0,0.0,0.0,0.0,2026-05-09,1,Saturday,True,False,True,5,SPRING,FOG,SEVERE
BROOKLYN,2026-05-09 02:00:00,0.0,0.0,0.0,0.0,0.0,0.0,0.0,2026-05-09,2,Saturday,True,False,True,5,SPRING,FOG,SEVERE
BROOKLYN,2026-05-09 03:00:00,0.0,0.0,0.0,0.0,0.0,0.0,0.0,2026-05-09,3,Saturday,True,False,True,5,SPRING,FOG,SEVERE
BROOKLYN,2026-05-09 04:00:00,0.0,0.0,0.0,0.0,0.0,0.0,0.0,2026-05-09,4,Saturday,True,False,True,5,SPRING,FOG,SEVERE
BROOKLYN,2026-05-09 05:00:00,0.0,0.0,0.0,0.0,0.0,0.0,0.0,2026-05-09,5,Saturday,True,False,True,5,SPRING,FOG,SEVERE
BROOKLYN,2026-05-09 06:00:00,0.0,0.0,0.0,0.0,0.0,0.0,0.0,2026-05-09,6,Saturday,True,False,False,5,SPRING,FOG,SEVERE
BROOKLYN,2026-05-09 07:00:00,0.0,0.0,0.0,0.0,0.0,0.0,0.0,2026-05-09,7,Saturday,True,True,False,5,SPRING,FOG,SEVERE
BROOKLYN,2026-05-09 08:00:00,0.0,0.0,0.0,0.0,0.0,0.0,0.0,2026-05-09,8,Saturday,True,True,False,5,SPRING,FOG,SEVERE
BROOKLYN,2026-05-09 09:00:00,0.0,0.0,0.0,0.0,0.0,0.0,0.0,2026-05-09,9,Saturday,True,True,False,5,SPRING,FOG,SEVERE
BROOKLYN,2026-05-09 10:00:00,0.0,0.0,0.0,0.0,0.0,0.0,0.0,2026-05-09,10,Saturday,True,False,False,5,SPRING,FOG,SEVERE
BROOKLYN,2026-05-09 11:00:00,0.0,0.0,0.0,0.0,0.0,0.0,0.0,2026-05-09,11,Saturday,True,False,False,5,SPRING,FOG,SEVERE
BROOKLYN,2026-05-09 12:00:00,0.0,0.0,0.0,0.0,0.0,0.0,0.0,2026-05-09,12,Saturday,True,False,False,5,SPRING,FOG,SEVERE
BROOKLYN,2026-05-09 13:00:00,0.0,0.0,0.0,0.0,0.0,0.0,0.0,2026-05-09,13,Saturday,True,False,False,5,SPRING,FOG,SEVERE
BROOKLYN,2026-05-09 14:00:00,0.0,0.0,0.0,0.0,0.0,0.0,0.0,2026-05-09,14,Saturday,True,False,False,5,SPRING,FOG,SEVERE
BROOKLYN,2026-05-09 15:00:00,0.0,0.0,0.0,0.0,0.0,0.0,0.0,2026-05-09,15,Saturday,True,False,False,5,SPRING,FOG,SEVERE
BROOKLYN,2026-05-09 16:00:00,0.0,0.0,0.0,0.0,0.0,0.0,0.0,2026-05-09,16,Saturday,True,True,False,5,SPRING,FOG,SEVERE
BROOKLYN,2026-05-09 17:00:00,0.0,0.0,0.0,0.0,0.0,0.0,0.0,2026-05-09,17,Saturday,True,True,False,5,SPRING,FOG,SEVERE
BROOKLYN,2026-05-09 18:00:00,0.0,0.0,0.0,0.0,0.0,0.0,0.0,2026-05-09,18,Saturday,True,True,False,5,SPRING,FOG,SEVERE
BROOKLYN,2026-05-09 19:00:00,15.47,1.1,24100.0,0.70000005,0.4,0.0,8.71,2026-05-09,19,Saturday,True,True,False,5,SPRING,RAIN,LIGHT
BROOKLYN,2026-05-09 20:00:00,15.07,0.2,24100.0,0.1,0.1,0.0,12.72,2026-05-09,20,Saturday,True,False,True,5,SPRING,RAIN,LIGHT
BROOKLYN,2026-05-09 21:00:00,14.67,0.0,24100.0,0.0,0.0,0.0,15.6,2026-05-09,21,Saturday,True,False,True,5,SPRING,CLEAR,LIGHT
BROOKLYN,2026-05-09 22:00:00,14.67,0.1,22400.0,0.0,0.1,0.0,11.17,2026-05-09,22,Saturday,True,False,True,5,SPRING,RAIN,LIGHT
BROOKLYN,2026-05-09 23:00:00,14.87,0.0,23300.0,0.0,0.0,0.0,7.42,2026-05-09,23,Saturday,True,False,True,5,SPRING,CLEAR,LIGHT
BROOKLYN,2026-05-10 00:00:00,14.37,0.0,24100.0,0.0,0.0,0.0,9.83,2026-05-10,0,Sunday,True,False,True,5,SPRING,CLEAR,LIGHT
BROOKLYN,2026-05-10 01:00:00,13.27,0.0,24100.0,0.0,0.0,0.0,11.57,2026-05-10,1,Sunday,True,False,True,5,SPRING,CLEAR,LIGHT
BROOKLYN,2026-05-10 02:00:00,12.17,0.0,16700.0,0.0,0.0,0.0,13.68,2026-05-10,2,Sunday,True,False,True,5,SPRING,CLEAR,LIGHT
BROOKLYN,2026-05-10 03:00:00,11.77,0.0,9100.0,0.0,0.0,0.0,13.49,2026-05-10,3,Sunday,True,False,True,5,SPRING,CLEAR,LIGHT
BROOKLYN,2026-05-10 04:00:00,11.97,0.0,5600.0,0.0,0.0,0.0,8.89,2026-05-10,4,Sunday,True,False,True,5,SPRING,CLEAR,LIGHT
BROOKLYN,2026-05-10 05:00:00,12.17,0.0,10900.0,0.0,0.0,0.0,9.57,2026-05-10,5,Sunday,True,False,True,5,SPRING,CLEAR,LIGHT
BROOKLYN,2026-05-10 06:00:00,11.87,0.0,14600.0,0.0,0.0,0.0,4.21,2026-05-10,6,Sunday,True,False,False,5,SPRING,CLEAR,LIGHT
BROOKLYN,2026-05-10 07:00:00,11.57,0.0,24100.0,0.0,0.0,0.0,5.05,2026-05-10,7,Sunday,True,True,False,5,SPRING,CLEAR,LIGHT
BROOKLYN,2026-05-10 08:00:00,11.27,0.0,24100.0,0.0,0.0,0.0,6.41,2026-05-10,8,Sunday,True,True,False,5,SPRING,CLEAR,LIGHT
BROOKLYN,2026-05-10 09:00:00,11.27,0.0,24100.0,0.0,0.0,0.0,5.0,2026-05-10,9,Sunday,True,True,False,5,SPRING,CLEAR,LIGHT
BROOKLYN,2026-05-10 10:00:00,11.27,0.0,24100.0,0.0,0.0,0.0,7.99,2026-05-10,10,Sunday,True,False,False,5,SPRING,CLEAR,LIGHT
BROOKLYN,2026-05-10 11:00:00,11.57,0.0,24100.0,0.0,0.0,0.0,4.68,2026-05-10,11,Sunday,True,False,False,5,SPRING,CLEAR,LIGHT
BROOKLYN,2026-05-10 12:00:00,11.67,0.0,24100.0,0.0,0.0,0.0,9.22,2026-05-10,12,Sunday,True,False,False,5,SPRING,CLEAR,LIGHT
BROOKLYN,2026-05-10 13:00:00,11.97,0.0,24100.0,0.0,0.0,0.0,11.3,2026-05-10,13,Sunday,True,False,False,5,SPRING,CLEAR,LIGHT
BROOKLYN,2026-05-10 14:00:00,12.37,0.0,17100.0,0.0,0.0,0.0,9.37,2026-05-10,14,Sunday,True,False,False,5,SPRING,CLEAR,LIGHT
BROOKLYN,2026-05-10 15:00:00,12.77,0.0,16900.0,0.0,0.0,0.0,10.79,2026-05-10,15,Sunday,True,False,False,5,SPRING,CLEAR,LIGHT
BROOKLYN,2026-05-10 16:00:00,14.87,0.0,11300.0,0.0,0.0,0.0,9.59,2026-05-10,16,Sunday,True,True,False,5,SPRING,CLEAR,LIGHT
BROOKLYN,2026-05-10 17:00:00,16.87,0.0,9000.0,0.0,0.0,0.0,10.09,2026-05-10,17,Sunday,True,True,False,5,SPRING,CLEAR,LIGHT
BROOKLYN,2026-05-10 18:00:00,18.07,0.0,9100.0,0.0,0.0,0.0,13.24,2026-05-10,18,Sunday,True,True,False,5,SPRING,CLEAR,LIGHT
BROOKLYN,2026-05-10 19:00:00,17.27,0.0,14000.0,0.0,0.0,0.0,17.58,2026-05-10,19,Sunday,True,True,False,5,SPRING,CLEAR,LIGHT
BROOKLYN,2026-05-10 20:00:00,17.17,0.1,17700.0,0.0,0.1,0.0,11.92,2026-05-10,20,Sunday,True,False,True,5,SPRING,RAIN,LIGHT
BROOKLYN,2026-05-10 21:00:00,17.17,0.2,8900.0,0.0,0.2,0.0,13.89,2026-05-10,21,Sunday,True,False,True,5,SPRING,RAIN,LIGHT
BROOKLYN,2026-05-10 22:00:00,17.17,0.7,14800.0,0.0,0.7,0.0,2.16,2026-05-10,22,Sunday,True,False,True,5,SPRING,RAIN,LIGHT
BROOKLYN,2026-05-10 23:00:00,17.77,0.0,24100.0,0.0,0.0,0.0,5.8,2026-05-10,23,Sunday,True,False,True,5,SPRING,CLEAR,LIGHT
BROOKLYN,2026-05-11 00:00:00,16.07,0.5,24100.0,0.5,0.0,0.0,15.27,2026-05-11,0,Monday,False,False,True,5,SPRING,RAIN,LIGHT
BROOKLYN,2026-05-11 01:00:00,16.37,0.1,24100.0,0.1,0.0,0.0,6.62,2026-05-11,1,Monday,False,False,True,5,SPRING,RAIN,LIGHT
BROOKLYN,2026-05-11 02:00:00,17.07,0.1,21900.0,0.1,0.0,0.0,13.1,2026-05-11,2,Monday,False,False,True,5,SPRING,RAIN,LIGHT
BROOKLYN,2026-05-11 03:00:00,17.17,0.1,24100.0,0.1,0.0,0.0,9.39,2026-05-11,3,Monday,False,False,True,5,SPRING,RAIN,LIGHT
BROOKLYN,2026-05-11 04:00:00,16.47,0.0,24100.0,0.0,0.0,0.0,16.75,2026-05-11,4,Monday,False,False,True,5,SPRING,CLEAR,LIGHT
BROOKLYN,2026-05-11 05:00:00,15.77,0.0,24100.0,0.0,0.0,0.0,25.96,2026-05-11,5,Monday,False,False,True,5,SPRING,CLEAR,LIGHT
BROOKLYN,2026-05-11 06:00:00,14.07,0.5,24100.0,0.5,0.0,0.0,24.59,2026-05-11,6,Monday,False,False,False,5,SPRING,RAIN,LIGHT
BROOKLYN,2026-05-11 07:00:00,13.37,0.1,24100.0,0.1,0.0,0.0,26.42,2026-05-11,7,Monday,False,True,False,5,SPRING,RAIN,LIGHT
BROOKLYN,2026-05-11 08:00:00,13.17,0.1,24100.0,0.1,0.0,0.0,20.93,2026-05-11,8,Monday,False,True,False,5,SPRING,RAIN,LIGHT
BROOKLYN,2026-05-11 09:00:00,12.87,0.0,24100.0,0.0,0.0,0.0,17.99,2026-05-11,9,Monday,False,True,False,5,SPRING,CLEAR,LIGHT
BROOKLYN,2026-05-11 10:00:00,12.67,0.0,24100.0,0.0,0.0,0.0,17.1,2026-05-11,10,Monday,False,False,False,5,SPRING,CLEAR,LIGHT
BROOKLYN,2026-05-11 11:00:00,12.57,0.0,24100.0,0.0,0.0,0.0,17.24,2026-05-11,11,Monday,False,False,False,5,SPRING,CLEAR,LIGHT
BROOKLYN,2026-05-11 12:00:00,12.87,0.0,24100.0,0.0,0.0,0.0,17.87,2026-05-11,12,Monday,False,False,False,5,SPRING,CLEAR,LIGHT
BROOKLYN,2026-05-11 13:00:00,13.37,0.0,24100.0,0.0,0.0,0.0,18.68,2026-05-11,13,Monday,False,False,False,5,SPRING,CLEAR,LIGHT
BROOKLYN,2026-05-11 14:00:00,14.27,0.0,24100.0,0.0,0.0,0.0,15.38,2026-05-11,14,Monday,False,False,False,5,SPRING,CLEAR,LIGHT
BROOKLYN,2026-05-11 15:00:00,14.37,0.0,24100.0,0.0,0.0,0.0,12.64,2026-05-11,15,Monday,False,False,False,5,SPRING,CLEAR,LIGHT
BROOKLYN,2026-05-11 16:00:00,15.37,0.0,24100.0,0.0,0.0,0.0,7.2,2026-05-11,16,Monday,False,True,False,5,SPRING,CLEAR,LIGHT
BROOKLYN,2026-05-11 17:00:00,15.37,0.0,24100.0,0.0,0.0,0.0,5.09,2026-05-11,17,Monday,False,True,False,5,SPRING,CLEAR,LIGHT
BROOKLYN,2026-05-11 18:00:00,15.37,0.0,24100.0,0.0,0.0,0.0,6.83,2026-05-11,18,Monday,False,True,False,5,SPRING,CLEAR,LIGHT
BROOKLYN,2026-05-11 19:00:00,15.77,0.0,24100.0,0.0,0.0,0.0,6.49,2026-05-11,19,Monday,False,True,False,5,SPRING,CLEAR,LIGHT
BROOKLYN,2026-05-11 20:00:00,15.67,0.0,24100.0,0.0,0.0,0.0,4.84,2026-05-11,20,Monday,False,False,True,5,SPRING,CLEAR,LIGHT
BROOKLYN,2026-05-11 21:00:00,15.47,0.0,24100.0,0.0,0.0,0.0,6.79,2026-05-11,21,Monday,False,False,True,5,SPRING,CLEAR,LIGHT
BROOKLYN,2026-05-11 22:00:00,15.77,0.0,24100.0,0.0,0.0,0.0,6.15,2026-05-11,22,Monday,False,False,True,5,SPRING,CLEAR,LIGHT
BROOKLYN,2026-05-11 23:00:00,15.07,0.0,24100.0,0.0,0.0,0.0,10.85,2026-05-11,23,Monday,False,False,True,5,SPRING,CLEAR,LIGHT
BROOKLYN,2026-05-12 00:00:00,14.37,0.0,24100.0,0.0,0.0,0.0,14.97,2026-05-12,0,Tuesday,False,False,True,5,SPRING,CLEAR,LIGHT
BROOKLYN,2026-05-12 01:00:00,14.67,0.0,24100.0,0.0,0.0,0.0,14.53,2026-05-12,1,Tuesday,False,False,True,5,SPRING,CLEAR,LIGHT
BROOKLYN,2026-05-12 02:00:00,14.77,0.0,24100.0,0.0,0.0,0.0,17.3,2026-05-12,2,Tuesday,False,False,True,5,SPRING,CLEAR,LIGHT
BROOKLYN,2026-05-12 03:00:00,14.67,0.0,24100.0,0.0,0.0,0.0,13.14,2026-05-12,3,Tuesday,False,False,True,5,SPRING,CLEAR,LIGHT
BROOKLYN,2026-05-12 04:00:00,12.97,0.0,24100.0,0.0,0.0,0.0,29.95,2026-05-12,4,Tuesday,False,False,True,5,SPRING,CLEAR,LIGHT
BROOKLYN,2026-05-12 05:00:00,12.27,0.0,24100.0,0.0,0.0,0.0,22.15,2026-05-12,5,Tuesday,False,False,True,5,SPRING,CLEAR,LIGHT
BROOKLYN,2026-05-12 06:00:00,12.37,0.0,24100.0,0.0,0.0,0.0,19.71,2026-05-12,6,Tuesday,False,False,False,5,SPRING,CLEAR,LIGHT
BROOKLYN,2026-05-12 07:00:00,11.57,0.0,24100.0,0.0,0.0,0.0,25.86,2026-05-12,7,Tuesday,False,True,False,5,SPRING,CLEAR,LIGHT
BROOKLYN,2026-05-12 08:00:00,10.57,0.0,24100.0,0.0,0.0,0.0,23.47,2026-05-12,8,Tuesday,False,True,False,5,SPRING,CLEAR,LIGHT
BROOKLYN,2026-05-12 09:00:00,9.77,0.0,24100.0,0.0,0.0,0.0,22.26,2026-05-12,9,Tuesday,False,True,False,5,SPRING,CLEAR,LIGHT
BROOKLYN,2026-05-12 10:00:00,9.57,0.0,24100.0,0.0,0.0,0.0,16.28,2026-05-12,10,Tuesday,False,False,False,5,SPRING,CLEAR,LIGHT
BROOKLYN,2026-05-12 11:00:00,9.77,0.0,24100.0,0.0,0.0,0.0,16.39,2026-05-12,11,Tuesday,False,False,False,5,SPRING,CLEAR,LIGHT
BROOKLYN,2026-05-12 12:00:00,10.87,0.0,24100.0,0.0,0.0,0.0,15.14,2026-05-12,12,Tuesday,False,False,False,5,SPRING,CLEAR,LIGHT
BROOKLYN,2026-05-12 13:00:00,12.27,0.0,24100.0,0.0,0.0,0.0,13.49,2026-05-12,13,Tuesday,False,False,False,5,SPRING,CLEAR,LIGHT
BROOKLYN,2026-05-12 14:00:00,13.37,0.0,24100.0,0.0,0.0,0.0,11.61,2026-05-12,14,Tuesday,False,False,False,5,SPRING,CLEAR,LIGHT
BROOKLYN,2026-05-12 15:00:00,14.47,0.0,24100.0,0.0,0.0,0.0,9.53,2026-05-12,15,Tuesday,False,False,False,5,SPRING,CLEAR,LIGHT
BROOKLYN,2026-05-12 16:00:00,15.67,0.0,24100.0,0.0,0.0,0.0,4.68,2026-05-12,16,Tuesday,False,True,False,5,SPRING,CLEAR,LIGHT
BROOKLYN,2026-05-12 17:00:00,16.27,0.0,24100.0,0.0,0.0,0.0,8.71,2026-05-12,17,Tuesday,False,True,False,5,SPRING,CLEAR,LIGHT
BROOKLYN,2026-05-12 18:00:00,16.27,0.0,24100.0,0.0,0.0,0.0,13.38,2026-05-12,18,Tuesday,False,True,False,5,SPRING,CLEAR,LIGHT
BROOKLYN,2026-05-12 19:00:00,16.07,0.0,24100.0,0.0,0.0,0.0,15.91,2026-05-12,19,Tuesday,False,True,False,5,SPRING,CLEAR,LIGHT
BROOKLYN,2026-05-12 20:00:00,15.97,0.0,24100.0,0.0,0.0,0.0,21.63,2026-05-12,20,Tuesday,False,False,True,5,SPRING,CLEAR,LIGHT
BROOKLYN,2026-05-12 21:00:00,13.67,0.0,24100.0,0.0,0.0,0.0,28.24,2026-05-12,21,Tuesday,False,False,True,5,SPRING,CLEAR,LIGHT
BROOKLYN,2026-05-12 22:00:00,14.47,0.0,24100.0,0.0,0.0,0.0,28.74,2026-05-12,22,Tuesday,False,False,True,5,SPRING,CLEAR,LIGHT
BROOKLYN,2026-05-12 23:00:00,16.17,0.0,24100.0,0.0,0.0,0.0,22.55,2026-05-12,23,Tuesday,False,False,True,5,SPRING,CLEAR,LIGHT
BROOKLYN,2026-05-13 00:00:00,12.57,0.0,24100.0,0.0,0.0,0.0,33.89,2026-05-13,0,Wednesday,False,False,True,5,SPRING,WIND,MODERATE
BROOKLYN,2026-05-13 01:00:00,13.07,0.0,24100.0,0.0,0.0,0.0,32.86,2026-05-13,1,Wednesday,False,False,True,5,SPRING,WIND,MODERATE
BROOKLYN,2026-05-13 02:00:00,12.77,0.0,24100.0,0.0,0.0,0.0,30.93,2026-05-13,2,Wednesday,False,False,True,5,SPRING,WIND,MODERATE
BROOKLYN,2026-05-13 03:00:00,12.87,0.0,24100.0,0.0,0.0,0.0,25.39,2026-05-13,3,Wednesday,False,False,True,5,SPRING,CLEAR,LIGHT
BROOKLYN,2026-05-13 04:00:00,12.87,0.0,24100.0,0.0,0.0,0.0,23.51,2026-05-13,4,Wednesday,False,False,True,5,SPRING,CLEAR,LIGHT
BROOKLYN,2026-05-13 05:00:00,12.87,0.0,24100.0,0.0,0.0,0.0,20.77,2026-05-13,5,Wednesday,False,False,True,5,SPRING,CLEAR,LIGHT
BROOKLYN,2026-05-13 06:00:00,12.57,0.0,24100.0,0.0,0.0,0.0,19.67,2026-05-13,6,Wednesday,False,False,False,5,SPRING,CLEAR,LIGHT
BROOKLYN,2026-05-13 07:00:00,12.37,0.0,24100.0,0.0,0.0,0.0,19.52,2026-05-13,7,Wednesday,False,True,False,5,SPRING,CLEAR,LIGHT
BROOKLYN,2026-05-13 08:00:00,12.47,0.0,24100.0,0.0,0.0,0.0,18.29,2026-05-13,8,Wednesday,False,True,False,5,SPRING,CLEAR,LIGHT
BROOKLYN,2026-05-13 09:00:00,12.57,0.0,24100.0,0.0,0.0,0.0,21.96,2026-05-13,9,Wednesday,False,True,False,5,SPRING,CLEAR,LIGHT
BROOKLYN,2026-05-13 10:00:00,12.87,0.0,24100.0,0.0,0.0,0.0,26.01,2026-05-13,10,Wednesday,False,False,False,5,SPRING,CLEAR,LIGHT
BROOKLYN,2026-05-13 11:00:00,13.27,0.0,24100.0,0.0,0.0,0.0,23.51,2026-05-13,11,Wednesday,False,False,False,5,SPRING,CLEAR,LIGHT
BROOKLYN,2026-05-13 12:00:00,13.97,0.0,24100.0,0.0,0.0,0.0,23.93,2026-05-13,12,Wednesday,False,False,False,5,SPRING,CLEAR,LIGHT
BROOKLYN,2026-05-13 13:00:00,15.27,0.0,24100.0,0.0,0.0,0.0,20.0,2026-05-13,13,Wednesday,False,False,False,5,SPRING,CLEAR,LIGHT
BROOKLYN,2026-05-13 14:00:00,16.37,0.0,24100.0,0.0,0.0,0.0,18.0,2026-05-13,14,Wednesday,False,False,False,5,SPRING,CLEAR,LIGHT
BROOKLYN,2026-05-13 15:00:00,17.37,0.0,24100.0,0.0,0.0,0.0,20.88,2026-05-13,15,Wednesday,False,False,False,5,SPRING,CLEAR,LIGHT
BROOKLYN,2026-05-13 16:00:00,18.47,0.0,24100.0,0.0,0.0,0.0,25.94,2026-05-13,16,Wednesday,False,True,False,5,SPRING,CLEAR,LIGHT
BROOKLYN,2026-05-13 17:00:00,18.97,0.0,24100.0,0.0,0.0,0.0,30.97,2026-05-13,17,Wednesday,False,True,False,5,SPRING,WIND,MODERATE
BROOKLYN,2026-05-13 18:00:00,18.17,0.0,24100.0,0.0,0.0,0.0,34.47,2026-05-13,18,Wednesday,False,True,False,5,SPRING,WIND,MODERATE
BROOKLYN,2026-05-13 19:00:00,17.27,0.0,24100.0,0.0,0.0,0.0,41.8,2026-05-13,19,Wednesday,False,True,False,5,SPRING,WIND,MODERATE
BROOKLYN,2026-05-13 20:00:00,16.77,0.0,24100.0,0.0,0.0,0.0,44.85,2026-05-13,20,Wednesday,False,False,True,5,SPRING,WIND,MODERATE
BROOKLYN,2026-05-13 21:00:00,16.37,0.0,24100.0,0.0,0.0,0.0,43.94,2026-05-13,21,Wednesday,False,False,True,5,SPRING,WIND,MODERATE
BROOKLYN,2026-05-13 22:00:00,16.67,0.0,24100.0,0.0,0.0,0.0,43.68,2026-05-13,22,Wednesday,False,False,True,5,SPRING,WIND,MODERATE
BROOKLYN,2026-05-13 23:00:00,16.07,0.0,24100.0,0.0,0.0,0.0,40.71,2026-05-13,23,Wednesday,False,False,True,5,SPRING,WIND,MODERATE
BROOKLYN,2026-05-14 00:00:00,15.37,0.0,24100.0,0.0,0.0,0.0,36.04,2026-05-14,0,Thursday,False,False,True,5,SPRING,WIND,MODERATE
BROOKLYN,2026-05-14 01:00:00,14.37,0.0,24100.0,0.0,0.0,0.0,33.47,2026-05-14,1,Thursday,False,False,True,5,SPRING,WIND,MODERATE
BROOKLYN,2026-05-14 02:00:00,13.87,0.0,24100.0,0.0,0.0,0.0,31.67,2026-05-14,2,Thursday,False,False,True,5,SPRING,WIND,MODERATE
BROOKLYN,2026-05-14 03:00:00,13.87,0.0,19400.0,0.0,0.0,0.0,28.19,2026-05-14,3,Thursday,False,False,True,5,SPRING,CLEAR,LIGHT
BROOKLYN,2026-05-14 04:00:00,13.77,0.0,23900.0,0.0,0.0,0.0,21.75,2026-05-14,4,Thursday,False,False,True,5,SPRING,CLEAR,LIGHT
BROOKLYN,2026-05-14 05:00:00,13.77,0.3,18200.0,0.0,0.3,0.0,19.56,2026-05-14,5,Thursday,False,False,True,5,SPRING,RAIN,LIGHT
BROOKLYN,2026-05-14 06:00:00,13.57,0.4,14100.0,0.4,0.0,0.0,15.14,2026-05-14,6,Thursday,False,False,False,5,SPRING,RAIN,LIGHT
BROOKLYN,2026-05-14 07:00:00,13.37,1.3,24100.0,1.3,0.0,0.0,8.28,2026-05-14,7,Thursday,False,True,False,5,SPRING,RAIN,LIGHT
BROOKLYN,2026-05-14 08:00:00,13.27,0.1,24100.0,0.1,0.0,0.0,3.08,2026-05-14,8,Thursday,False,True,False,5,SPRING,RAIN,LIGHT
BROOKLYN,2026-05-14 09:00:00,13.27,0.0,24100.0,0.0,0.0,0.0,2.04,2026-05-14,9,Thursday,False,True,False,5,SPRING,CLEAR,LIGHT
BROOKLYN,2026-05-14 10:00:00,13.17,0.0,24100.0,0.0,0.0,0.0,1.14,2026-05-14,10,Thursday,False,False,False,5,SPRING,CLEAR,LIGHT
BROOKLYN,2026-05-14 11:00:00,13.77,0.0,24100.0,0.0,0.0,0.0,6.21,2026-05-14,11,Thursday,False,False,False,5,SPRING,CLEAR,LIGHT
BROOKLYN,2026-05-14 12:00:00,14.07,0.0,24100.0,0.0,0.0,0.0,10.7,2026-05-14,12,Thursday,False,False,False,5,SPRING,CLEAR,LIGHT
BROOKLYN,2026-05-14 13:00:00,14.17,0.1,24100.0,0.1,0.0,0.0,13.9,2026-05-14,13,Thursday,False,False,False,5,SPRING,RAIN,LIGHT
BROOKLYN,2026-05-14 14:00:00,14.87,0.0,24100.0,0.0,0.0,0.0,15.19,2026-05-14,14,Thursday,False,False,False,5,SPRING,CLEAR,LIGHT
BROOKLYN,2026-05-14 15:00:00,15.57,0.0,24100.0,0.0,0.0,0.0,14.51,2026-05-14,15,Thursday,False,False,False,5,SPRING,CLEAR,LIGHT
BROOKLYN,2026-05-14 16:00:00,16.17,0.0,24100.0,0.0,0.0,0.0,10.95,2026-05-14,16,Thursday,False,True,False,5,SPRING,CLEAR,LIGHT
BROOKLYN,2026-05-14 17:00:00,17.47,0.0,24100.0,0.0,0.0,0.0,4.51,2026-05-14,17,Thursday,False,True,False,5,SPRING,CLEAR,LIGHT
BROOKLYN,2026-05-14 18:00:00,16.27,0.0,24100.0,0.0,0.0,0.0,21.25,2026-05-14,18,Thursday,False,True,False,5,SPRING,CLEAR,LIGHT
BROOKLYN,2026-05-14 19:00:00,14.87,0.0,24100.0,0.0,0.0,0.0,11.53,2026-05-14,19,Thursday,False,True,False,5,SPRING,CLEAR,LIGHT
BROOKLYN,2026-05-14 20:00:00,15.77,0.0,24100.0,0.0,0.0,0.0,9.79,2026-05-14,20,Thursday,False,False,True,5,SPRING,CLEAR,LIGHT
BROOKLYN,2026-05-14 21:00:00,16.67,0.0,24100.0,0.0,0.0,0.0,9.61,2026-05-14,21,Thursday,False,False,True,5,SPRING,CLEAR,LIGHT
BROOKLYN,2026-05-14 22:00:00,16.77,0.0,24100.0,0.0,0.0,0.0,20.15,2026-05-14,22,Thursday,False,False,True,5,SPRING,CLEAR,LIGHT
BROOKLYN,2026-05-14 23:00:00,16.27,0.0,24100.0,0.0,0.0,0.0,26.73,2026-05-14,23,Thursday,False,False,True,5,SPRING,CLEAR,LIGHT
BROOKLYN,2026-05-15 00:00:00,15.77,0.0,24100.0,0.0,0.0,0.0,21.3,2026-05-15,0,Friday,False,False,True,5,SPRING,CLEAR,LIGHT
BROOKLYN,2026-05-15 01:00:00,14.97,0.0,24100.0,0.0,0.0,0.0,21.47,2026-05-15,1,Friday,False,False,True,5,SPRING,CLEAR,LIGHT
BROOKLYN,2026-05-15 02:00:00,13.67,0.0,24100.0,0.0,0.0,0.0,24.2,2026-05-15,2,Friday,False,False,True,5,SPRING,CLEAR,LIGHT
BROOKLYN,2026-05-15 03:00:00,12.97,0.0,24100.0,0.0,0.0,0.0,23.42,2026-05-15,3,Friday,False,False,True,5,SPRING,CLEAR,LIGHT
BROOKLYN,2026-05-15 04:00:00,12.27,0.0,24100.0,0.0,0.0,0.0,23.18,2026-05-15,4,Friday,False,False,True,5,SPRING,CLEAR,LIGHT
BROOKLYN,2026-05-15 05:00:00,11.37,0.0,24100.0,0.0,0.0,0.0,21.9,2026-05-15,5,Friday,False,False,True,5,SPRING,CLEAR,LIGHT
BROOKLYN,2026-05-15 06:00:00,10.77,0.0,22200.0,0.0,0.0,0.0,21.17,2026-05-15,6,Friday,False,False,False,5,SPRING,CLEAR,LIGHT
BROOKLYN,2026-05-15 07:00:00,10.37,0.0,24100.0,0.0,0.0,0.0,19.88,2026-05-15,7,Friday,False,True,False,5,SPRING,CLEAR,LIGHT
BROOKLYN,2026-05-15 08:00:00,10.17,0.0,22600.0,0.0,0.0,0.0,18.84,2026-05-15,8,Friday,False,True,False,5,SPRING,CLEAR,LIGHT
BROOKLYN,2026-05-15 09:00:00,10.07,0.1,24100.0,0.0,0.1,0.0,17.85,2026-05-15,9,Friday,False,True,False,5,SPRING,RAIN,LIGHT
BROOKLYN,2026-05-15 10:00:00,10.07,0.1,24100.0,0.0,0.1,0.0,18.09,2026-05-15,10,Friday,False,False,False,5,SPRING,RAIN,LIGHT
BROOKLYN,2026-05-15 11:00:00,10.77,0.0,24100.0,0.0,0.0,0.0,19.35,2026-05-15,11,Friday,False,False,False,5,SPRING,CLEAR,LIGHT
BROOKLYN,2026-05-15 12:00:00,12.07,0.0,24100.0,0.0,0.0,0.0,18.78,2026-05-15,12,Friday,False,False,False,5,SPRING,CLEAR,LIGHT
BROOKLYN,2026-05-15 13:00:00,13.87,0.0,24100.0,0.0,0.0,0.0,16.28,2026-05-15,13,Friday,False,False,False,5,SPRING,CLEAR,LIGHT
BROOKLYN,2026-05-15 14:00:00,15.37,0.0,24100.0,0.0,0.0,0.0,13.83,2026-05-15,14,Friday,False,False,False,5,SPRING,CLEAR,LIGHT
BROOKLYN,2026-05-15 15:00:00,15.87,0.1,24100.0,0.0,0.1,0.0,17.61,2026-05-15,15,Friday,False,False,False,5,SPRING,RAIN,LIGHT
BROOKLYN,2026-05-15 16:00:00,16.07,0.0,24100.0,0.0,0.0,0.0,16.49,2026-05-15,16,Friday,False,True,False,5,SPRING,CLEAR,LIGHT
BROOKLYN,2026-05-15 17:00:00,17.67,0.0,24100.0,0.0,0.0,0.0,19.72,2026-05-15,17,Friday,False,True,False,5,SPRING,CLEAR,LIGHT
BROOKLYN,2026-05-15 18:00:00,17.57,0.0,24100.0,0.0,0.0,0.0,23.69,2026-05-15,18,Friday,False,True,False,5,SPRING,CLEAR,LIGHT
BROOKLYN,2026-05-15 19:00:00,17.97,0.0,24100.0,0.0,0.0,0.0,18.33,2026-05-15,19,Friday,False,True,False,5,SPRING,CLEAR,LIGHT
BROOKLYN,2026-05-15 20:00:00,18.27,0.0,24100.0,0.0,0.0,0.0,15.78,2026-05-15,20,Friday,False,False,True,5,SPRING,CLEAR,LIGHT
BROOKLYN,2026-05-15 21:00:00,18.57,0.0,24100.0,0.0,0.0,0.0,17.39,2026-05-15,21,Friday,False,False,True,5,SPRING,CLEAR,LIGHT
BROOKLYN,2026-05-15 22:00:00,18.57,0.0,24100.0,0.0,0.0,0.0,19.45,2026-05-15,22,Friday,False,False,True,5,SPRING,CLEAR,LIGHT
BROOKLYN,2026-05-15 23:00:00,18.37,0.0,24100.0,0.0,0.0,0.0,18.9,2026-05-15,23,Friday,False,False,True,5,SPRING,CLEAR,LIGHT
BROOKLYN,2026-05-16 00:00:00,18.07,0.0,24100.0,0.0,0.0,0.0,16.04,2026-05-16,0,Saturday,True,False,True,5,SPRING,CLEAR,LIGHT
BROOKLYN,2026-05-16 01:00:00,17.67,0.0,24100.0,0.0,0.0,0.0,14.69,2026-05-16,1,Saturday,True,False,True,5,SPRING,CLEAR,LIGHT
BROOKLYN,2026-05-16 02:00:00,16.77,0.0,24100.0,0.0,0.0,0.0,11.97,2026-05-16,2,Saturday,True,False,True,5,SPRING,CLEAR,LIGHT
BROOKLYN,2026-05-16 03:00:00,16.17,0.0,24100.0,0.0,0.0,0.0,10.3,2026-05-16,3,Saturday,True,False,True,5,SPRING,CLEAR,LIGHT
BROOKLYN,2026-05-16 04:00:00,15.47,0.0,24100.0,0.0,0.0,0.0,7.93,2026-05-16,4,Saturday,True,False,True,5,SPRING,CLEAR,LIGHT
BROOKLYN,2026-05-16 05:00:00,15.07,0.0,24100.0,0.0,0.0,0.0,5.12,2026-05-16,5,Saturday,True,False,True,5,SPRING,CLEAR,LIGHT
BROOKLYN,2026-05-16 06:00:00,14.97,0.0,24100.0,0.0,0.0,0.0,8.31,2026-05-16,6,Saturday,True,False,False,5,SPRING,CLEAR,LIGHT
BROOKLYN,2026-05-16 07:00:00,14.57,0.0,24100.0,0.0,0.0,0.0,10.54,2026-05-16,7,Saturday,True,True,False,5,SPRING,CLEAR,LIGHT
BROOKLYN,2026-05-16 08:00:00,14.27,0.0,24100.0,0.0,0.0,0.0,11.21,2026-05-16,8,Saturday,True,True,False,5,SPRING,CLEAR,LIGHT
BROOKLYN,2026-05-16 09:00:00,13.97,0.0,24100.0,0.0,0.0,0.0,9.78,2026-05-16,9,Saturday,True,True,False,5,SPRING,CLEAR,LIGHT
BROOKLYN,2026-05-16 10:00:00,13.87,0.0,24100.0,0.0,0.0,0.0,9.96,2026-05-16,10,Saturday,True,False,False,5,SPRING,CLEAR,LIGHT
BROOKLYN,2026-05-16 11:00:00,14.37,0.0,24100.0,0.0,0.0,0.0,11.01,2026-05-16,11,Saturday,True,False,False,5,SPRING,CLEAR,LIGHT
BROOKLYN,2026-05-16 12:00:00,15.37,0.0,24100.0,0.0,0.0,0.0,11.09,2026-05-16,12,Saturday,True,False,False,5,SPRING,CLEAR,LIGHT
BROOKLYN,2026-05-16 13:00:00,16.27,0.0,24100.0,0.0,0.0,0.0,12.56,2026-05-16,13,Saturday,True,False,False,5,SPRING,CLEAR,LIGHT
BROOKLYN,2026-05-16 14:00:00,17.47,0.0,24100.0,0.0,0.0,0.0,12.9,2026-05-16,14,Saturday,True,False,False,5,SPRING,CLEAR,LIGHT
BROOKLYN,2026-05-16 15:00:00,19.07,0.0,24100.0,0.0,0.0,0.0,11.92,2026-05-16,15,Saturday,True,False,False,5,SPRING,CLEAR,LIGHT
BROOKLYN,2026-05-16 16:00:00,19.87,0.0,24100.0,0.0,0.0,0.0,14.83,2026-05-16,16,Saturday,True,True,False,5,SPRING,CLEAR,LIGHT
BROOKLYN,2026-05-16 17:00:00,20.17,0.0,24100.0,0.0,0.0,0.0,15.19,2026-05-16,17,Saturday,True,True,False,5,SPRING,CLEAR,LIGHT
BROOKLYN,2026-05-16 18:00:00,20.37,0.0,18900.0,0.0,0.0,0.0,20.06,2026-05-16,18,Saturday,True,True,False,5,SPRING,CLEAR,LIGHT
BROOKLYN,2026-05-16 19:00:00,19.77,0.0,24100.0,0.0,0.0,0.0,25.15,2026-05-16,19,Saturday,True,True,False,5,SPRING,CLEAR,LIGHT
BROOKLYN,2026-05-16 20:00:00,21.17,0.0,24100.0,0.0,0.0,0.0,23.23,2026-05-16,20,Saturday,True,False,True,5,SPRING,CLEAR,LIGHT
BROOKLYN,2026-05-16 21:00:00,21.87,0.0,24100.0,0.0,0.0,0.0,21.29,2026-05-16,21,Saturday,True,False,True,5,SPRING,CLEAR,LIGHT
BROOKLYN,2026-05-16 22:00:00,22.97,0.0,24100.0,0.0,0.0,0.0,19.26,2026-05-16,22,Saturday,True,False,True,5,SPRING,CLEAR,LIGHT
BROOKLYN,2026-05-16 23:00:00,22.67,0.0,24100.0,0.0,0.0,0.0,16.14,2026-05-16,23,Saturday,True,False,True,5,SPRING,CLEAR,LIGHT
BROOKLYN,2026-05-17 00:00:00,21.87,0.0,24100.0,0.0,0.0,0.0,15.82,2026-05-17,0,Sunday,True,False,True,5,SPRING,CLEAR,LIGHT
BROOKLYN,2026-05-17 01:00:00,20.57,0.0,24100.0,0.0,0.0,0.0,18.46,2026-05-17,1,Sunday,True,False,True,5,SPRING,CLEAR,LIGHT
BROOKLYN,2026-05-17 02:00:00,19.77,0.0,24100.0,0.0,0.0,0.0,20.52,2026-05-17,2,Sunday,True,False,True,5,SPRING,CLEAR,LIGHT
BROOKLYN,2026-05-17 03:00:00,19.17,0.0,24100.0,0.0,0.0,0.0,20.63,2026-05-17,3,Sunday,True,False,True,5,SPRING,CLEAR,LIGHT
BROOKLYN,2026-05-17 04:00:00,18.87,0.0,24100.0,0.0,0.0,0.0,21.18,2026-05-17,4,Sunday,True,False,True,5,SPRING,CLEAR,LIGHT
BROOKLYN,2026-05-17 05:00:00,18.47,0.0,24100.0,0.0,0.0,0.0,16.09,2026-05-17,5,Sunday,True,False,True,5,SPRING,CLEAR,LIGHT
BROOKLYN,2026-05-17 06:00:00,18.77,0.0,24100.0,0.0,0.0,0.0,18.67,2026-05-17,6,Sunday,True,False,False,5,SPRING,CLEAR,LIGHT
BROOKLYN,2026-05-17 07:00:00,18.47,0.0,24100.0,0.0,0.0,0.0,18.79,2026-05-17,7,Sunday,True,True,False,5,SPRING,CLEAR,LIGHT
BROOKLYN,2026-05-17 08:00:00,18.07,0.0,24100.0,0.0,0.0,0.0,15.48,2026-05-17,8,Sunday,True,True,False,5,SPRING,CLEAR,LIGHT
BROOKLYN,2026-05-17 09:00:00,17.67,0.0,24100.0,0.0,0.0,0.0,14.15,2026-05-17,9,Sunday,True,True,False,5,SPRING,CLEAR,LIGHT
BROOKLYN,2026-05-17 10:00:00,17.37,0.0,24100.0,0.0,0.0,0.0,13.36,2026-05-17,10,Sunday,True,False,False,5,SPRING,CLEAR,LIGHT
BROOKLYN,2026-05-17 11:00:00,17.77,0.0,24100.0,0.0,0.0,0.0,13.14,2026-05-17,11,Sunday,True,False,False,5,SPRING,CLEAR,LIGHT
BROOKLYN,2026-05-17 12:00:00,18.87,0.0,24100.0,0.0,0.0,0.0,13.76,2026-05-17,12,Sunday,True,False,False,5,SPRING,CLEAR,LIGHT
BROOKLYN,2026-05-17 13:00:00,20.37,0.0,24100.0,0.0,0.0,0.0,12.07,2026-05-17,13,Sunday,True,False,False,5,SPRING,CLEAR,LIGHT
BROOKLYN,2026-05-17 14:00:00,21.77,0.0,24100.0,0.0,0.0,0.0,10.83,2026-05-17,14,Sunday,True,False,False,5,SPRING,CLEAR,LIGHT
BROOKLYN,2026-05-17 15:00:00,23.37,0.0,24100.0,0.0,0.0,0.0,8.28,2026-05-17,15,Sunday,True,False,False,5,SPRING,CLEAR,LIGHT
BROOKLYN,2026-05-17 16:00:00,24.77,0.0,24100.0,0.0,0.0,0.0,9.42,2026-05-17,16,Sunday,True,True,False,5,SPRING,CLEAR,LIGHT
BROOKLYN,2026-05-17 17:00:00,24.37,0.0,24100.0,0.0,0.0,0.0,17.3,2026-05-17,17,Sunday,True,True,False,5,SPRING,CLEAR,LIGHT
BROOKLYN,2026-05-17 18:00:00,24.17,0.0,24100.0,0.0,0.0,0.0,19.49,2026-05-17,18,Sunday,True,True,False,5,SPRING,CLEAR,LIGHT
BROOKLYN,2026-05-17 19:00:00,21.77,0.0,24100.0,0.0,0.0,0.0,28.17,2026-05-17,19,Sunday,True,True,False,5,SPRING,CLEAR,LIGHT
BROOKLYN,2026-05-17 20:00:00,21.37,0.0,24100.0,0.0,0.0,0.0,23.8,2026-05-17,20,Sunday,True,False,True,5,SPRING,CLEAR,LIGHT
BROOKLYN,2026-05-17 21:00:00,21.47,0.0,24100.0,0.0,0.0,0.0,21.43,2026-05-17,21,Sunday,True,False,True,5,SPRING,CLEAR,LIGHT
BROOKLYN,2026-05-17 22:00:00,22.57,0.0,24100.0,0.0,0.0,0.0,18.03,2026-05-17,22,Sunday,True,False,True,5,SPRING,CLEAR,LIGHT
BROOKLYN,2026-05-17 23:00:00,23.77,0.0,24100.0,0.0,0.0,0.0,14.49,2026-05-17,23,Sunday,True,False,True,5,SPRING,CLEAR,LIGHT
BROOKLYN,2026-05-18 00:00:00,23.17,0.0,24100.0,0.0,0.0,0.0,11.3,2026-05-18,0,Monday,False,False,True,5,SPRING,CLEAR,LIGHT
BROOKLYN,2026-05-18 01:00:00,22.87,0.0,24100.0,0.0,0.0,0.0,12.1,2026-05-18,1,Monday,False,False,True,5,SPRING,CLEAR,LIGHT
BROOKLYN,2026-05-18 02:00:00,22.27,0.0,24100.0,0.0,0.0,0.0,12.22,2026-05-18,2,Monday,False,False,True,5,SPRING,CLEAR,LIGHT
BROOKLYN,2026-05-18 03:00:00,21.87,0.0,24100.0,0.0,0.0,0.0,14.06,2026-05-18,3,Monday,False,False,True,5,SPRING,CLEAR,LIGHT
BROOKLYN,2026-05-18 04:00:00,20.87,0.0,24100.0,0.0,0.0,0.0,15.12,2026-05-18,4,Monday,False,False,True,5,SPRING,CLEAR,LIGHT
BROOKLYN,2026-05-18 05:00:00,20.47,0.0,24100.0,0.0,0.0,0.0,13.44,2026-05-18,5,Monday,False,False,True,5,SPRING,CLEAR,LIGHT
BROOKLYN,2026-05-18 06:00:00,20.07,0.0,24100.0,0.0,0.0,0.0,11.38,2026-05-18,6,Monday,False,False,False,5,SPRING,CLEAR,LIGHT
BROOKLYN,2026-05-18 07:00:00,19.67,0.0,24100.0,0.0,0.0,0.0,9.83,2026-05-18,7,Monday,False,True,False,5,SPRING,CLEAR,LIGHT
BROOKLYN,2026-05-18 08:00:00,19.27,0.0,24100.0,0.0,0.0,0.0,9.69,2026-05-18,8,Monday,False,True,False,5,SPRING,CLEAR,LIGHT
BROOKLYN,2026-05-18 09:00:00,18.87,0.0,24100.0,0.0,0.0,0.0,10.2,2026-05-18,9,Monday,False,True,False,5,SPRING,CLEAR,LIGHT
BROOKLYN,2026-05-18 10:00:00,18.77,0.0,24100.0,0.0,0.0,0.0,8.43,2026-05-18,10,Monday,False,False,False,5,SPRING,CLEAR,LIGHT
BROOKLYN,2026-05-18 11:00:00,19.27,0.0,24100.0,0.0,0.0,0.0,7.93,2026-05-18,11,Monday,False,False,False,5,SPRING,CLEAR,LIGHT
BROOKLYN,2026-05-18 12:00:00,20.17,0.0,24100.0,0.0,0.0,0.0,5.62,2026-05-18,12,Monday,False,False,False,5,SPRING,CLEAR,LIGHT
BROOKLYN,2026-05-18 13:00:00,21.27,0.0,24100.0,0.0,0.0,0.0,7.24,2026-05-18,13,Monday,False,False,False,5,SPRING,CLEAR,LIGHT
BROOKLYN,2026-05-18 14:00:00,21.87,0.0,24100.0,0.0,0.0,0.0,10.9,2026-05-18,14,Monday,False,False,False,5,SPRING,CLEAR,LIGHT
BROOKLYN,2026-05-18 15:00:00,21.97,0.0,19800.0,0.0,0.0,0.0,13.2,2026-05-18,15,Monday,False,False,False,5,SPRING,CLEAR,LIGHT
BROOKLYN,2026-05-18 16:00:00,22.97,0.0,16500.0,0.0,0.0,0.0,14.34,2026-05-18,16,Monday,False,True,False,5,SPRING,CLEAR,LIGHT
BROOKLYN,2026-05-18 17:00:00,23.77,0.0,16300.0,0.0,0.0,0.0,16.68,2026-05-18,17,Monday,False,True,False,5,SPRING,CLEAR,LIGHT
BROOKLYN,2026-05-18 18:00:00,23.27,0.0,16500.0,0.0,0.0,0.0,21.12,2026-05-18,18,Monday,False,True,False,5,SPRING,CLEAR,LIGHT
BROOKLYN,2026-05-18 19:00:00,22.67,0.0,16700.0,0.0,0.0,0.0,23.99,2026-05-18,19,Monday,False,True,False,5,SPRING,CLEAR,LIGHT
BROOKLYN,2026-05-18 20:00:00,21.17,0.0,17300.0,0.0,0.0,0.0,26.58,2026-05-18,20,Monday,False,False,True,5,SPRING,CLEAR,LIGHT
BROOKLYN,2026-05-18 21:00:00,20.47,0.0,19500.0,0.0,0.0,0.0,27.78,2026-05-18,21,Monday,False,False,True,5,SPRING,CLEAR,LIGHT
BROOKLYN,2026-05-18 22:00:00,19.87,0.0,24100.0,0.0,0.0,0.0,27.78,2026-05-18,22,Monday,False,False,True,5,SPRING,CLEAR,LIGHT
BROOKLYN,2026-05-18 23:00:00,18.87,0.0,24100.0,0.0,0.0,0.0,31.14,2026-05-18,23,Monday,False,False,True,5,SPRING,WIND,MODERATE
BROOKLYN,2026-05-19 00:00:00,19.87,0.0,24100.0,0.0,0.0,0.0,27.37,2026-05-19,0,Tuesday,False,False,True,5,SPRING,CLEAR,LIGHT
BROOKLYN,2026-05-19 01:00:00,21.97,0.0,24100.0,0.0,0.0,0.0,20.9,2026-05-19,1,Tuesday,False,False,True,5,SPRING,CLEAR,LIGHT
BROOKLYN,2026-05-19 02:00:00,21.97,0.0,24100.0,0.0,0.0,0.0,18.25,2026-05-19,2,Tuesday,False,False,True,5,SPRING,CLEAR,LIGHT
BROOKLYN,2026-05-19 03:00:00,21.67,0.0,24100.0,0.0,0.0,0.0,15.84,2026-05-19,3,Tuesday,False,False,True,5,SPRING,CLEAR,LIGHT
BROOKLYN,2026-05-19 04:00:00,21.77,0.0,24100.0,0.0,0.0,0.0,17.08,2026-05-19,4,Tuesday,False,False,True,5,SPRING,CLEAR,LIGHT
BROOKLYN,2026-05-19 05:00:00,21.57,0.0,24100.0,0.0,0.0,0.0,15.91,2026-05-19,5,Tuesday,False,False,True,5,SPRING,CLEAR,LIGHT
BROOKLYN,2026-05-19 06:00:00,20.97,0.0,24100.0,0.0,0.0,0.0,14.99,2026-05-19,6,Tuesday,False,False,False,5,SPRING,CLEAR,LIGHT
BROOKLYN,2026-05-19 07:00:00,20.27,0.0,24100.0,0.0,0.0,0.0,13.44,2026-05-19,7,Tuesday,False,True,False,5,SPRING,CLEAR,LIGHT
BROOKLYN,2026-05-19 08:00:00,19.77,0.0,24100.0,0.0,0.0,0.0,13.28,2026-05-19,8,Tuesday,False,True,False,5,SPRING,CLEAR,LIGHT
BROOKLYN,2026-05-19 09:00:00,19.37,0.0,24100.0,0.0,0.0,0.0,12.85,2026-05-19,9,Tuesday,False,True,False,5,SPRING,CLEAR,LIGHT
BROOKLYN,2026-05-19 10:00:00,19.67,0.0,24100.0,0.0,0.0,0.0,12.59,2026-05-19,10,Tuesday,False,False,False,5,SPRING,CLEAR,LIGHT
BROOKLYN,2026-05-19 11:00:00,20.37,0.0,24100.0,0.0,0.0,0.0,14.08,2026-05-19,11,Tuesday,False,False,False,5,SPRING,CLEAR,LIGHT
BROOKLYN,2026-05-19 12:00:00,21.17,0.0,24100.0,0.0,0.0,0.0,15.63,2026-05-19,12,Tuesday,False,False,False,5,SPRING,CLEAR,LIGHT
BROOKLYN,2026-05-19 13:00:00,22.57,0.0,24100.0,0.0,0.0,0.0,14.88,2026-05-19,13,Tuesday,False,False,False,5,SPRING,CLEAR,LIGHT
BROOKLYN,2026-05-19 14:00:00,24.27,0.0,24100.0,0.0,0.0,0.0,14.57,2026-05-19,14,Tuesday,False,False,False,5,SPRING,CLEAR,LIGHT
BROOKLYN,2026-05-19 15:00:00,25.87,0.0,24100.0,0.0,0.0,0.0,13.78,2026-05-19,15,Tuesday,False,False,False,5,SPRING,CLEAR,LIGHT
BROOKLYN,2026-05-19 16:00:00,26.87,0.0,24100.0,0.0,0.0,0.0,13.91,2026-05-19,16,Tuesday,False,True,False,5,SPRING,CLEAR,LIGHT
BROOKLYN,2026-05-19 17:00:00,27.37,0.0,21100.0,0.0,0.0,0.0,14.69,2026-05-19,17,Tuesday,False,True,False,5,SPRING,CLEAR,LIGHT
BROOKLYN,2026-05-19 18:00:00,25.47,0.0,16300.0,0.0,0.0,0.0,22.43,2026-05-19,18,Tuesday,False,True,False,5,SPRING,CLEAR,LIGHT
BROOKLYN,2026-05-19 19:00:00,24.47,0.0,18000.0,0.0,0.0,0.0,22.21,2026-05-19,19,Tuesday,False,True,False,5,SPRING,CLEAR,LIGHT
BROOKLYN,2026-05-19 20:00:00,25.47,0.0,20800.0,0.0,0.0,0.0,20.01,2026-05-19,20,Tuesday,False,False,True,5,SPRING,CLEAR,LIGHT
BROOKLYN,2026-05-19 21:00:00,27.87,0.0,24100.0,0.0,0.0,0.0,15.32,2026-05-19,21,Tuesday,False,False,True,5,SPRING,CLEAR,LIGHT
BROOKLYN,2026-05-19 22:00:00,28.87,0.0,24100.0,0.0,0.0,0.0,17.5,2026-05-19,22,Tuesday,False,False,True,5,SPRING,CLEAR,LIGHT
BROOKLYN,2026-05-19 23:00:00,28.87,0.0,24100.0,0.0,0.0,0.0,22.55,2026-05-19,23,Tuesday,False,False,True,5,SPRING,CLEAR,LIGHT
BROOKLYN,2026-05-20 00:00:00,27.87,0.0,24100.0,0.0,0.0,0.0,20.16,2026-05-20,0,Wednesday,False,False,True,5,SPRING,CLEAR,LIGHT
BROOKLYN,2026-05-20 01:00:00,26.87,0.0,24100.0,0.0,0.0,0.0,17.41,2026-05-20,1,Wednesday,False,False,True,5,SPRING,CLEAR,LIGHT
BROOKLYN,2026-05-20 02:00:00,26.17,0.0,24100.0,0.0,0.0,0.0,16.74,2026-05-20,2,Wednesday,False,False,True,5,SPRING,CLEAR,LIGHT
BROOKLYN,2026-05-20 03:00:00,25.27,0.0,24100.0,0.0,0.0,0.0,17.29,2026-05-20,3,Wednesday,False,False,True,5,SPRING,CLEAR,LIGHT
BROOKLYN,2026-05-20 04:00:00,24.37,0.0,24100.0,0.0,0.0,0.0,17.58,2026-05-20,4,Wednesday,False,False,True,5,SPRING,CLEAR,LIGHT
BROOKLYN,2026-05-20 05:00:00,23.37,0.0,24100.0,0.0,0.0,0.0,17.34,2026-05-20,5,Wednesday,False,False,True,5,SPRING,CLEAR,LIGHT
BROOKLYN,2026-05-20 06:00:00,22.27,0.0,24100.0,0.0,0.0,0.0,15.82,2026-05-20,6,Wednesday,False,False,False,5,SPRING,CLEAR,LIGHT
BROOKLYN,2026-05-20 07:00:00,22.17,0.0,24100.0,0.0,0.0,0.0,14.06,2026-05-20,7,Wednesday,False,True,False,5,SPRING,CLEAR,LIGHT
BROOKLYN,2026-05-20 08:00:00,22.07,0.0,24100.0,0.0,0.0,0.0,13.49,2026-05-20,8,Wednesday,False,True,False,5,SPRING,CLEAR,LIGHT
BROOKLYN,2026-05-20 09:00:00,21.67,0.0,24100.0,0.0,0.0,0.0,13.53,2026-05-20,9,Wednesday,False,True,False,5,SPRING,CLEAR,LIGHT
BROOKLYN,2026-05-20 10:00:00,21.47,0.0,24100.0,0.0,0.0,0.0,15.14,2026-05-20,10,Wednesday,False,False,False,5,SPRING,CLEAR,LIGHT
BROOKLYN,2026-05-20 11:00:00,21.87,0.0,24100.0,0.0,0.0,0.0,16.1,2026-05-20,11,Wednesday,False,False,False,5,SPRING,CLEAR,LIGHT
BROOKLYN,2026-05-20 12:00:00,22.97,0.0,24100.0,0.0,0.0,0.0,17.31,2026-05-20,12,Wednesday,False,False,False,5,SPRING,CLEAR,LIGHT
BROOKLYN,2026-05-20 13:00:00,24.97,0.0,24100.0,0.0,0.0,0.0,18.06,2026-05-20,13,Wednesday,False,False,False,5,SPRING,CLEAR,LIGHT
BROOKLYN,2026-05-20 14:00:00,26.67,0.0,24100.0,0.0,0.0,0.0,18.18,2026-05-20,14,Wednesday,False,False,False,5,SPRING,CLEAR,LIGHT
BROOKLYN,2026-05-20 15:00:00,27.77,0.0,24100.0,0.0,0.0,0.0,19.2,2026-05-20,15,Wednesday,False,False,False,5,SPRING,CLEAR,LIGHT
BROOKLYN,2026-05-20 16:00:00,28.67,0.0,24100.0,0.0,0.0,0.0,18.84,2026-05-20,16,Wednesday,False,True,False,5,SPRING,CLEAR,LIGHT
BROOKLYN,2026-05-20 17:00:00,29.37,0.0,24100.0,0.0,0.0,0.0,19.32,2026-05-20,17,Wednesday,False,True,False,5,SPRING,CLEAR,LIGHT
BROOKLYN,2026-05-20 18:00:00,29.47,0.0,24100.0,0.0,0.0,0.0,20.99,2026-05-20,18,Wednesday,False,True,False,5,SPRING,CLEAR,LIGHT
BROOKLYN,2026-05-20 19:00:00,29.47,0.0,24100.0,0.0,0.0,0.0,22.73,2026-05-20,19,Wednesday,False,True,False,5,SPRING,CLEAR,LIGHT
BROOKLYN,2026-05-20 20:00:00,28.97,0.0,24100.0,0.0,0.0,0.0,21.37,2026-05-20,20,Wednesday,False,False,True,5,SPRING,CLEAR,LIGHT
BROOKLYN,2026-05-20 21:00:00,28.07,0.0,24100.0,0.0,0.0,0.0,12.48,2026-05-20,21,Wednesday,False,False,True,5,SPRING,CLEAR,LIGHT
BROOKLYN,2026-05-20 22:00:00,26.87,0.1,24100.0,0.0,0.1,0.0,14.0,2026-05-20,22,Wednesday,False,False,True,5,SPRING,RAIN,LIGHT
BROOKLYN,2026-05-20 23:00:00,25.47,0.7,10700.0,0.0,0.7,0.0,18.5,2026-05-20,23,Wednesday,False,False,True,5,SPRING,RAIN,LIGHT
BROOKLYN,2026-05-21 00:00:00,22.77,1.5,18500.0,0.0,1.5,0.0,24.4,2026-05-21,0,Thursday,False,False,True,5,SPRING,RAIN,LIGHT
BROOKLYN,2026-05-21 01:00:00,21.67,1.7,6700.0,0.0,1.7,0.0,10.46,2026-05-21,1,Thursday,False,False,True,5,SPRING,RAIN,LIGHT
BROOKLYN,2026-05-21 02:00:00,21.37,0.1,24100.0,0.0,0.1,0.0,11.68,2026-05-21,2,Thursday,False,False,True,5,SPRING,RAIN,LIGHT
BROOKLYN,2026-05-21 03:00:00,21.07,0.2,24100.0,0.0,0.2,0.0,16.86,2026-05-21,3,Thursday,False,False,True,5,SPRING,RAIN,LIGHT
BROOKLYN,2026-05-21 04:00:00,20.57,0.0,21300.0,0.0,0.0,0.0,20.17,2026-05-21,4,Thursday,False,False,True,5,SPRING,CLEAR,LIGHT
BROOKLYN,2026-05-21 05:00:00,19.47,0.0,24100.0,0.0,0.0,0.0,19.88,2026-05-21,5,Thursday,False,False,True,5,SPRING,CLEAR,LIGHT
BROOKLYN,2026-05-21 06:00:00,18.97,0.0,24100.0,0.0,0.0,0.0,18.17,2026-05-21,6,Thursday,False,False,False,5,SPRING,CLEAR,LIGHT
BROOKLYN,2026-05-21 07:00:00,18.37,0.0,24100.0,0.0,0.0,0.0,17.65,2026-05-21,7,Thursday,False,True,False,5,SPRING,CLEAR,LIGHT
BROOKLYN,2026-05-21 08:00:00,18.07,0.0,24100.0,0.0,0.0,0.0,17.58,2026-05-21,8,Thursday,False,True,False,5,SPRING,CLEAR,LIGHT
BROOKLYN,2026-05-21 09:00:00,17.97,0.0,24100.0,0.0,0.0,0.0,16.61,2026-05-21,9,Thursday,False,True,False,5,SPRING,CLEAR,LIGHT
BROOKLYN,2026-05-21 10:00:00,17.47,0.0,24100.0,0.0,0.0,0.0,16.22,2026-05-21,10,Thursday,False,False,False,5,SPRING,CLEAR,LIGHT
BROOKLYN,2026-05-21 11:00:00,17.77,0.0,24100.0,0.0,0.0,0.0,12.96,2026-05-21,11,Thursday,False,False,False,5,SPRING,CLEAR,LIGHT
BROOKLYN,2026-05-21 12:00:00,18.47,0.0,24100.0,0.0,0.0,0.0,14.99,2026-05-21,12,Thursday,False,False,False,5,SPRING,CLEAR,LIGHT
BROOKLYN,2026-05-21 13:00:00,18.47,0.0,24100.0,0.0,0.0,0.0,16.43,2026-05-21,13,Thursday,False,False,False,5,SPRING,CLEAR,LIGHT
BROOKLYN,2026-05-21 14:00:00,18.67,0.0,24100.0,0.0,0.0,0.0,19.64,2026-05-21,14,Thursday,False,False,False,5,SPRING,CLEAR,LIGHT
BROOKLYN,2026-05-21 15:00:00,17.67,0.0,21100.0,0.0,0.0,0.0,22.26,2026-05-21,15,Thursday,False,False,False,5,SPRING,CLEAR,LIGHT
BROOKLYN,2026-05-21 16:00:00,16.47,0.0,18500.0,0.0,0.0,0.0,24.03,2026-05-21,16,Thursday,False,True,False,5,SPRING,CLEAR,LIGHT
BROOKLYN,2026-05-21 17:00:00,16.67,0.1,11900.0,0.1,0.0,0.0,20.36,2026-05-21,17,Thursday,False,True,False,5,SPRING,RAIN,LIGHT
BROOKLYN,2026-05-21 18:00:00,15.77,1.1,24100.0,1.1,0.0,0.0,14.8,2026-05-21,18,Thursday,False,True,False,5,SPRING,RAIN,LIGHT
BROOKLYN,2026-05-21 19:00:00,16.17,0.1,24100.0,0.1,0.0,0.0,14.02,2026-05-21,19,Thursday,False,True,False,5,SPRING,RAIN,LIGHT
BROOKLYN,2026-05-21 20:00:00,16.47,0.0,24100.0,0.0,0.0,0.0,8.65,2026-05-21,20,Thursday,False,False,True,5,SPRING,CLEAR,LIGHT
BROOKLYN,2026-05-21 21:00:00,16.47,0.1,24100.0,0.1,0.0,0.0,5.01,2026-05-21,21,Thursday,False,False,True,5,SPRING,RAIN,LIGHT
BROOKLYN,2026-05-21 22:00:00,16.47,0.0,24100.0,0.0,0.0,0.0,3.71,2026-05-21,22,Thursday,False,False,True,5,SPRING,CLEAR,LIGHT
BROOKLYN,2026-05-21 23:00:00,16.47,0.0,24100.0,0.0,0.0,0.0,5.51,2026-05-21,23,Thursday,False,False,True,5,SPRING,CLEAR,LIGHT
BROOKLYN,2026-05-22 00:00:00,16.27,0.0,24100.0,0.0,0.0,0.0,7.63,2026-05-22,0,Friday,False,False,True,5,SPRING,CLEAR,LIGHT
BROOKLYN,2026-05-22 01:00:00,15.77,0.0,24100.0,0.0,0.0,0.0,8.05,2026-05-22,1,Friday,False,False,True,5,SPRING,CLEAR,LIGHT
BROOKLYN,2026-05-22 02:00:00,15.67,0.0,24100.0,0.0,0.0,0.0,4.84,2026-05-22,2,Friday,False,False,True,5,SPRING,CLEAR,LIGHT
BROOKLYN,2026-05-22 03:00:00,16.07,0.0,24100.0,0.0,0.0,0.0,4.68,2026-05-22,3,Friday,False,False,True,5,SPRING,CLEAR,LIGHT
BROOKLYN,2026-05-22 04:00:00,16.57,0.0,24100.0,0.0,0.0,0.0,4.8,2026-05-22,4,Friday,False,False,True,5,SPRING,CLEAR,LIGHT
BROOKLYN,2026-05-22 05:00:00,16.47,0.0,24100.0,0.0,0.0,0.0,10.83,2026-05-22,5,Friday,False,False,True,5,SPRING,CLEAR,LIGHT
BROOKLYN,2026-05-22 06:00:00,16.27,0.0,24100.0,0.0,0.0,0.0,15.18,2026-05-22,6,Friday,False,False,False,5,SPRING,CLEAR,LIGHT
BROOKLYN,2026-05-22 07:00:00,15.97,0.0,24100.0,0.0,0.0,0.0,13.9,2026-05-22,7,Friday,False,True,False,5,SPRING,CLEAR,LIGHT
BROOKLYN,2026-05-22 08:00:00,15.77,0.0,24100.0,0.0,0.0,0.0,15.04,2026-05-22,8,Friday,False,True,False,5,SPRING,CLEAR,LIGHT
BROOKLYN,2026-05-22 09:00:00,15.57,0.0,24100.0,0.0,0.0,0.0,18.22,2026-05-22,9,Friday,False,True,False,5,SPRING,CLEAR,LIGHT
BROOKLYN,2026-05-22 10:00:00,15.17,0.0,24100.0,0.0,0.0,0.0,20.36,2026-05-22,10,Friday,False,False,False,5,SPRING,CLEAR,LIGHT
BROOKLYN,2026-05-22 11:00:00,15.27,0.0,24100.0,0.0,0.0,0.0,24.96,2026-05-22,11,Friday,False,False,False,5,SPRING,CLEAR,LIGHT
BROOKLYN,2026-05-22 12:00:00,15.67,0.0,24100.0,0.0,0.0,0.0,25.77,2026-05-22,12,Friday,False,False,False,5,SPRING,CLEAR,LIGHT
BROOKLYN,2026-05-22 13:00:00,16.07,0.0,24100.0,0.0,0.0,0.0,23.19,2026-05-22,13,Friday,False,False,False,5,SPRING,CLEAR,LIGHT
BROOKLYN,2026-05-22 14:00:00,16.97,0.0,24100.0,0.0,0.0,0.0,21.6,2026-05-22,14,Friday,False,False,False,5,SPRING,CLEAR,LIGHT
BROOKLYN,2026-05-22 15:00:00,17.67,0.0,24100.0,0.0,0.0,0.0,20.43,2026-05-22,15,Friday,False,False,False,5,SPRING,CLEAR,LIGHT
BROOKLYN,2026-05-22 16:00:00,17.97,0.0,24100.0,0.0,0.0,0.0,20.55,2026-05-22,16,Friday,False,True,False,5,SPRING,CLEAR,LIGHT
BROOKLYN,2026-05-22 17:00:00,17.67,0.0,24100.0,0.0,0.0,0.0,24.87,2026-05-22,17,Friday,False,True,False,5,SPRING,CLEAR,LIGHT
BROOKLYN,2026-05-22 18:00:00,16.97,0.0,24100.0,0.0,0.0,0.0,28.5,2026-05-22,18,Friday,False,True,False,5,SPRING,CLEAR,LIGHT
BROOKLYN,2026-05-22 19:00:00,16.37,0.0,24100.0,0.0,0.0,0.0,29.34,2026-05-22,19,Friday,False,True,False,5,SPRING,CLEAR,LIGHT
BROOKLYN,2026-05-22 20:00:00,16.17,0.0,24100.0,0.0,0.0,0.0,29.26,2026-05-22,20,Friday,False,False,True,5,SPRING,CLEAR,LIGHT
BROOKLYN,2026-05-22 21:00:00,15.67,0.0,24100.0,0.0,0.0,0.0,28.46,2026-05-22,21,Friday,False,False,True,5,SPRING,CLEAR,LIGHT
BROOKLYN,2026-05-22 22:00:00,15.17,0.0,24100.0,0.0,0.0,0.0,27.26,2026-05-22,22,Friday,False,False,True,5,SPRING,CLEAR,LIGHT
BROOKLYN,2026-05-22 23:00:00,14.77,0.0,24100.0,0.0,0.0,0.0,25.87,2026-05-22,23,Friday,False,False,True,5,SPRING,CLEAR,LIGHT
BROOKLYN,2026-05-23 00:00:00,14.57,0.0,24100.0,0.0,0.0,0.0,23.89,2026-05-23,0,Saturday,True,False,True,5,SPRING,CLEAR,LIGHT
BROOKLYN,2026-05-23 01:00:00,13.44,0.0,33100.0,0.0,0.0,0.0,9.96,2026-05-23,1,Saturday,True,False,True,5,SPRING,CLEAR,LIGHT
BROOKLYN,2026-05-23 02:00:00,13.19,0.0,34000.0,0.0,0.0,0.0,6.85,2026-05-23,2,Saturday,True,False,True,5,SPRING,CLEAR,LIGHT
BROOKLYN,2026-05-23 03:00:00,13.19,0.0,41000.0,0.0,0.0,0.0,9.34,2026-05-23,3,Saturday,True,False,True,5,SPRING,CLEAR,LIGHT
BROOKLYN,2026-05-23 04:00:00,12.54,0.0,34700.0,0.0,0.0,0.0,3.6,2026-05-23,4,Saturday,True,False,True,5,SPRING,CLEAR,LIGHT
BROOKLYN,2026-05-23 05:00:00,12.49,0.0,31000.0,0.0,0.0,0.0,6.95,2026-05-23,5,Saturday,True,False,True,5,SPRING,CLEAR,LIGHT
BROOKLYN,2026-05-23 06:00:00,12.44,0.0,33400.0,0.0,0.0,0.0,6.19,2026-05-23,6,Saturday,True,False,False,5,SPRING,CLEAR,LIGHT
BROOKLYN,2026-05-23 07:00:00,11.99,0.0,31900.0,0.0,0.0,0.0,7.63,2026-05-23,7,Saturday,True,True,False,5,SPRING,CLEAR,LIGHT
BROOKLYN,2026-05-23 08:00:00,11.54,0.0,31000.0,0.0,0.0,0.0,5.82,2026-05-23,8,Saturday,True,True,False,5,SPRING,CLEAR,LIGHT
BROOKLYN,2026-05-23 09:00:00,11.39,0.0,26300.0,0.0,0.0,0.0,7.64,2026-05-23,9,Saturday,True,True,False,5,SPRING,CLEAR,LIGHT
BROOKLYN,2026-05-23 10:00:00,10.94,0.0,25600.0,0.0,0.0,0.0,9.96,2026-05-23,10,Saturday,True,False,False,5,SPRING,CLEAR,LIGHT
BROOKLYN,2026-05-23 11:00:00,11.29,0.0,24300.0,0.0,0.0,0.0,9.23,2026-05-23,11,Saturday,True,False,False,5,SPRING,CLEAR,LIGHT
BROOKLYN,2026-05-23 12:00:00,11.89,0.0,22900.0,0.0,0.0,0.0,8.83,2026-05-23,12,Saturday,True,False,False,5,SPRING,CLEAR,LIGHT
BROOKLYN,2026-05-23 13:00:00,11.79,0.0,20600.0,0.0,0.0,0.0,10.79,2026-05-23,13,Saturday,True,False,False,5,SPRING,CLEAR,LIGHT
BROOKLYN,2026-05-23 14:00:00,12.34,0.0,31500.0,0.0,0.0,0.0,7.42,2026-05-23,14,Saturday,True,False,False,5,SPRING,CLEAR,LIGHT
BROOKLYN,2026-05-23 15:00:00,12.59,0.0,31000.0,0.0,0.0,0.0,10.69,2026-05-23,15,Saturday,True,False,False,5,SPRING,CLEAR,LIGHT
BROOKLYN,2026-05-23 16:00:00,13.24,0.0,36700.0,0.0,0.0,0.0,12.4,2026-05-23,16,Saturday,True,True,False,5,SPRING,CLEAR,LIGHT
BROOKLYN,2026-05-23 17:00:00,12.74,0.0,35800.0,0.0,0.0,0.0,11.59,2026-05-23,17,Saturday,True,True,False,5,SPRING,CLEAR,LIGHT
BROOKLYN,2026-05-23 18:00:00,12.24,0.4,28900.0,0.4,0.0,0.0,13.68,2026-05-23,18,Saturday,True,True,False,5,SPRING,RAIN,LIGHT
BROOKLYN,2026-05-23 19:00:00,11.64,0.4,18100.0,0.4,0.0,0.0,14.48,2026-05-23,19,Saturday,True,True,False,5,SPRING,RAIN,LIGHT
BROOKLYN,2026-05-23 20:00:00,11.09,0.4,9400.0,0.4,0.0,0.0,11.75,2026-05-23,20,Saturday,True,False,True,5,SPRING,RAIN,LIGHT
BROOKLYN,2026-05-23 21:00:00,10.79,1.4,10800.0,1.4,0.0,0.0,14.78,2026-05-23,21,Saturday,True,False,True,5,SPRING,RAIN,LIGHT
BROOKLYN,2026-05-23 22:00:00,10.79,1.4,5300.0,1.4,0.0,0.0,19.47,2026-05-23,22,Saturday,True,False,True,5,SPRING,RAIN,LIGHT
BROOKLYN,2026-05-23 23:00:00,10.24,4.7,6300.0,4.7,0.0,0.0,16.52,2026-05-23,23,Saturday,True,False,True,5,SPRING,RAIN,MODERATE
BROOKLYN,2026-05-24 00:00:00,9.59,3.6,6300.0,3.6,0.0,0.0,17.25,2026-05-24,0,Sunday,True,False,True,5,SPRING,RAIN,MODERATE
BROOKLYN,2026-05-24 01:00:00,9.64,0.0,12700.0,0.0,0.0,0.0,11.89,2026-05-24,1,Sunday,True,False,True,5,SPRING,CLEAR,LIGHT
BROOKLYN,2026-05-24 02:00:00,10.04,0.0,14000.0,0.0,0.0,0.0,11.98,2026-05-24,2,Sunday,True,False,True,5,SPRING,CLEAR,LIGHT
BROOKLYN,2026-05-24 03:00:00,10.19,0.0,13400.0,0.0,0.0,0.0,12.24,2026-05-24,3,Sunday,True,False,True,5,SPRING,CLEAR,LIGHT
BROOKLYN,2026-05-24 04:00:00,10.09,0.0,12600.0,0.0,0.0,0.0,14.57,2026-05-24,4,Sunday,True,False,True,5,SPRING,CLEAR,LIGHT
BROOKLYN,2026-05-24 05:00:00,10.29,0.0,12900.0,0.0,0.0,0.0,13.4,2026-05-24,5,Sunday,True,False,True,5,SPRING,CLEAR,LIGHT
BROOKLYN,2026-05-24 06:00:00,10.34,0.0,13400.0,0.0,0.0,0.0,13.78,2026-05-24,6,Sunday,True,False,False,5,SPRING,CLEAR,LIGHT
BROOKLYN,2026-05-24 07:00:00,10.49,1.8,13300.0,1.8,0.0,0.0,13.18,2026-05-24,7,Sunday,True,True,False,5,SPRING,RAIN,LIGHT
BROOKLYN,2026-05-24 08:00:00,10.34,1.8,12600.0,1.8,0.0,0.0,10.88,2026-05-24,8,Sunday,True,True,False,5,SPRING,RAIN,LIGHT
BROOKLYN,2026-05-24 09:00:00,10.74,0.4,12500.0,0.4,0.0,0.0,12.73,2026-05-24,9,Sunday,True,True,False,5,SPRING,RAIN,LIGHT
BROOKLYN,2026-05-24 10:00:00,11.14,1.8,5200.0,1.8,0.0,0.0,13.63,2026-05-24,10,Sunday,True,False,False,5,SPRING,RAIN,LIGHT
BROOKLYN,2026-05-24 11:00:00,11.24,0.4,5100.0,0.4,0.0,0.0,10.64,2026-05-24,11,Sunday,True,False,False,5,SPRING,RAIN,LIGHT
BROOKLYN,2026-05-24 12:00:00,11.49,1.8,12800.0,1.8,0.0,0.0,14.01,2026-05-24,12,Sunday,True,False,False,5,SPRING,RAIN,LIGHT
BROOKLYN,2026-05-24 13:00:00,11.74,2.2,12200.0,2.2,0.0,0.0,14.12,2026-05-24,13,Sunday,True,False,False,5,SPRING,RAIN,LIGHT
BROOKLYN,2026-05-24 14:00:00,11.99,1.8,9900.0,1.8,0.0,0.0,12.68,2026-05-24,14,Sunday,True,False,False,5,SPRING,RAIN,LIGHT
BROOKLYN,2026-05-24 15:00:00,12.34,0.4,8900.0,0.4,0.0,0.0,10.74,2026-05-24,15,Sunday,True,False,False,5,SPRING,RAIN,LIGHT
BROOKLYN,2026-05-24 16:00:00,12.64,1.8,12700.0,1.8,0.0,0.0,13.04,2026-05-24,16,Sunday,True,True,False,5,SPRING,RAIN,LIGHT
BROOKLYN,2026-05-24 17:00:00,13.09,0.0,12200.0,0.0,0.0,0.0,8.65,2026-05-24,17,Sunday,True,True,False,5,SPRING,CLEAR,LIGHT
BROOKLYN,2026-05-24 18:00:00,13.24,0.0,12500.0,0.0,0.0,0.0,11.12,2026-05-24,18,Sunday,True,True,False,5,SPRING,CLEAR,LIGHT
BROOKLYN,2026-05-24 19:00:00,13.99,0.0,13200.0,0.0,0.0,0.0,11.71,2026-05-24,19,Sunday,True,True,False,5,SPRING,CLEAR,LIGHT
BROOKLYN,2026-05-24 20:00:00,14.09,0.0,12900.0,0.0,0.0,0.0,11.68,2026-05-24,20,Sunday,True,False,True,5,SPRING,CLEAR,LIGHT
BROOKLYN,2026-05-24 21:00:00,14.24,0.0,3100.0,0.0,0.0,0.0,9.36,2026-05-24,21,Sunday,True,False,True,5,SPRING,FOG,LIGHT
BROOKLYN,2026-05-24 22:00:00,14.14,0.0,12900.0,0.0,0.0,0.0,10.74,2026-05-24,22,Sunday,True,False,True,5,SPRING,CLEAR,LIGHT
BROOKLYN,2026-05-24 23:00:00,13.74,0.0,12500.0,0.0,0.0,0.0,9.98,2026-05-24,23,Sunday,True,False,True,5,SPRING,CLEAR,LIGHT
BROOKLYN,2026-05-25 00:00:00,13.49,0.0,12500.0,0.0,0.0,0.0,8.53,2026-05-25,0,Monday,False,False,True,5,SPRING,CLEAR,LIGHT
BROOKLYN,2026-05-25 01:00:00,13.29,0.0,12400.0,0.0,0.0,0.0,6.83,2026-05-25,1,Monday,False,False,True,5,SPRING,CLEAR,LIGHT
BROOKLYN,2026-05-25 02:00:00,12.89,0.0,12200.0,0.0,0.0,0.0,8.29,2026-05-25,2,Monday,False,False,True,5,SPRING,CLEAR,LIGHT
BROOKLYN,2026-05-25 03:00:00,12.69,0.0,12200.0,0.0,0.0,0.0,7.2,2026-05-25,3,Monday,False,False,True,5,SPRING,CLEAR,LIGHT
BROOKLYN,2026-05-25 04:00:00,12.79,0.0,100.0,0.0,0.0,0.0,3.1,2026-05-25,4,Monday,False,False,True,5,SPRING,FOG,SEVERE
BROOKLYN,2026-05-25 05:00:00,12.99,0.0,12200.0,0.0,0.0,0.0,3.22,2026-05-25,5,Monday,False,False,True,5,SPRING,CLEAR,LIGHT
BROOKLYN,2026-05-25 06:00:00,13.14,0.0,3100.0,0.0,0.0,0.0,1.94,2026-05-25,6,Monday,False,False,False,5,SPRING,FOG,LIGHT
BROOKLYN,2026-05-25 07:00:00,13.14,0.0,12200.0,0.0,0.0,0.0,4.69,2026-05-25,7,Monday,False,True,False,5,SPRING,CLEAR,LIGHT
BROOKLYN,2026-05-25 08:00:00,13.09,0.0,12200.0,0.0,0.0,0.0,3.1,2026-05-25,8,Monday,False,True,False,5,SPRING,CLEAR,LIGHT
BROOKLYN,2026-05-25 09:00:00,13.09,0.0,1600.0,0.0,0.0,0.0,3.96,2026-05-25,9,Monday,False,True,False,5,SPRING,FOG,MODERATE
BROOKLYN,2026-05-25 10:00:00,13.24,0.0,12200.0,0.0,0.0,0.0,1.3,2026-05-25,10,Monday,False,False,False,5,SPRING,CLEAR,LIGHT
BROOKLYN,2026-05-25 11:00:00,13.29,0.0,3100.0,0.0,0.0,0.0,2.1,2026-05-25,11,Monday,False,False,False,5,SPRING,FOG,LIGHT
BROOKLYN,2026-05-25 12:00:00,13.49,0.0,12200.0,0.0,0.0,0.0,2.16,2026-05-25,12,Monday,False,False,False,5,SPRING,CLEAR,LIGHT
BROOKLYN,2026-05-25 13:00:00,13.99,0.7,12200.0,0.7,0.0,0.0,4.69,2026-05-25,13,Monday,False,False,False,5,SPRING,RAIN,LIGHT
BROOKLYN,2026-05-25 14:00:00,15.14,0.0,12200.0,0.0,0.0,0.0,5.24,2026-05-25,14,Monday,False,False,False,5,SPRING,CLEAR,LIGHT
BROOKLYN,2026-05-25 15:00:00,15.29,0.0,12900.0,0.0,0.0,0.0,7.65,2026-05-25,15,Monday,False,False,False,5,SPRING,CLEAR,LIGHT
BROOKLYN,2026-05-25 16:00:00,15.64,0.0,12300.0,0.0,0.0,0.0,5.69,2026-05-25,16,Monday,False,True,False,5,SPRING,CLEAR,LIGHT
BROOKLYN,2026-05-25 17:00:00,18.54,0.0,15100.0,0.0,0.0,0.0,13.18,2026-05-25,17,Monday,False,True,False,5,SPRING,CLEAR,LIGHT
BROOKLYN,2026-05-25 18:00:00,18.94,0.0,15700.0,0.0,0.0,0.0,9.18,2026-05-25,18,Monday,False,True,False,5,SPRING,CLEAR,LIGHT
BROOKLYN,2026-05-25 19:00:00,19.24,0.0,17700.0,0.0,0.0,0.0,7.15,2026-05-25,19,Monday,False,True,False,5,SPRING,CLEAR,LIGHT
BROOKLYN,2026-05-25 20:00:00,20.64,0.0,16300.0,0.0,0.0,0.0,7.17,2026-05-25,20,Monday,False,False,True,5,SPRING,CLEAR,LIGHT
BROOKLYN,2026-05-25 21:00:00,22.14,0.0,18500.0,0.0,0.0,0.0,4.68,2026-05-25,21,Monday,False,False,True,5,SPRING,CLEAR,LIGHT
BROOKLYN,2026-05-25 22:00:00,21.64,0.0,19100.0,0.0,0.0,0.0,7.56,2026-05-25,22,Monday,False,False,True,5,SPRING,CLEAR,LIGHT
BROOKLYN,2026-05-25 23:00:00,19.99,0.0,17300.0,0.0,0.0,0.0,7.42,2026-05-25,23,Monday,False,False,True,5,SPRING,CLEAR,LIGHT
BROOKLYN,2026-05-26 00:00:00,18.54,0.0,16700.0,0.0,0.0,0.0,4.07,2026-05-26,0,Tuesday,False,False,True,5,SPRING,CLEAR,LIGHT
BROOKLYN,2026-05-26 01:00:00,17.79,0.0,14200.0,0.0,0.0,0.0,5.15,2026-05-26,1,Tuesday,False,False,True,5,SPRING,CLEAR,LIGHT
BROOKLYN,2026-05-26 02:00:00,17.64,0.0,12400.0,0.0,0.0,0.0,5.15,2026-05-26,2,Tuesday,False,False,True,5,SPRING,CLEAR,LIGHT
BROOKLYN,2026-05-26 03:00:00,16.79,0.0,12200.0,0.0,0.0,0.0,4.33,2026-05-26,3,Tuesday,False,False,True,5,SPRING,CLEAR,LIGHT
BROOKLYN,2026-05-26 04:00:00,16.94,0.0,12200.0,0.0,0.0,0.0,4.33,2026-05-26,4,Tuesday,False,False,True,5,SPRING,CLEAR,LIGHT
BROOKLYN,2026-05-26 05:00:00,16.74,0.0,12900.0,0.0,0.0,0.0,5.0,2026-05-26,5,Tuesday,False,False,True,5,SPRING,CLEAR,LIGHT
BROOKLYN,2026-05-26 06:00:00,16.59,0.0,12800.0,0.0,0.0,0.0,7.42,2026-05-26,6,Tuesday,False,False,False,5,SPRING,CLEAR,LIGHT
BROOKLYN,2026-05-26 07:00:00,16.34,0.0,15700.0,0.0,0.0,0.0,6.99,2026-05-26,7,Tuesday,False,True,False,5,SPRING,CLEAR,LIGHT
BROOKLYN,2026-05-26 08:00:00,15.44,0.0,15600.0,0.0,0.0,0.0,7.86,2026-05-26,8,Tuesday,False,True,False,5,SPRING,CLEAR,LIGHT
BROOKLYN,2026-05-26 09:00:00,15.09,0.0,14200.0,0.0,0.0,0.0,6.83,2026-05-26,9,Tuesday,False,True,False,5,SPRING,CLEAR,LIGHT
BROOKLYN,2026-05-26 10:00:00,14.94,0.0,15300.0,0.0,0.0,0.0,6.19,2026-05-26,10,Tuesday,False,False,False,5,SPRING,CLEAR,LIGHT
BROOKLYN,2026-05-26 11:00:00,16.04,0.0,16000.0,0.0,0.0,0.0,3.88,2026-05-26,11,Tuesday,False,False,False,5,SPRING,CLEAR,LIGHT
BROOKLYN,2026-05-26 12:00:00,18.49,0.0,21800.0,0.0,0.0,0.0,8.85,2026-05-26,12,Tuesday,False,False,False,5,SPRING,CLEAR,LIGHT
BROOKLYN,2026-05-26 13:00:00,20.09,0.0,32800.0,0.0,0.0,0.0,6.15,2026-05-26,13,Tuesday,False,False,False,5,SPRING,CLEAR,LIGHT
BROOKLYN,2026-05-26 14:00:00,21.94,0.0,36300.0,0.0,0.0,0.0,11.88,2026-05-26,14,Tuesday,False,False,False,5,SPRING,CLEAR,LIGHT
BROOKLYN,2026-05-26 15:00:00,23.59,0.0,42000.0,0.0,0.0,0.0,7.64,2026-05-26,15,Tuesday,False,False,False,5,SPRING,CLEAR,LIGHT
BROOKLYN,2026-05-26 16:00:00,25.69,0.0,49800.0,0.0,0.0,0.0,6.49,2026-05-26,16,Tuesday,False,True,False,5,SPRING,CLEAR,LIGHT
BROOKLYN,2026-05-26 17:00:00,25.84,0.0,41000.0,0.0,0.0,0.0,8.56,2026-05-26,17,Tuesday,False,True,False,5,SPRING,CLEAR,LIGHT
BROOKLYN,2026-05-26 18:00:00,25.09,0.0,33200.0,0.0,0.0,0.0,11.92,2026-05-26,18,Tuesday,False,True,False,5,SPRING,CLEAR,LIGHT
BROOKLYN,2026-05-26 19:00:00,25.89,0.0,35900.0,0.0,0.0,0.0,12.68,2026-05-26,19,Tuesday,False,True,False,5,SPRING,CLEAR,LIGHT
BROOKLYN,2026-05-26 20:00:00,26.04,0.0,43400.0,0.0,0.0,0.0,10.5,2026-05-26,20,Tuesday,False,False,True,5,SPRING,CLEAR,LIGHT
BROOKLYN,2026-05-26 21:00:00,25.04,0.0,45600.0,0.0,0.0,0.0,11.87,2026-05-26,21,Tuesday,False,False,True,5,SPRING,CLEAR,LIGHT
BROOKLYN,2026-05-26 22:00:00,23.19,0.0,39900.0,0.0,0.0,0.0,12.9,2026-05-26,22,Tuesday,False,False,True,5,SPRING,CLEAR,LIGHT
BROOKLYN,2026-05-26 23:00:00,21.34,0.0,29700.0,0.0,0.0,0.0,10.7,2026-05-26,23,Tuesday,False,False,True,5,SPRING,CLEAR,LIGHT
BROOKLYN,2026-05-27 00:00:00,20.04,0.0,25700.0,0.0,0.0,0.0,6.29,2026-05-27,0,Wednesday,False,False,True,5,SPRING,CLEAR,LIGHT
BROOKLYN,2026-05-27 01:00:00,18.64,0.0,22700.0,0.0,0.0,0.0,5.35,2026-05-27,1,Wednesday,False,False,True,5,SPRING,CLEAR,LIGHT
BROOKLYN,2026-05-27 02:00:00,17.49,0.0,15600.0,0.0,0.0,0.0,2.55,2026-05-27,2,Wednesday,False,False,True,5,SPRING,CLEAR,LIGHT
BROOKLYN,2026-05-27 03:00:00,17.34,0.0,13900.0,0.0,0.0,0.0,6.76,2026-05-27,3,Wednesday,False,False,True,5,SPRING,CLEAR,LIGHT
BROOKLYN,2026-05-27 04:00:00,18.54,0.0,18700.0,0.0,0.0,0.0,5.12,2026-05-27,4,Wednesday,False,False,True,5,SPRING,CLEAR,LIGHT
BROOKLYN,2026-05-27 05:00:00,17.19,0.0,19000.0,0.0,0.0,0.0,3.4,2026-05-27,5,Wednesday,False,False,True,5,SPRING,CLEAR,LIGHT
BROOKLYN,2026-05-27 06:00:00,18.19,0.0,17700.0,0.0,0.0,0.0,11.25,2026-05-27,6,Wednesday,False,False,False,5,SPRING,CLEAR,LIGHT
BROOKLYN,2026-05-27 07:00:00,18.14,0.0,20400.0,0.0,0.0,0.0,8.79,2026-05-27,7,Wednesday,False,True,False,5,SPRING,CLEAR,LIGHT
BROOKLYN,2026-05-27 08:00:00,18.04,0.0,20500.0,0.0,0.0,0.0,6.49,2026-05-27,8,Wednesday,False,True,False,5,SPRING,CLEAR,LIGHT
BROOKLYN,2026-05-27 09:00:00,17.99,0.0,18400.0,0.0,0.0,0.0,6.11,2026-05-27,9,Wednesday,False,True,False,5,SPRING,CLEAR,LIGHT
BROOKLYN,2026-05-27 10:00:00,18.09,0.0,17200.0,0.0,0.0,0.0,5.12,2026-05-27,10,Wednesday,False,False,False,5,SPRING,CLEAR,LIGHT
BROOKLYN,2026-05-27 11:00:00,19.09,0.0,18000.0,0.0,0.0,0.0,5.96,2026-05-27,11,Wednesday,False,False,False,5,SPRING,CLEAR,LIGHT
BROOKLYN,2026-05-27 12:00:00,19.54,0.0,16400.0,0.0,0.0,0.0,8.94,2026-05-27,12,Wednesday,False,False,False,5,SPRING,CLEAR,LIGHT
BROOKLYN,2026-05-27 13:00:00,21.04,0.0,16800.0,0.0,0.0,0.0,10.59,2026-05-27,13,Wednesday,False,False,False,5,SPRING,CLEAR,LIGHT
BROOKLYN,2026-05-27 14:00:00,22.79,0.0,20000.0,0.0,0.0,0.0,10.8,2026-05-27,14,Wednesday,False,False,False,5,SPRING,CLEAR,LIGHT
BROOKLYN,2026-05-27 15:00:00,21.69,0.0,19500.0,0.0,0.0,0.0,8.85,2026-05-27,15,Wednesday,False,False,False,5,SPRING,CLEAR,LIGHT
BROOKLYN,2026-05-27 16:00:00,22.14,0.0,20000.0,0.0,0.0,0.0,11.25,2026-05-27,16,Wednesday,False,True,False,5,SPRING,CLEAR,LIGHT
BROOKLYN,2026-05-27 17:00:00,24.59,0.0,21000.0,0.0,0.0,0.0,11.75,2026-05-27,17,Wednesday,False,True,False,5,SPRING,CLEAR,LIGHT
BROOKLYN,2026-05-27 18:00:00,25.04,0.0,21600.0,0.0,0.0,0.0,12.54,2026-05-27,18,Wednesday,False,True,False,5,SPRING,CLEAR,LIGHT
BROOKLYN,2026-05-27 19:00:00,25.64,0.0,20100.0,0.0,0.0,0.0,14.97,2026-05-27,19,Wednesday,False,True,False,5,SPRING,CLEAR,LIGHT
BROOKLYN,2026-05-27 20:00:00,27.49,0.0,30800.0,0.0,0.0,0.0,14.34,2026-05-27,20,Wednesday,False,False,True,5,SPRING,CLEAR,LIGHT
BROOKLYN,2026-05-27 21:00:00,27.69,0.0,26700.0,0.0,0.0,0.0,16.49,2026-05-27,21,Wednesday,False,False,True,5,SPRING,CLEAR,LIGHT
BROOKLYN,2026-05-27 22:00:00,28.14,0.0,34700.0,0.0,0.0,0.0,15.41,2026-05-27,22,Wednesday,False,False,True,5,SPRING,CLEAR,LIGHT
BROOKLYN,2026-05-27 23:00:00,27.29,0.0,34200.0,0.0,0.0,0.0,13.28,2026-05-27,23,Wednesday,False,False,True,5,SPRING,CLEAR,LIGHT
BROOKLYN,2026-05-28 00:00:00,26.04,0.0,36400.0,0.0,0.0,0.0,8.53,2026-05-28,0,Thursday,False,False,True,5,SPRING,CLEAR,LIGHT
BROOKLYN,2026-05-28 01:00:00,24.74,0.0,34300.0,0.0,0.0,0.0,11.53,2026-05-28,1,Thursday,False,False,True,5,SPRING,CLEAR,LIGHT
BROOKLYN,2026-05-28 02:00:00,23.99,0.0,33000.0,0.0,0.0,0.0,13.71,2026-05-28,2,Thursday,False,False,True,5,SPRING,CLEAR,LIGHT
BROOKLYN,2026-05-28 03:00:00,23.49,0.0,29600.0,0.0,0.0,0.0,9.01,2026-05-28,3,Thursday,False,False,True,5,SPRING,CLEAR,LIGHT
BROOKLYN,2026-05-28 04:00:00,23.34,0.0,37900.0,0.0,0.0,0.0,15.07,2026-05-28,4,Thursday,False,False,True,5,SPRING,CLEAR,LIGHT
BROOKLYN,2026-05-28 05:00:00,22.69,0.0,48500.0,0.0,0.0,0.0,14.02,2026-05-28,5,Thursday,False,False,True,5,SPRING,CLEAR,LIGHT
BROOKLYN,2026-05-28 06:00:00,22.19,0.0,55400.0,0.0,0.0,0.0,17.37,2026-05-28,6,Thursday,False,False,False,5,SPRING,CLEAR,LIGHT
BROOKLYN,2026-05-28 07:00:00,20.84,0.0,45500.0,0.0,0.0,0.0,12.56,2026-05-28,7,Thursday,False,True,False,5,SPRING,CLEAR,LIGHT
BROOKLYN,2026-05-28 08:00:00,20.54,0.0,43100.0,0.0,0.0,0.0,14.01,2026-05-28,8,Thursday,False,True,False,5,SPRING,CLEAR,LIGHT
BROOKLYN,2026-05-28 09:00:00,19.74,0.0,42700.0,0.0,0.0,0.0,10.39,2026-05-28,9,Thursday,False,True,False,5,SPRING,CLEAR,LIGHT
BROOKLYN,2026-05-28 10:00:00,19.14,0.0,35900.0,0.0,0.0,0.0,6.79,2026-05-28,10,Thursday,False,False,False,5,SPRING,CLEAR,LIGHT
BROOKLYN,2026-05-28 11:00:00,19.29,0.0,33600.0,0.0,0.0,0.0,6.37,2026-05-28,11,Thursday,False,False,False,5,SPRING,CLEAR,LIGHT
BROOKLYN,2026-05-28 12:00:00,20.59,0.0,38100.0,0.0,0.0,0.0,14.39,2026-05-28,12,Thursday,False,False,False,5,SPRING,CLEAR,LIGHT
BROOKLYN,2026-05-28 13:00:00,21.84,0.0,37600.0,0.0,0.0,0.0,15.99,2026-05-28,13,Thursday,False,False,False,5,SPRING,CLEAR,LIGHT
BROOKLYN,2026-05-28 14:00:00,23.24,0.0,39000.0,0.0,0.0,0.0,15.32,2026-05-28,14,Thursday,False,False,False,5,SPRING,CLEAR,LIGHT
BROOKLYN,2026-05-28 15:00:00,24.34,0.0,46800.0,0.0,0.0,0.0,13.32,2026-05-28,15,Thursday,False,False,False,5,SPRING,CLEAR,LIGHT
BROOKLYN,2026-05-28 16:00:00,24.04,0.0,48700.0,0.0,0.0,0.0,16.58,2026-05-28,16,Thursday,False,True,False,5,SPRING,CLEAR,LIGHT
BROOKLYN,2026-05-28 17:00:00,23.34,0.0,39000.0,0.0,0.0,0.0,24.54,2026-05-28,17,Thursday,False,True,False,5,SPRING,CLEAR,LIGHT
BROOKLYN,2026-05-28 18:00:00,22.29,0.0,33800.0,0.0,0.0,0.0,18.06,2026-05-28,18,Thursday,False,True,False,5,SPRING,CLEAR,LIGHT
BROOKLYN,2026-05-28 19:00:00,24.54,0.0,51000.0,0.0,0.0,0.0,25.71,2026-05-28,19,Thursday,False,True,False,5,SPRING,CLEAR,LIGHT
BROOKLYN,2026-05-28 20:00:00,22.99,0.0,51400.0,0.0,0.0,0.0,24.95,2026-05-28,20,Thursday,False,False,True,5,SPRING,CLEAR,LIGHT
BROOKLYN,2026-05-28 21:00:00,22.64,0.0,44100.0,0.0,0.0,0.0,25.39,2026-05-28,21,Thursday,False,False,True,5,SPRING,CLEAR,LIGHT
BROOKLYN,2026-05-28 22:00:00,21.69,0.0,40500.0,0.0,0.0,0.0,23.13,2026-05-28,22,Thursday,False,False,True,5,SPRING,CLEAR,LIGHT
BROOKLYN,2026-05-28 23:00:00,21.34,0.0,42600.0,0.0,0.0,0.0,21.14,2026-05-28,23,Thursday,False,False,True,5,SPRING,CLEAR,LIGHT
BROOKLYN,2026-05-29 00:00:00,20.09,0.0,41100.0,0.0,0.0,0.0,17.25,2026-05-29,0,Friday,False,False,True,5,SPRING,CLEAR,LIGHT
BROOKLYN,2026-05-29 01:00:00,19.09,0.0,41800.0,0.0,0.0,0.0,16.38,2026-05-29,1,Friday,False,False,True,5,SPRING,CLEAR,LIGHT
BROOKLYN,2026-05-29 02:00:00,18.99,0.0,44900.0,0.0,0.0,0.0,16.7,2026-05-29,2,Friday,False,False,True,5,SPRING,CLEAR,LIGHT
BROOKLYN,2026-05-29 03:00:00,16.79,0.0,38300.0,0.0,0.0,0.0,14.06,2026-05-29,3,Friday,False,False,True,5,SPRING,CLEAR,LIGHT
BROOKLYN,2026-05-29 04:00:00,16.64,0.0,40200.0,0.0,0.0,0.0,10.44,2026-05-29,4,Friday,False,False,True,5,SPRING,CLEAR,LIGHT
BROOKLYN,2026-05-29 05:00:00,15.44,0.0,34100.0,0.0,0.0,0.0,10.32,2026-05-29,5,Friday,False,False,True,5,SPRING,CLEAR,LIGHT
BROOKLYN,2026-05-29 06:00:00,15.54,0.0,34600.0,0.0,0.0,0.0,12.1,2026-05-29,6,Friday,False,False,False,5,SPRING,CLEAR,LIGHT
BROOKLYN,2026-05-29 07:00:00,14.64,0.0,30400.0,0.0,0.0,0.0,10.32,2026-05-29,7,Friday,False,True,False,5,SPRING,CLEAR,LIGHT
BROOKLYN,2026-05-29 08:00:00,13.94,0.0,27900.0,0.0,0.0,0.0,9.02,2026-05-29,8,Friday,False,True,False,5,SPRING,CLEAR,LIGHT
BROOKLYN,2026-05-29 09:00:00,13.69,0.0,29500.0,0.0,0.0,0.0,10.8,2026-05-29,9,Friday,False,True,False,5,SPRING,CLEAR,LIGHT
BROOKLYN,2026-05-29 10:00:00,13.54,0.0,26900.0,0.0,0.0,0.0,8.71,2026-05-29,10,Friday,False,False,False,5,SPRING,CLEAR,LIGHT
BROOKLYN,2026-05-29 11:00:00,15.09,0.0,27500.0,0.0,0.0,0.0,10.19,2026-05-29,11,Friday,False,False,False,5,SPRING,CLEAR,LIGHT
BROOKLYN,2026-05-29 12:00:00,16.74,0.0,30400.0,0.0,0.0,0.0,13.58,2026-05-29,12,Friday,False,False,False,5,SPRING,CLEAR,LIGHT
BROOKLYN,2026-05-29 13:00:00,18.04,0.0,30300.0,0.0,0.0,0.0,12.72,2026-05-29,13,Friday,False,False,False,5,SPRING,CLEAR,LIGHT
BROOKLYN,2026-05-29 14:00:00,19.64,0.0,32600.0,0.0,0.0,0.0,10.95,2026-05-29,14,Friday,False,False,False,5,SPRING,CLEAR,LIGHT
BROOKLYN,2026-05-29 15:00:00,21.49,0.0,42800.0,0.0,0.0,0.0,10.3,2026-05-29,15,Friday,False,False,False,5,SPRING,CLEAR,LIGHT
BROOKLYN,2026-05-29 16:00:00,22.74,0.0,51200.0,0.0,0.0,0.0,6.73,2026-05-29,16,Friday,False,True,False,5,SPRING,CLEAR,LIGHT
BROOKLYN,2026-05-29 17:00:00,24.19,0.0,58900.0,0.0,0.0,0.0,16.26,2026-05-29,17,Friday,False,True,False,5,SPRING,CLEAR,LIGHT
BROOKLYN,2026-05-29 18:00:00,24.64,0.0,58500.0,0.0,0.0,0.0,14.35,2026-05-29,18,Friday,False,True,False,5,SPRING,CLEAR,LIGHT
BROOKLYN,2026-05-29 19:00:00,24.94,0.0,55300.0,0.0,0.0,0.0,17.42,2026-05-29,19,Friday,False,True,False,5,SPRING,CLEAR,LIGHT
BROOKLYN,2026-05-29 20:00:00,25.34,0.0,59500.0,0.0,0.0,0.0,18.72,2026-05-29,20,Friday,False,False,True,5,SPRING,CLEAR,LIGHT
BROOKLYN,2026-05-29 21:00:00,24.49,0.0,53000.0,0.0,0.0,0.0,13.51,2026-05-29,21,Friday,False,False,True,5,SPRING,CLEAR,LIGHT
BROOKLYN,2026-05-29 22:00:00,22.89,0.0,42100.0,0.0,0.0,0.0,13.09,2026-05-29,22,Friday,False,False,True,5,SPRING,CLEAR,LIGHT
BROOKLYN,2026-05-29 23:00:00,22.39,0.0,46800.0,0.0,0.0,0.0,14.0,2026-05-29,23,Friday,False,False,True,5,SPRING,CLEAR,LIGHT
BROOKLYN,2026-05-30 00:00:00,21.84,0.0,51900.0,0.0,0.0,0.0,4.9,2026-05-30,0,Saturday,True,False,True,5,SPRING,CLEAR,LIGHT
BROOKLYN,2026-05-30 01:00:00,19.79,0.0,30300.0,0.0,0.0,0.0,11.53,2026-05-30,1,Saturday,True,False,True,5,SPRING,CLEAR,LIGHT
BROOKLYN,2026-05-30 02:00:00,19.39,0.0,35400.0,0.0,0.0,0.0,17.4,2026-05-30,2,Saturday,True,False,True,5,SPRING,CLEAR,LIGHT
BROOKLYN,2026-05-30 03:00:00,19.04,0.0,37600.0,0.0,0.0,0.0,15.58,2026-05-30,3,Saturday,True,False,True,5,SPRING,CLEAR,LIGHT
BROOKLYN,2026-05-30 04:00:00,18.54,0.0,28300.0,0.0,0.0,0.0,10.0,2026-05-30,4,Saturday,True,False,True,5,SPRING,CLEAR,LIGHT
BROOKLYN,2026-05-30 05:00:00,17.34,0.0,24500.0,0.0,0.0,0.0,11.01,2026-05-30,5,Saturday,True,False,True,5,SPRING,CLEAR,LIGHT
BROOKLYN,2026-05-30 06:00:00,17.24,0.0,28900.0,0.0,0.0,0.0,11.75,2026-05-30,6,Saturday,True,False,False,5,SPRING,CLEAR,LIGHT
BROOKLYN,2026-05-30 07:00:00,17.54,0.0,42300.0,0.0,0.0,0.0,17.6,2026-05-30,7,Saturday,True,True,False,5,SPRING,CLEAR,LIGHT
BROOKLYN,2026-05-30 08:00:00,15.09,0.0,43000.0,0.0,0.0,0.0,26.65,2026-05-30,8,Saturday,True,True,False,5,SPRING,CLEAR,LIGHT
BROOKLYN,2026-05-30 09:00:00,12.84,0.0,45000.0,0.0,0.0,0.0,28.86,2026-05-30,9,Saturday,True,True,False,5,SPRING,CLEAR,LIGHT
BROOKLYN,2026-05-30 10:00:00,11.54,0.0,38500.0,0.0,0.0,0.0,24.2,2026-05-30,10,Saturday,True,False,False,5,SPRING,CLEAR,LIGHT
BROOKLYN,2026-05-30 11:00:00,12.14,0.0,36200.0,0.0,0.0,0.0,25.54,2026-05-30,11,Saturday,True,False,False,5,SPRING,CLEAR,LIGHT
BROOKLYN,2026-05-30 12:00:00,13.19,0.0,35300.0,0.0,0.0,0.0,29.36,2026-05-30,12,Saturday,True,False,False,5,SPRING,CLEAR,LIGHT
BROOKLYN,2026-05-30 13:00:00,14.34,0.0,36600.0,0.0,0.0,0.0,27.75,2026-05-30,13,Saturday,True,False,False,5,SPRING,CLEAR,LIGHT
BROOKLYN,2026-05-30 14:00:00,15.09,0.0,37600.0,0.0,0.0,0.0,27.51,2026-05-30,14,Saturday,True,False,False,5,SPRING,CLEAR,LIGHT
BROOKLYN,2026-05-30 15:00:00,15.64,0.0,35600.0,0.0,0.0,0.0,25.16,2026-05-30,15,Saturday,True,False,False,5,SPRING,CLEAR,LIGHT
BROOKLYN,2026-05-30 16:00:00,15.34,0.0,34200.0,0.0,0.0,0.0,26.28,2026-05-30,16,Saturday,True,True,False,5,SPRING,CLEAR,LIGHT
BROOKLYN,2026-05-30 17:00:00,15.74,0.0,34500.0,0.0,0.0,0.0,29.95,2026-05-30,17,Saturday,True,True,False,5,SPRING,CLEAR,LIGHT
BROOKLYN,2026-05-30 18:00:00,14.74,0.0,34900.0,0.0,0.0,0.0,29.6,2026-05-30,18,Saturday,True,True,False,5,SPRING,CLEAR,LIGHT
BROOKLYN,2026-05-30 19:00:00,15.09,0.0,30600.0,0.0,0.0,0.0,28.5,2026-05-30,19,Saturday,True,True,False,5,SPRING,CLEAR,LIGHT
BROOKLYN,2026-05-30 20:00:00,14.89,0.0,34200.0,0.0,0.0,0.0,23.44,2026-05-30,20,Saturday,True,False,True,5,SPRING,CLEAR,LIGHT
BROOKLYN,2026-05-30 21:00:00,14.59,0.0,32400.0,0.0,0.0,0.0,21.32,2026-05-30,21,Saturday,True,False,True,5,SPRING,CLEAR,LIGHT
BROOKLYN,2026-05-30 22:00:00,15.19,0.0,31400.0,0.0,0.0,0.0,18.0,2026-05-30,22,Saturday,True,False,True,5,SPRING,CLEAR,LIGHT
BROOKLYN,2026-05-30 23:00:00,14.59,0.0,32000.0,0.0,0.0,0.0,13.51,2026-05-30,23,Saturday,True,False,True,5,SPRING,CLEAR,LIGHT
BROOKLYN,2026-05-31 00:00:00,13.44,0.0,29800.0,0.0,0.0,0.0,7.9,2026-05-31,0,Sunday,True,False,True,5,SPRING,CLEAR,LIGHT
BROOKLYN,2026-05-31 01:00:00,11.79,0.0,28600.0,0.0,0.0,0.0,6.52,2026-05-31,1,Sunday,True,False,True,5,SPRING,CLEAR,LIGHT
BROOKLYN,2026-05-31 02:00:00,10.59,0.0,23000.0,0.0,0.0,0.0,6.57,2026-05-31,2,Sunday,True,False,True,5,SPRING,CLEAR,LIGHT
BROOKLYN,2026-05-31 03:00:00,9.89,0.0,20300.0,0.0,0.0,0.0,2.9,2026-05-31,3,Sunday,True,False,True,5,SPRING,CLEAR,LIGHT
BROOKLYN,2026-05-31 04:00:00,9.49,0.0,21000.0,0.0,0.0,0.0,2.6,2026-05-31,4,Sunday,True,False,True,5,SPRING,CLEAR,LIGHT
BROOKLYN,2026-05-31 05:00:00,9.34,0.0,21600.0,0.0,0.0,0.0,6.62,2026-05-31,5,Sunday,True,False,True,5,SPRING,CLEAR,LIGHT
BROOKLYN,2026-05-31 06:00:00,9.24,0.0,18100.0,0.0,0.0,0.0,6.52,2026-05-31,6,Sunday,True,False,False,5,SPRING,CLEAR,LIGHT
BROOKLYN,2026-05-31 07:00:00,8.69,0.0,14100.0,0.0,0.0,0.0,6.64,2026-05-31,7,Sunday,True,True,False,5,SPRING,CLEAR,LIGHT
BROOKLYN,2026-05-31 08:00:00,8.34,0.0,14000.0,0.0,0.0,0.0,5.15,2026-05-31,8,Sunday,True,True,False,5,SPRING,CLEAR,LIGHT
BROOKLYN,2026-05-31 09:00:00,8.14,0.0,19400.0,0.0,0.0,0.0,7.29,2026-05-31,9,Sunday,True,True,False,5,SPRING,CLEAR,LIGHT
BROOKLYN,2026-05-31 10:00:00,8.04,0.0,18900.0,0.0,0.0,0.0,6.15,2026-05-31,10,Sunday,True,False,False,5,SPRING,CLEAR,LIGHT
BROOKLYN,2026-05-31 11:00:00,10.39,0.0,21700.0,0.0,0.0,0.0,6.13,2026-05-31,11,Sunday,True,False,False,5,SPRING,CLEAR,LIGHT
BROOKLYN,2026-05-31 12:00:00,13.39,0.0,29200.0,0.0,0.0,0.0,6.13,2026-05-31,12,Sunday,True,False,False,5,SPRING,CLEAR,LIGHT
BROOKLYN,2026-05-31 13:00:00,15.44,0.0,35900.0,0.0,0.0,0.0,5.24,2026-05-31,13,Sunday,True,False,False,5,SPRING,CLEAR,LIGHT
BROOKLYN,2026-05-31 14:00:00,17.84,0.0,41600.0,0.0,0.0,0.0,7.93,2026-05-31,14,Sunday,True,False,False,5,SPRING,CLEAR,LIGHT
BROOKLYN,2026-05-31 15:00:00,19.94,0.0,43000.0,0.0,0.0,0.0,7.63,2026-05-31,15,Sunday,True,False,False,5,SPRING,CLEAR,LIGHT
BROOKLYN,2026-05-31 16:00:00,21.64,0.0,48700.0,0.0,0.0,0.0,11.21,2026-05-31,16,Sunday,True,True,False,5,SPRING,CLEAR,LIGHT
BROOKLYN,2026-05-31 17:00:00,22.99,0.0,51100.0,0.0,0.0,0.0,18.86,2026-05-31,17,Sunday,True,True,False,5,SPRING,CLEAR,LIGHT
BROOKLYN,2026-05-31 18:00:00,23.19,0.0,54400.0,0.0,0.0,0.0,23.16,2026-05-31,18,Sunday,True,True,False,5,SPRING,CLEAR,LIGHT
BROOKLYN,2026-05-31 19:00:00,24.99,0.0,66400.0,0.0,0.0,0.0,22.18,2026-05-31,19,Sunday,True,True,False,5,SPRING,CLEAR,LIGHT
BROOKLYN,2026-05-31 20:00:00,24.49,0.0,56500.0,0.0,0.0,0.0,18.89,2026-05-31,20,Sunday,True,False,True,5,SPRING,CLEAR,LIGHT
BROOKLYN,2026-05-31 21:00:00,24.44,0.0,66600.0,0.0,0.0,0.0,12.43,2026-05-31,21,Sunday,True,False,True,5,SPRING,CLEAR,LIGHT
BROOKLYN,2026-05-31 22:00:00,23.89,0.0,70200.0,0.0,0.0,0.0,20.19,2026-05-31,22,Sunday,True,False,True,5,SPRING,CLEAR,LIGHT
BROOKLYN,2026-05-31 23:00:00,24.09,0.0,71600.0,0.0,0.0,0.0,13.63,2026-05-31,23,Sunday,True,False,True,5,SPRING,CLEAR,LIGHT
BROOKLYN,2026-06-01 00:00:00,22.94,0.0,75100.0,0.0,0.0,0.0,12.96,2026-06-01,0,Monday,False,False,True,6,SUMMER,CLEAR,LIGHT
BROOKLYN,2026-06-01 01:00:00,20.74,0.0,65000.0,0.0,0.0,0.0,8.91,2026-06-01,1,Monday,False,False,True,6,SUMMER,CLEAR,LIGHT
BROOKLYN,2026-06-01 02:00:00,20.24,0.0,57000.0,0.0,0.0,0.0,4.33,2026-06-01,2,Monday,False,False,True,6,SUMMER,CLEAR,LIGHT
BROOKLYN,2026-06-01 03:00:00,19.39,0.0,55800.0,0.0,0.0,0.0,7.95,2026-06-01,3,Monday,False,False,True,6,SUMMER,CLEAR,LIGHT
BROOKLYN,2026-06-01 04:00:00,19.04,0.0,48000.0,0.0,0.0,0.0,11.04,2026-06-01,4,Monday,False,False,True,6,SUMMER,CLEAR,LIGHT
BROOKLYN,2026-06-01 05:00:00,17.24,0.0,35400.0,0.0,0.0,0.0,14.51,2026-06-01,5,Monday,False,False,True,6,SUMMER,CLEAR,LIGHT
BROOKLYN,2026-06-01 06:00:00,16.74,0.0,33000.0,0.0,0.0,0.0,15.28,2026-06-01,6,Monday,False,False,False,6,SUMMER,CLEAR,LIGHT
BROOKLYN,2026-06-01 07:00:00,15.44,0.0,27300.0,0.0,0.0,0.0,4.33,2026-06-01,7,Monday,False,True,False,6,SUMMER,CLEAR,LIGHT
BROOKLYN,2026-06-01 08:00:00,14.54,0.0,24300.0,0.0,0.0,0.0,4.9,2026-06-01,8,Monday,False,True,False,6,SUMMER,CLEAR,LIGHT
BROOKLYN,2026-06-01 09:00:00,14.14,0.0,25000.0,0.0,0.0,0.0,6.49,2026-06-01,9,Monday,False,True,False,6,SUMMER,CLEAR,LIGHT
BROOKLYN,2026-06-01 10:00:00,14.79,0.0,25900.0,0.0,0.0,0.0,8.23,2026-06-01,10,Monday,False,False,False,6,SUMMER,CLEAR,LIGHT
BROOKLYN,2026-06-01 11:00:00,15.54,0.0,19100.0,0.0,0.0,0.0,5.15,2026-06-01,11,Monday,False,False,False,6,SUMMER,CLEAR,LIGHT
BROOKLYN,2026-06-01 12:00:00,17.29,0.0,23600.0,0.0,0.0,0.0,5.62,2026-06-01,12,Monday,False,False,False,6,SUMMER,CLEAR,LIGHT
BROOKLYN,2026-06-01 13:00:00,18.39,0.0,31800.0,0.0,0.0,0.0,1.84,2026-06-01,13,Monday,False,False,False,6,SUMMER,CLEAR,LIGHT
BROOKLYN,2026-06-01 14:00:00,20.29,0.0,33200.0,0.0,0.0,0.0,12.26,2026-06-01,14,Monday,False,False,False,6,SUMMER,CLEAR,LIGHT
BROOKLYN,2026-06-01 15:00:00,20.69,0.0,34900.0,0.0,0.0,0.0,17.23,2026-06-01,15,Monday,False,False,False,6,SUMMER,CLEAR,LIGHT
BROOKLYN,2026-06-01 16:00:00,20.84,0.0,35900.0,0.0,0.0,0.0,14.01,2026-06-01,16,Monday,False,True,False,6,SUMMER,CLEAR,LIGHT
BROOKLYN,2026-06-01 17:00:00,21.24,0.0,37900.0,0.0,0.0,0.0,12.43,2026-06-01,17,Monday,False,True,False,6,SUMMER,CLEAR,LIGHT
BROOKLYN,2026-06-01 18:00:00,19.49,0.0,31300.0,0.0,0.0,0.0,10.74,2026-06-01,18,Monday,False,True,False,6,SUMMER,CLEAR,LIGHT
BROOKLYN,2026-06-01 19:00:00,18.29,0.0,21700.0,0.0,0.0,0.0,22.7,2026-06-01,19,Monday,False,True,False,6,SUMMER,CLEAR,LIGHT
BROOKLYN,2026-06-01 20:00:00,18.04,0.0,21800.0,0.0,0.0,0.0,23.21,2026-06-01,20,Monday,False,False,True,6,SUMMER,CLEAR,LIGHT
BROOKLYN,2026-06-01 21:00:00,17.29,0.0,21400.0,0.0,0.0,0.0,22.29,2026-06-01,21,Monday,False,False,True,6,SUMMER,CLEAR,LIGHT
BROOKLYN,2026-06-01 22:00:00,15.79,0.0,20300.0,0.0,0.0,0.0,20.19,2026-06-01,22,Monday,False,False,True,6,SUMMER,CLEAR,LIGHT
BROOKLYN,2026-06-01 23:00:00,15.44,0.0,21200.0,0.0,0.0,0.0,17.73,2026-06-01,23,Monday,False,False,True,6,SUMMER,CLEAR,LIGHT
BROOKLYN,2026-06-02 00:00:00,14.29,0.0,21600.0,0.0,0.0,0.0,12.1,2026-06-02,0,Tuesday,False,False,True,6,SUMMER,CLEAR,LIGHT
BROOKLYN,2026-06-02 01:00:00,13.19,0.0,20600.0,0.0,0.0,0.0,5.77,2026-06-02,1,Tuesday,False,False,True,6,SUMMER,CLEAR,LIGHT
BROOKLYN,2026-06-02 02:00:00,12.44,0.0,18900.0,0.0,0.0,0.0,6.16,2026-06-02,2,Tuesday,False,False,True,6,SUMMER,CLEAR,LIGHT
BROOKLYN,2026-06-02 03:00:00,11.74,0.0,18400.0,0.0,0.0,0.0,3.56,2026-06-02,3,Tuesday,False,False,True,6,SUMMER,CLEAR,LIGHT
QUEENS,2026-05-03 04:00:00,0.0,0.0,0.0,0.0,0.0,0.0,0.0,2026-05-03,4,Sunday,True,False,True,5,SPRING,FOG,SEVERE
QUEENS,2026-05-03 05:00:00,0.0,0.0,0.0,0.0,0.0,0.0,0.0,2026-05-03,5,Sunday,True,False,True,5,SPRING,FOG,SEVERE
QUEENS,2026-05-03 06:00:00,0.0,0.0,0.0,0.0,0.0,0.0,0.0,2026-05-03,6,Sunday,True,False,False,5,SPRING,FOG,SEVERE
QUEENS,2026-05-03 07:00:00,0.0,0.0,0.0,0.0,0.0,0.0,0.0,2026-05-03,7,Sunday,True,True,False,5,SPRING,FOG,SEVERE
QUEENS,2026-05-03 08:00:00,0.0,0.0,0.0,0.0,0.0,0.0,0.0,2026-05-03,8,Sunday,True,True,False,5,SPRING,FOG,SEVERE
QUEENS,2026-05-03 09:00:00,0.0,0.0,0.0,0.0,0.0,0.0,0.0,2026-05-03,9,Sunday,True,True,False,5,SPRING,FOG,SEVERE
QUEENS,2026-05-03 10:00:00,0.0,0.0,0.0,0.0,0.0,0.0,0.0,2026-05-03,10,Sunday,True,False,False,5,SPRING,FOG,SEVERE
QUEENS,2026-05-03 11:00:00,0.0,0.0,0.0,0.0,0.0,0.0,0.0,2026-05-03,11,Sunday,True,False,False,5,SPRING,FOG,SEVERE
QUEENS,2026-05-03 12:00:00,0.0,0.0,0.0,0.0,0.0,0.0,0.0,2026-05-03,12,Sunday,True,False,False,5,SPRING,FOG,SEVERE
QUEENS,2026-05-03 13:00:00,0.0,0.0,0.0,0.0,0.0,0.0,0.0,2026-05-03,13,Sunday,True,False,False,5,SPRING,FOG,SEVERE
QUEENS,2026-05-03 14:00:00,0.0,0.0,0.0,0.0,0.0,0.0,0.0,2026-05-03,14,Sunday,True,False,False,5,SPRING,FOG,SEVERE
QUEENS,2026-05-03 15:00:00,0.0,0.0,0.0,0.0,0.0,0.0,0.0,2026-05-03,15,Sunday,True,False,False,5,SPRING,FOG,SEVERE
QUEENS,2026-05-03 16:00:00,0.0,0.0,0.0,0.0,0.0,0.0,0.0,2026-05-03,16,Sunday,True,True,False,5,SPRING,FOG,SEVERE
QUEENS,2026-05-03 17:00:00,0.0,0.0,0.0,0.0,0.0,0.0,0.0,2026-05-03,17,Sunday,True,True,False,5,SPRING,FOG,SEVERE
QUEENS,2026-05-03 18:00:00,0.0,0.0,0.0,0.0,0.0,0.0,0.0,2026-05-03,18,Sunday,True,True,False,5,SPRING,FOG,SEVERE
QUEENS,2026-05-03 19:00:00,0.0,0.0,0.0,0.0,0.0,0.0,0.0,2026-05-03,19,Sunday,True,True,False,5,SPRING,FOG,SEVERE
QUEENS,2026-05-03 20:00:00,0.0,0.0,0.0,0.0,0.0,0.0,0.0,2026-05-03,20,Sunday,True,False,True,5,SPRING,FOG,SEVERE
QUEENS,2026-05-03 21:00:00,0.0,0.0,0.0,0.0,0.0,0.0,0.0,2026-05-03,21,Sunday,True,False,True,5,SPRING,FOG,SEVERE
QUEENS,2026-05-03 22:00:00,0.0,0.0,0.0,0.0,0.0,0.0,0.0,2026-05-03,22,Sunday,True,False,True,5,SPRING,FOG,SEVERE
QUEENS,2026-05-03 23:00:00,0.0,0.0,0.0,0.0,0.0,0.0,0.0,2026-05-03,23,Sunday,True,False,True,5,SPRING,FOG,SEVERE
QUEENS,2026-05-04 00:00:00,0.0,0.0,0.0,0.0,0.0,0.0,0.0,2026-05-04,0,Monday,False,False,True,5,SPRING,FOG,SEVERE
QUEENS,2026-05-04 01:00:00,0.0,0.0,0.0,0.0,0.0,0.0,0.0,2026-05-04,1,Monday,False,False,True,5,SPRING,FOG,SEVERE
QUEENS,2026-05-04 02:00:00,0.0,0.0,0.0,0.0,0.0,0.0,0.0,2026-05-04,2,Monday,False,False,True,5,SPRING,FOG,SEVERE
QUEENS,2026-05-04 03:00:00,0.0,0.0,0.0,0.0,0.0,0.0,0.0,2026-05-04,3,Monday,False,False,True,5,SPRING,FOG,SEVERE
QUEENS,2026-05-04 04:00:00,0.0,0.0,0.0,0.0,0.0,0.0,0.0,2026-05-04,4,Monday,False,False,True,5,SPRING,FOG,SEVERE
QUEENS,2026-05-04 05:00:00,0.0,0.0,0.0,0.0,0.0,0.0,0.0,2026-05-04,5,Monday,False,False,True,5,SPRING,FOG,SEVERE
QUEENS,2026-05-04 06:00:00,0.0,0.0,0.0,0.0,0.0,0.0,0.0,2026-05-04,6,Monday,False,False,False,5,SPRING,FOG,SEVERE
QUEENS,2026-05-04 07:00:00,0.0,0.0,0.0,0.0,0.0,0.0,0.0,2026-05-04,7,Monday,False,True,False,5,SPRING,FOG,SEVERE
QUEENS,2026-05-04 08:00:00,0.0,0.0,0.0,0.0,0.0,0.0,0.0,2026-05-04,8,Monday,False,True,False,5,SPRING,FOG,SEVERE
QUEENS,2026-05-04 09:00:00,0.0,0.0,0.0,0.0,0.0,0.0,0.0,2026-05-04,9,Monday,False,True,False,5,SPRING,FOG,SEVERE
QUEENS,2026-05-04 10:00:00,0.0,0.0,0.0,0.0,0.0,0.0,0.0,2026-05-04,10,Monday,False,False,False,5,SPRING,FOG,SEVERE
QUEENS,2026-05-04 11:00:00,0.0,0.0,0.0,0.0,0.0,0.0,0.0,2026-05-04,11,Monday,False,False,False,5,SPRING,FOG,SEVERE
QUEENS,2026-05-04 12:00:00,0.0,0.0,0.0,0.0,0.0,0.0,0.0,2026-05-04,12,Monday,False,False,False,5,SPRING,FOG,SEVERE
QUEENS,2026-05-04 13:00:00,0.0,0.0,0.0,0.0,0.0,0.0,0.0,2026-05-04,13,Monday,False,False,False,5,SPRING,FOG,SEVERE
QUEENS,2026-05-04 14:00:00,0.0,0.0,0.0,0.0,0.0,0.0,0.0,2026-05-04,14,Monday,False,False,False,5,SPRING,FOG,SEVERE
QUEENS,2026-05-04 15:00:00,0.0,0.0,0.0,0.0,0.0,0.0,0.0,2026-05-04,15,Monday,False,False,False,5,SPRING,FOG,SEVERE
QUEENS,2026-05-04 16:00:00,0.0,0.0,0.0,0.0,0.0,0.0,0.0,2026-05-04,16,Monday,False,True,False,5,SPRING,FOG,SEVERE
QUEENS,2026-05-04 17:00:00,0.0,0.0,0.0,0.0,0.0,0.0,0.0,2026-05-04,17,Monday,False,True,False,5,SPRING,FOG,SEVERE
QUEENS,2026-05-04 18:00:00,0.0,0.0,0.0,0.0,0.0,0.0,0.0,2026-05-04,18,Monday,False,True,False,5,SPRING,FOG,SEVERE
QUEENS,2026-05-04 19:00:00,0.0,0.0,0.0,0.0,0.0,0.0,0.0,2026-05-04,19,Monday,False,True,False,5,SPRING,FOG,SEVERE
QUEENS,2026-05-04 20:00:00,0.0,0.0,0.0,0.0,0.0,0.0,0.0,2026-05-04,20,Monday,False,False,True,5,SPRING,FOG,SEVERE
QUEENS,2026-05-04 21:00:00,0.0,0.0,0.0,0.0,0.0,0.0,0.0,2026-05-04,21,Monday,False,False,True,5,SPRING,FOG,SEVERE
QUEENS,2026-05-04 22:00:00,0.0,0.0,0.0,0.0,0.0,0.0,0.0,2026-05-04,22,Monday,False,False,True,5,SPRING,FOG,SEVERE
QUEENS,2026-05-04 23:00:00,0.0,0.0,0.0,0.0,0.0,0.0,0.0,2026-05-04,23,Monday,False,False,True,5,SPRING,FOG,SEVERE
QUEENS,2026-05-05 00:00:00,0.0,0.0,0.0,0.0,0.0,0.0,0.0,2026-05-05,0,Tuesday,False,False,True,5,SPRING,FOG,SEVERE
QUEENS,2026-05-05 01:00:00,0.0,0.0,0.0,0.0,0.0,0.0,0.0,2026-05-05,1,Tuesday,False,False,True,5,SPRING,FOG,SEVERE
QUEENS,2026-05-05 02:00:00,0.0,0.0,0.0,0.0,0.0,0.0,0.0,2026-05-05,2,Tuesday,False,False,True,5,SPRING,FOG,SEVERE
QUEENS,2026-05-05 03:00:00,0.0,0.0,0.0,0.0,0.0,0.0,0.0,2026-05-05,3,Tuesday,False,False,True,5,SPRING,FOG,SEVERE
QUEENS,2026-05-05 04:00:00,0.0,0.0,0.0,0.0,0.0,0.0,0.0,2026-05-05,4,Tuesday,False,False,True,5,SPRING,FOG,SEVERE
QUEENS,2026-05-05 05:00:00,0.0,0.0,0.0,0.0,0.0,0.0,0.0,2026-05-05,5,Tuesday,False,False,True,5,SPRING,FOG,SEVERE
QUEENS,2026-05-05 06:00:00,0.0,0.0,0.0,0.0,0.0,0.0,0.0,2026-05-05,6,Tuesday,False,False,False,5,SPRING,FOG,SEVERE
QUEENS,2026-05-05 07:00:00,0.0,0.0,0.0,0.0,0.0,0.0,0.0,2026-05-05,7,Tuesday,False,True,False,5,SPRING,FOG,SEVERE
QUEENS,2026-05-05 08:00:00,0.0,0.0,0.0,0.0,0.0,0.0,0.0,2026-05-05,8,Tuesday,False,True,False,5,SPRING,FOG,SEVERE
QUEENS,2026-05-05 09:00:00,0.0,0.0,0.0,0.0,0.0,0.0,0.0,2026-05-05,9,Tuesday,False,True,False,5,SPRING,FOG,SEVERE
QUEENS,2026-05-05 10:00:00,0.0,0.0,0.0,0.0,0.0,0.0,0.0,2026-05-05,10,Tuesday,False,False,False,5,SPRING,FOG,SEVERE
QUEENS,2026-05-05 11:00:00,0.0,0.0,0.0,0.0,0.0,0.0,0.0,2026-05-05,11,Tuesday,False,False,False,5,SPRING,FOG,SEVERE
QUEENS,2026-05-05 12:00:00,0.0,0.0,0.0,0.0,0.0,0.0,0.0,2026-05-05,12,Tuesday,False,False,False,5,SPRING,FOG,SEVERE
QUEENS,2026-05-05 13:00:00,0.0,0.0,0.0,0.0,0.0,0.0,0.0,2026-05-05,13,Tuesday,False,False,False,5,SPRING,FOG,SEVERE
QUEENS,2026-05-05 14:00:00,0.0,0.0,0.0,0.0,0.0,0.0,0.0,2026-05-05,14,Tuesday,False,False,False,5,SPRING,FOG,SEVERE
QUEENS,2026-05-05 15:00:00,0.0,0.0,0.0,0.0,0.0,0.0,0.0,2026-05-05,15,Tuesday,False,False,False,5,SPRING,FOG,SEVERE
QUEENS,2026-05-05 16:00:00,0.0,0.0,0.0,0.0,0.0,0.0,0.0,2026-05-05,16,Tuesday,False,True,False,5,SPRING,FOG,SEVERE
QUEENS,2026-05-05 17:00:00,0.0,0.0,0.0,0.0,0.0,0.0,0.0,2026-05-05,17,Tuesday,False,True,False,5,SPRING,FOG,SEVERE
QUEENS,2026-05-05 18:00:00,0.0,0.0,0.0,0.0,0.0,0.0,0.0,2026-05-05,18,Tuesday,False,True,False,5,SPRING,FOG,SEVERE
QUEENS,2026-05-05 19:00:00,0.0,0.0,0.0,0.0,0.0,0.0,0.0,2026-05-05,19,Tuesday,False,True,False,5,SPRING,FOG,SEVERE
QUEENS,2026-05-05 20:00:00,0.0,0.0,0.0,0.0,0.0,0.0,0.0,2026-05-05,20,Tuesday,False,False,True,5,SPRING,FOG,SEVERE
QUEENS,2026-05-05 21:00:00,0.0,0.0,0.0,0.0,0.0,0.0,0.0,2026-05-05,21,Tuesday,False,False,True,5,SPRING,FOG,SEVERE
QUEENS,2026-05-05 22:00:00,0.0,0.0,0.0,0.0,0.0,0.0,0.0,2026-05-05,22,Tuesday,False,False,True,5,SPRING,FOG,SEVERE
QUEENS,2026-05-05 23:00:00,0.0,0.0,0.0,0.0,0.0,0.0,0.0,2026-05-05,23,Tuesday,False,False,True,5,SPRING,FOG,SEVERE
QUEENS,2026-05-06 00:00:00,0.0,0.0,0.0,0.0,0.0,0.0,0.0,2026-05-06,0,Wednesday,False,False,True,5,SPRING,FOG,SEVERE
QUEENS,2026-05-06 01:00:00,0.0,0.0,0.0,0.0,0.0,0.0,0.0,2026-05-06,1,Wednesday,False,False,True,5,SPRING,FOG,SEVERE
QUEENS,2026-05-06 02:00:00,0.0,0.0,0.0,0.0,0.0,0.0,0.0,2026-05-06,2,Wednesday,False,False,True,5,SPRING,FOG,SEVERE
QUEENS,2026-05-06 03:00:00,0.0,0.0,0.0,0.0,0.0,0.0,0.0,2026-05-06,3,Wednesday,False,False,True,5,SPRING,FOG,SEVERE
QUEENS,2026-05-06 04:00:00,0.0,0.0,0.0,0.0,0.0,0.0,0.0,2026-05-06,4,Wednesday,False,False,True,5,SPRING,FOG,SEVERE
QUEENS,2026-05-06 05:00:00,0.0,0.0,0.0,0.0,0.0,0.0,0.0,2026-05-06,5,Wednesday,False,False,True,5,SPRING,FOG,SEVERE
QUEENS,2026-05-06 06:00:00,0.0,0.0,0.0,0.0,0.0,0.0,0.0,2026-05-06,6,Wednesday,False,False,False,5,SPRING,FOG,SEVERE
QUEENS,2026-05-06 07:00:00,0.0,0.0,0.0,0.0,0.0,0.0,0.0,2026-05-06,7,Wednesday,False,True,False,5,SPRING,FOG,SEVERE
QUEENS,2026-05-06 08:00:00,0.0,0.0,0.0,0.0,0.0,0.0,0.0,2026-05-06,8,Wednesday,False,True,False,5,SPRING,FOG,SEVERE
QUEENS,2026-05-06 09:00:00,0.0,0.0,0.0,0.0,0.0,0.0,0.0,2026-05-06,9,Wednesday,False,True,False,5,SPRING,FOG,SEVERE
QUEENS,2026-05-06 10:00:00,0.0,0.0,0.0,0.0,0.0,0.0,0.0,2026-05-06,10,Wednesday,False,False,False,5,SPRING,FOG,SEVERE
QUEENS,2026-05-06 11:00:00,0.0,0.0,0.0,0.0,0.0,0.0,0.0,2026-05-06,11,Wednesday,False,False,False,5,SPRING,FOG,SEVERE
QUEENS,2026-05-06 12:00:00,0.0,0.0,0.0,0.0,0.0,0.0,0.0,2026-05-06,12,Wednesday,False,False,False,5,SPRING,FOG,SEVERE
QUEENS,2026-05-06 13:00:00,0.0,0.0,0.0,0.0,0.0,0.0,0.0,2026-05-06,13,Wednesday,False,False,False,5,SPRING,FOG,SEVERE
QUEENS,2026-05-06 14:00:00,0.0,0.0,0.0,0.0,0.0,0.0,0.0,2026-05-06,14,Wednesday,False,False,False,5,SPRING,FOG,SEVERE
QUEENS,2026-05-06 15:00:00,0.0,0.0,0.0,0.0,0.0,0.0,0.0,2026-05-06,15,Wednesday,False,False,False,5,SPRING,FOG,SEVERE
QUEENS,2026-05-06 16:00:00,0.0,0.0,0.0,0.0,0.0,0.0,0.0,2026-05-06,16,Wednesday,False,True,False,5,SPRING,FOG,SEVERE
QUEENS,2026-05-06 17:00:00,0.0,0.0,0.0,0.0,0.0,0.0,0.0,2026-05-06,17,Wednesday,False,True,False,5,SPRING,FOG,SEVERE
QUEENS,2026-05-06 18:00:00,0.0,0.0,0.0,0.0,0.0,0.0,0.0,2026-05-06,18,Wednesday,False,True,False,5,SPRING,FOG,SEVERE
QUEENS,2026-05-06 19:00:00,0.0,0.0,0.0,0.0,0.0,0.0,0.0,2026-05-06,19,Wednesday,False,True,False,5,SPRING,FOG,SEVERE
QUEENS,2026-05-06 20:00:00,0.0,0.0,0.0,0.0,0.0,0.0,0.0,2026-05-06,20,Wednesday,False,False,True,5,SPRING,FOG,SEVERE
QUEENS,2026-05-06 21:00:00,0.0,0.0,0.0,0.0,0.0,0.0,0.0,2026-05-06,21,Wednesday,False,False,True,5,SPRING,FOG,SEVERE
QUEENS,2026-05-06 22:00:00,0.0,0.0,0.0,0.0,0.0,0.0,0.0,2026-05-06,22,Wednesday,False,False,True,5,SPRING,FOG,SEVERE
QUEENS,2026-05-06 23:00:00,0.0,0.0,0.0,0.0,0.0,0.0,0.0,2026-05-06,23,Wednesday,False,False,True,5,SPRING,FOG,SEVERE
QUEENS,2026-05-07 00:00:00,0.0,0.0,0.0,0.0,0.0,0.0,0.0,2026-05-07,0,Thursday,False,False,True,5,SPRING,FOG,SEVERE
QUEENS,2026-05-07 01:00:00,0.0,0.0,0.0,0.0,0.0,0.0,0.0,2026-05-07,1,Thursday,False,False,True,5,SPRING,FOG,SEVERE
QUEENS,2026-05-07 02:00:00,0.0,0.0,0.0,0.0,0.0,0.0,0.0,2026-05-07,2,Thursday,False,False,True,5,SPRING,FOG,SEVERE
QUEENS,2026-05-07 03:00:00,0.0,0.0,0.0,0.0,0.0,0.0,0.0,2026-05-07,3,Thursday,False,False,True,5,SPRING,FOG,SEVERE
QUEENS,2026-05-07 04:00:00,0.0,0.0,0.0,0.0,0.0,0.0,0.0,2026-05-07,4,Thursday,False,False,True,5,SPRING,FOG,SEVERE
QUEENS,2026-05-07 05:00:00,0.0,0.0,0.0,0.0,0.0,0.0,0.0,2026-05-07,5,Thursday,False,False,True,5,SPRING,FOG,SEVERE
QUEENS,2026-05-07 06:00:00,0.0,0.0,0.0,0.0,0.0,0.0,0.0,2026-05-07,6,Thursday,False,False,False,5,SPRING,FOG,SEVERE
QUEENS,2026-05-07 07:00:00,0.0,0.0,0.0,0.0,0.0,0.0,0.0,2026-05-07,7,Thursday,False,True,False,5,SPRING,FOG,SEVERE
QUEENS,2026-05-07 08:00:00,0.0,0.0,0.0,0.0,0.0,0.0,0.0,2026-05-07,8,Thursday,False,True,False,5,SPRING,FOG,SEVERE
QUEENS,2026-05-07 09:00:00,0.0,0.0,0.0,0.0,0.0,0.0,0.0,2026-05-07,9,Thursday,False,True,False,5,SPRING,FOG,SEVERE
QUEENS,2026-05-07 10:00:00,0.0,0.0,0.0,0.0,0.0,0.0,0.0,2026-05-07,10,Thursday,False,False,False,5,SPRING,FOG,SEVERE
QUEENS,2026-05-07 11:00:00,0.0,0.0,0.0,0.0,0.0,0.0,0.0,2026-05-07,11,Thursday,False,False,False,5,SPRING,FOG,SEVERE
QUEENS,2026-05-07 12:00:00,0.0,0.0,0.0,0.0,0.0,0.0,0.0,2026-05-07,12,Thursday,False,False,False,5,SPRING,FOG,SEVERE
QUEENS,2026-05-07 13:00:00,0.0,0.0,0.0,0.0,0.0,0.0,0.0,2026-05-07,13,Thursday,False,False,False,5,SPRING,FOG,SEVERE
QUEENS,2026-05-07 14:00:00,0.0,0.0,0.0,0.0,0.0,0.0,0.0,2026-05-07,14,Thursday,False,False,False,5,SPRING,FOG,SEVERE
QUEENS,2026-05-07 15:00:00,0.0,0.0,0.0,0.0,0.0,0.0,0.0,2026-05-07,15,Thursday,False,False,False,5,SPRING,FOG,SEVERE
QUEENS,2026-05-07 16:00:00,0.0,0.0,0.0,0.0,0.0,0.0,0.0,2026-05-07,16,Thursday,False,True,False,5,SPRING,FOG,SEVERE
QUEENS,2026-05-07 17:00:00,0.0,0.0,0.0,0.0,0.0,0.0,0.0,2026-05-07,17,Thursday,False,True,False,5,SPRING,FOG,SEVERE
QUEENS,2026-05-07 18:00:00,0.0,0.0,0.0,0.0,0.0,0.0,0.0,2026-05-07,18,Thursday,False,True,False,5,SPRING,FOG,SEVERE
QUEENS,2026-05-07 19:00:00,0.0,0.0,0.0,0.0,0.0,0.0,0.0,2026-05-07,19,Thursday,False,True,False,5,SPRING,FOG,SEVERE
QUEENS,2026-05-07 20:00:00,0.0,0.0,0.0,0.0,0.0,0.0,0.0,2026-05-07,20,Thursday,False,False,True,5,SPRING,FOG,SEVERE
QUEENS,2026-05-07 21:00:00,0.0,0.0,0.0,0.0,0.0,0.0,0.0,2026-05-07,21,Thursday,False,False,True,5,SPRING,FOG,SEVERE
QUEENS,2026-05-07 22:00:00,0.0,0.0,0.0,0.0,0.0,0.0,0.0,2026-05-07,22,Thursday,False,False,True,5,SPRING,FOG,SEVERE
QUEENS,2026-05-07 23:00:00,0.0,0.0,0.0,0.0,0.0,0.0,0.0,2026-05-07,23,Thursday,False,False,True,5,SPRING,FOG,SEVERE
QUEENS,2026-05-08 00:00:00,0.0,0.0,0.0,0.0,0.0,0.0,0.0,2026-05-08,0,Friday,False,False,True,5,SPRING,FOG,SEVERE
QUEENS,2026-05-08 01:00:00,0.0,0.0,0.0,0.0,0.0,0.0,0.0,2026-05-08,1,Friday,False,False,True,5,SPRING,FOG,SEVERE
QUEENS,2026-05-08 02:00:00,0.0,0.0,0.0,0.0,0.0,0.0,0.0,2026-05-08,2,Friday,False,False,True,5,SPRING,FOG,SEVERE
QUEENS,2026-05-08 03:00:00,0.0,0.0,0.0,0.0,0.0,0.0,0.0,2026-05-08,3,Friday,False,False,True,5,SPRING,FOG,SEVERE
QUEENS,2026-05-08 04:00:00,0.0,0.0,0.0,0.0,0.0,0.0,0.0,2026-05-08,4,Friday,False,False,True,5,SPRING,FOG,SEVERE
QUEENS,2026-05-08 05:00:00,0.0,0.0,0.0,0.0,0.0,0.0,0.0,2026-05-08,5,Friday,False,False,True,5,SPRING,FOG,SEVERE
QUEENS,2026-05-08 06:00:00,0.0,0.0,0.0,0.0,0.0,0.0,0.0,2026-05-08,6,Friday,False,False,False,5,SPRING,FOG,SEVERE
QUEENS,2026-05-08 07:00:00,0.0,0.0,0.0,0.0,0.0,0.0,0.0,2026-05-08,7,Friday,False,True,False,5,SPRING,FOG,SEVERE
QUEENS,2026-05-08 08:00:00,0.0,0.0,0.0,0.0,0.0,0.0,0.0,2026-05-08,8,Friday,False,True,False,5,SPRING,FOG,SEVERE
QUEENS,2026-05-08 09:00:00,0.0,0.0,0.0,0.0,0.0,0.0,0.0,2026-05-08,9,Friday,False,True,False,5,SPRING,FOG,SEVERE
QUEENS,2026-05-08 10:00:00,0.0,0.0,0.0,0.0,0.0,0.0,0.0,2026-05-08,10,Friday,False,False,False,5,SPRING,FOG,SEVERE
QUEENS,2026-05-08 11:00:00,0.0,0.0,0.0,0.0,0.0,0.0,0.0,2026-05-08,11,Friday,False,False,False,5,SPRING,FOG,SEVERE
QUEENS,2026-05-08 12:00:00,0.0,0.0,0.0,0.0,0.0,0.0,0.0,2026-05-08,12,Friday,False,False,False,5,SPRING,FOG,SEVERE
QUEENS,2026-05-08 13:00:00,0.0,0.0,0.0,0.0,0.0,0.0,0.0,2026-05-08,13,Friday,False,False,False,5,SPRING,FOG,SEVERE
QUEENS,2026-05-08 14:00:00,0.0,0.0,0.0,0.0,0.0,0.0,0.0,2026-05-08,14,Friday,False,False,False,5,SPRING,FOG,SEVERE
QUEENS,2026-05-08 15:00:00,0.0,0.0,0.0,0.0,0.0,0.0,0.0,2026-05-08,15,Friday,False,False,False,5,SPRING,FOG,SEVERE
QUEENS,2026-05-08 16:00:00,0.0,0.0,0.0,0.0,0.0,0.0,0.0,2026-05-08,16,Friday,False,True,False,5,SPRING,FOG,SEVERE
QUEENS,2026-05-08 17:00:00,0.0,0.0,0.0,0.0,0.0,0.0,0.0,2026-05-08,17,Friday,False,True,False,5,SPRING,FOG,SEVERE
QUEENS,2026-05-08 18:00:00,0.0,0.0,0.0,0.0,0.0,0.0,0.0,2026-05-08,18,Friday,False,True,False,5,SPRING,FOG,SEVERE
QUEENS,2026-05-08 19:00:00,0.0,0.0,0.0,0.0,0.0,0.0,0.0,2026-05-08,19,Friday,False,True,False,5,SPRING,FOG,SEVERE
QUEENS,2026-05-08 20:00:00,0.0,0.0,0.0,0.0,0.0,0.0,0.0,2026-05-08,20,Friday,False,False,True,5,SPRING,FOG,SEVERE
QUEENS,2026-05-08 21:00:00,0.0,0.0,0.0,0.0,0.0,0.0,0.0,2026-05-08,21,Friday,False,False,True,5,SPRING,FOG,SEVERE
QUEENS,2026-05-08 22:00:00,0.0,0.0,0.0,0.0,0.0,0.0,0.0,2026-05-08,22,Friday,False,False,True,5,SPRING,FOG,SEVERE
QUEENS,2026-05-08 23:00:00,0.0,0.0,0.0,0.0,0.0,0.0,0.0,2026-05-08,23,Friday,False,False,True,5,SPRING,FOG,SEVERE
QUEENS,2026-05-09 00:00:00,0.0,0.0,0.0,0.0,0.0,0.0,0.0,2026-05-09,0,Saturday,True,False,True,5,SPRING,FOG,SEVERE
QUEENS,2026-05-09 01:00:00,0.0,0.0,0.0,0.0,0.0,0.0,0.0,2026-05-09,1,Saturday,True,False,True,5,SPRING,FOG,SEVERE
QUEENS,2026-05-09 02:00:00,0.0,0.0,0.0,0.0,0.0,0.0,0.0,2026-05-09,2,Saturday,True,False,True,5,SPRING,FOG,SEVERE
QUEENS,2026-05-09 03:00:00,0.0,0.0,0.0,0.0,0.0,0.0,0.0,2026-05-09,3,Saturday,True,False,True,5,SPRING,FOG,SEVERE
QUEENS,2026-05-09 04:00:00,0.0,0.0,0.0,0.0,0.0,0.0,0.0,2026-05-09,4,Saturday,True,False,True,5,SPRING,FOG,SEVERE
QUEENS,2026-05-09 05:00:00,0.0,0.0,0.0,0.0,0.0,0.0,0.0,2026-05-09,5,Saturday,True,False,True,5,SPRING,FOG,SEVERE
QUEENS,2026-05-09 06:00:00,0.0,0.0,0.0,0.0,0.0,0.0,0.0,2026-05-09,6,Saturday,True,False,False,5,SPRING,FOG,SEVERE
QUEENS,2026-05-09 07:00:00,0.0,0.0,0.0,0.0,0.0,0.0,0.0,2026-05-09,7,Saturday,True,True,False,5,SPRING,FOG,SEVERE
QUEENS,2026-05-09 08:00:00,0.0,0.0,0.0,0.0,0.0,0.0,0.0,2026-05-09,8,Saturday,True,True,False,5,SPRING,FOG,SEVERE
QUEENS,2026-05-09 09:00:00,0.0,0.0,0.0,0.0,0.0,0.0,0.0,2026-05-09,9,Saturday,True,True,False,5,SPRING,FOG,SEVERE
QUEENS,2026-05-09 10:00:00,0.0,0.0,0.0,0.0,0.0,0.0,0.0,2026-05-09,10,Saturday,True,False,False,5,SPRING,FOG,SEVERE
QUEENS,2026-05-09 11:00:00,0.0,0.0,0.0,0.0,0.0,0.0,0.0,2026-05-09,11,Saturday,True,False,False,5,SPRING,FOG,SEVERE
QUEENS,2026-05-09 12:00:00,0.0,0.0,0.0,0.0,0.0,0.0,0.0,2026-05-09,12,Saturday,True,False,False,5,SPRING,FOG,SEVERE
QUEENS,2026-05-09 13:00:00,0.0,0.0,0.0,0.0,0.0,0.0,0.0,2026-05-09,13,Saturday,True,False,False,5,SPRING,FOG,SEVERE
QUEENS,2026-05-09 14:00:00,0.0,0.0,0.0,0.0,0.0,0.0,0.0,2026-05-09,14,Saturday,True,False,False,5,SPRING,FOG,SEVERE
QUEENS,2026-05-09 15:00:00,0.0,0.0,0.0,0.0,0.0,0.0,0.0,2026-05-09,15,Saturday,True,False,False,5,SPRING,FOG,SEVERE
QUEENS,2026-05-09 16:00:00,0.0,0.0,0.0,0.0,0.0,0.0,0.0,2026-05-09,16,Saturday,True,True,False,5,SPRING,FOG,SEVERE
QUEENS,2026-05-09 17:00:00,0.0,0.0,0.0,0.0,0.0,0.0,0.0,2026-05-09,17,Saturday,True,True,False,5,SPRING,FOG,SEVERE
QUEENS,2026-05-09 18:00:00,0.0,0.0,0.0,0.0,0.0,0.0,0.0,2026-05-09,18,Saturday,True,True,False,5,SPRING,FOG,SEVERE
QUEENS,2026-05-09 19:00:00,14.66,1.2,10600.0,1.2,0.0,0.0,8.76,2026-05-09,19,Saturday,True,True,False,5,SPRING,RAIN,LIGHT
QUEENS,2026-05-09 20:00:00,15.56,0.3,24100.0,0.3,0.0,0.0,8.05,2026-05-09,20,Saturday,True,False,True,5,SPRING,RAIN,LIGHT
QUEENS,2026-05-09 21:00:00,15.66,0.2,24100.0,0.1,0.1,0.0,10.3,2026-05-09,21,Saturday,True,False,True,5,SPRING,RAIN,LIGHT
QUEENS,2026-05-09 22:00:00,15.56,0.0,24100.0,0.0,0.0,0.0,7.77,2026-05-09,22,Saturday,True,False,True,5,SPRING,CLEAR,LIGHT
QUEENS,2026-05-09 23:00:00,15.16,0.1,24100.0,0.0,0.1,0.0,6.19,2026-05-09,23,Saturday,True,False,True,5,SPRING,RAIN,LIGHT
QUEENS,2026-05-10 00:00:00,14.56,0.0,24100.0,0.0,0.0,0.0,8.67,2026-05-10,0,Sunday,True,False,True,5,SPRING,CLEAR,LIGHT
QUEENS,2026-05-10 01:00:00,13.76,0.0,24100.0,0.0,0.0,0.0,7.63,2026-05-10,1,Sunday,True,False,True,5,SPRING,CLEAR,LIGHT
QUEENS,2026-05-10 02:00:00,12.76,0.0,14000.0,0.0,0.0,0.0,10.3,2026-05-10,2,Sunday,True,False,True,5,SPRING,CLEAR,LIGHT
QUEENS,2026-05-10 03:00:00,11.96,0.0,3000.0,0.0,0.0,0.0,9.93,2026-05-10,3,Sunday,True,False,True,5,SPRING,FOG,LIGHT
QUEENS,2026-05-10 04:00:00,11.76,0.0,16800.0,0.0,0.0,0.0,6.83,2026-05-10,4,Sunday,True,False,True,5,SPRING,CLEAR,LIGHT
QUEENS,2026-05-10 05:00:00,11.96,0.0,24100.0,0.0,0.0,0.0,7.86,2026-05-10,5,Sunday,True,False,True,5,SPRING,CLEAR,LIGHT
QUEENS,2026-05-10 06:00:00,11.26,0.0,6300.0,0.0,0.0,0.0,3.6,2026-05-10,6,Sunday,True,False,False,5,SPRING,CLEAR,LIGHT
QUEENS,2026-05-10 07:00:00,11.46,0.0,8500.0,0.0,0.0,0.0,2.97,2026-05-10,7,Sunday,True,True,False,5,SPRING,CLEAR,LIGHT
QUEENS,2026-05-10 08:00:00,11.56,0.0,8900.0,0.0,0.0,0.0,3.56,2026-05-10,8,Sunday,True,True,False,5,SPRING,CLEAR,LIGHT
QUEENS,2026-05-10 09:00:00,11.56,0.0,24100.0,0.0,0.0,0.0,3.4,2026-05-10,9,Sunday,True,True,False,5,SPRING,CLEAR,LIGHT
QUEENS,2026-05-10 10:00:00,11.86,0.0,24100.0,0.0,0.0,0.0,5.32,2026-05-10,10,Sunday,True,False,False,5,SPRING,CLEAR,LIGHT
QUEENS,2026-05-10 11:00:00,12.46,0.0,24100.0,0.0,0.0,0.0,1.8,2026-05-10,11,Sunday,True,False,False,5,SPRING,CLEAR,LIGHT
QUEENS,2026-05-10 12:00:00,13.06,0.0,24100.0,0.0,0.0,0.0,7.86,2026-05-10,12,Sunday,True,False,False,5,SPRING,CLEAR,LIGHT
QUEENS,2026-05-10 13:00:00,13.56,0.0,24100.0,0.0,0.0,0.0,10.04,2026-05-10,13,Sunday,True,False,False,5,SPRING,CLEAR,LIGHT
QUEENS,2026-05-10 14:00:00,14.06,0.0,24100.0,0.0,0.0,0.0,9.83,2026-05-10,14,Sunday,True,False,False,5,SPRING,CLEAR,LIGHT
QUEENS,2026-05-10 15:00:00,14.66,0.0,24100.0,0.0,0.0,0.0,11.17,2026-05-10,15,Sunday,True,False,False,5,SPRING,CLEAR,LIGHT
QUEENS,2026-05-10 16:00:00,16.86,0.0,24100.0,0.0,0.0,0.0,11.66,2026-05-10,16,Sunday,True,True,False,5,SPRING,CLEAR,LIGHT
QUEENS,2026-05-10 17:00:00,19.96,0.0,24100.0,0.0,0.0,0.0,10.25,2026-05-10,17,Sunday,True,True,False,5,SPRING,CLEAR,LIGHT
QUEENS,2026-05-10 18:00:00,22.16,0.0,24100.0,0.0,0.0,0.0,12.76,2026-05-10,18,Sunday,True,True,False,5,SPRING,CLEAR,LIGHT
QUEENS,2026-05-10 19:00:00,20.96,0.0,24100.0,0.0,0.0,0.0,18.01,2026-05-10,19,Sunday,True,True,False,5,SPRING,CLEAR,LIGHT
QUEENS,2026-05-10 20:00:00,19.46,0.1,12700.0,0.0,0.1,0.0,12.78,2026-05-10,20,Sunday,True,False,True,5,SPRING,RAIN,LIGHT
QUEENS,2026-05-10 21:00:00,19.16,0.2,19900.0,0.0,0.2,0.0,14.4,2026-05-10,21,Sunday,True,False,True,5,SPRING,RAIN,LIGHT
QUEENS,2026-05-10 22:00:00,18.06,1.0,19300.0,0.0,1.0,0.0,8.71,2026-05-10,22,Sunday,True,False,True,5,SPRING,RAIN,LIGHT
QUEENS,2026-05-10 23:00:00,19.56,0.0,24100.0,0.0,0.0,0.0,10.95,2026-05-10,23,Sunday,True,False,True,5,SPRING,CLEAR,LIGHT
QUEENS,2026-05-11 00:00:00,18.06,0.0,22500.0,0.0,0.0,0.0,9.69,2026-05-11,0,Monday,False,False,True,5,SPRING,CLEAR,LIGHT
QUEENS,2026-05-11 01:00:00,17.16,0.1,24100.0,0.0,0.1,0.0,6.83,2026-05-11,1,Monday,False,False,True,5,SPRING,RAIN,LIGHT
QUEENS,2026-05-11 02:00:00,17.56,0.0,22300.0,0.0,0.0,0.0,8.67,2026-05-11,2,Monday,False,False,True,5,SPRING,CLEAR,LIGHT
QUEENS,2026-05-11 03:00:00,17.96,0.1,24100.0,0.0,0.1,0.0,6.37,2026-05-11,3,Monday,False,False,True,5,SPRING,RAIN,LIGHT
QUEENS,2026-05-11 04:00:00,17.16,0.0,24100.0,0.0,0.0,0.0,13.91,2026-05-11,4,Monday,False,False,True,5,SPRING,CLEAR,LIGHT
QUEENS,2026-05-11 05:00:00,15.36,0.0,24100.0,0.0,0.0,0.0,24.27,2026-05-11,5,Monday,False,False,True,5,SPRING,CLEAR,LIGHT
QUEENS,2026-05-11 06:00:00,13.76,0.4,18900.0,0.4,0.0,0.0,17.64,2026-05-11,6,Monday,False,False,False,5,SPRING,RAIN,LIGHT
QUEENS,2026-05-11 07:00:00,13.06,0.1,24100.0,0.1,0.0,0.0,19.24,2026-05-11,7,Monday,False,True,False,5,SPRING,RAIN,LIGHT
QUEENS,2026-05-11 08:00:00,12.86,0.0,24100.0,0.0,0.0,0.0,16.78,2026-05-11,8,Monday,False,True,False,5,SPRING,CLEAR,LIGHT
QUEENS,2026-05-11 09:00:00,12.66,0.0,24100.0,0.0,0.0,0.0,15.11,2026-05-11,9,Monday,False,True,False,5,SPRING,CLEAR,LIGHT
QUEENS,2026-05-11 10:00:00,12.46,0.0,24100.0,0.0,0.0,0.0,14.71,2026-05-11,10,Monday,False,False,False,5,SPRING,CLEAR,LIGHT
QUEENS,2026-05-11 11:00:00,12.46,0.0,24100.0,0.0,0.0,0.0,14.37,2026-05-11,11,Monday,False,False,False,5,SPRING,CLEAR,LIGHT
QUEENS,2026-05-11 12:00:00,12.96,0.0,24100.0,0.0,0.0,0.0,16.12,2026-05-11,12,Monday,False,False,False,5,SPRING,CLEAR,LIGHT
QUEENS,2026-05-11 13:00:00,13.76,0.0,24100.0,0.0,0.0,0.0,16.98,2026-05-11,13,Monday,False,False,False,5,SPRING,CLEAR,LIGHT
QUEENS,2026-05-11 14:00:00,14.76,0.0,24100.0,0.0,0.0,0.0,15.94,2026-05-11,14,Monday,False,False,False,5,SPRING,CLEAR,LIGHT
QUEENS,2026-05-11 15:00:00,15.06,0.0,24100.0,0.0,0.0,0.0,14.35,2026-05-11,15,Monday,False,False,False,5,SPRING,CLEAR,LIGHT
QUEENS,2026-05-11 16:00:00,16.46,0.0,24100.0,0.0,0.0,0.0,11.89,2026-05-11,16,Monday,False,True,False,5,SPRING,CLEAR,LIGHT
QUEENS,2026-05-11 17:00:00,16.26,0.0,24100.0,0.0,0.0,0.0,11.18,2026-05-11,17,Monday,False,True,False,5,SPRING,CLEAR,LIGHT
QUEENS,2026-05-11 18:00:00,16.46,0.0,24100.0,0.0,0.0,0.0,9.39,2026-05-11,18,Monday,False,True,False,5,SPRING,CLEAR,LIGHT
QUEENS,2026-05-11 19:00:00,16.96,0.0,24100.0,0.0,0.0,0.0,6.62,2026-05-11,19,Monday,False,True,False,5,SPRING,CLEAR,LIGHT
QUEENS,2026-05-11 20:00:00,16.76,0.0,24100.0,0.0,0.0,0.0,5.86,2026-05-11,20,Monday,False,False,True,5,SPRING,CLEAR,LIGHT
QUEENS,2026-05-11 21:00:00,16.86,0.0,24100.0,0.0,0.0,0.0,4.2,2026-05-11,21,Monday,False,False,True,5,SPRING,CLEAR,LIGHT
QUEENS,2026-05-11 22:00:00,17.16,0.0,24100.0,0.0,0.0,0.0,2.16,2026-05-11,22,Monday,False,False,True,5,SPRING,CLEAR,LIGHT
QUEENS,2026-05-11 23:00:00,16.26,0.0,24100.0,0.0,0.0,0.0,4.2,2026-05-11,23,Monday,False,False,True,5,SPRING,CLEAR,LIGHT
QUEENS,2026-05-12 00:00:00,14.96,0.0,24100.0,0.0,0.0,0.0,9.75,2026-05-12,0,Tuesday,False,False,True,5,SPRING,CLEAR,LIGHT
QUEENS,2026-05-12 01:00:00,14.06,0.0,24100.0,0.0,0.0,0.0,12.32,2026-05-12,1,Tuesday,False,False,True,5,SPRING,CLEAR,LIGHT
QUEENS,2026-05-12 02:00:00,15.16,0.0,24100.0,0.0,0.0,0.0,2.74,2026-05-12,2,Tuesday,False,False,True,5,SPRING,CLEAR,LIGHT
QUEENS,2026-05-12 03:00:00,14.76,0.0,24100.0,0.0,0.0,0.0,15.19,2026-05-12,3,Tuesday,False,False,True,5,SPRING,CLEAR,LIGHT
QUEENS,2026-05-12 04:00:00,11.96,0.0,24100.0,0.0,0.0,0.0,21.63,2026-05-12,4,Tuesday,False,False,True,5,SPRING,CLEAR,LIGHT
QUEENS,2026-05-12 05:00:00,11.66,0.0,24100.0,0.0,0.0,0.0,19.21,2026-05-12,5,Tuesday,False,False,True,5,SPRING,CLEAR,LIGHT
QUEENS,2026-05-12 06:00:00,12.26,0.0,24100.0,0.0,0.0,0.0,16.12,2026-05-12,6,Tuesday,False,False,False,5,SPRING,CLEAR,LIGHT
QUEENS,2026-05-12 07:00:00,11.36,0.0,24100.0,0.0,0.0,0.0,19.16,2026-05-12,7,Tuesday,False,True,False,5,SPRING,CLEAR,LIGHT
QUEENS,2026-05-12 08:00:00,10.16,0.0,24100.0,0.0,0.0,0.0,16.92,2026-05-12,8,Tuesday,False,True,False,5,SPRING,CLEAR,LIGHT
QUEENS,2026-05-12 09:00:00,9.46,0.0,24100.0,0.0,0.0,0.0,14.33,2026-05-12,9,Tuesday,False,True,False,5,SPRING,CLEAR,LIGHT
QUEENS,2026-05-12 10:00:00,9.36,0.0,24100.0,0.0,0.0,0.0,11.11,2026-05-12,10,Tuesday,False,False,False,5,SPRING,CLEAR,LIGHT
QUEENS,2026-05-12 11:00:00,9.76,0.0,24100.0,0.0,0.0,0.0,12.43,2026-05-12,11,Tuesday,False,False,False,5,SPRING,CLEAR,LIGHT
QUEENS,2026-05-12 12:00:00,11.46,0.0,24100.0,0.0,0.0,0.0,13.63,2026-05-12,12,Tuesday,False,False,False,5,SPRING,CLEAR,LIGHT
QUEENS,2026-05-12 13:00:00,12.86,0.0,24100.0,0.0,0.0,0.0,14.76,2026-05-12,13,Tuesday,False,False,False,5,SPRING,CLEAR,LIGHT
QUEENS,2026-05-12 14:00:00,14.06,0.0,24100.0,0.0,0.0,0.0,14.04,2026-05-12,14,Tuesday,False,False,False,5,SPRING,CLEAR,LIGHT
QUEENS,2026-05-12 15:00:00,15.26,0.0,24100.0,0.0,0.0,0.0,12.96,2026-05-12,15,Tuesday,False,False,False,5,SPRING,CLEAR,LIGHT
QUEENS,2026-05-12 16:00:00,16.76,0.0,24100.0,0.0,0.0,0.0,9.42,2026-05-12,16,Tuesday,False,True,False,5,SPRING,CLEAR,LIGHT
QUEENS,2026-05-12 17:00:00,18.66,0.0,24100.0,0.0,0.0,0.0,4.51,2026-05-12,17,Tuesday,False,True,False,5,SPRING,CLEAR,LIGHT
QUEENS,2026-05-12 18:00:00,19.06,0.0,24100.0,0.0,0.0,0.0,7.73,2026-05-12,18,Tuesday,False,True,False,5,SPRING,CLEAR,LIGHT
QUEENS,2026-05-12 19:00:00,19.36,0.0,24100.0,0.0,0.0,0.0,11.21,2026-05-12,19,Tuesday,False,True,False,5,SPRING,CLEAR,LIGHT
QUEENS,2026-05-12 20:00:00,19.46,0.0,24100.0,0.0,0.0,0.0,14.69,2026-05-12,20,Tuesday,False,False,True,5,SPRING,CLEAR,LIGHT
QUEENS,2026-05-12 21:00:00,18.56,0.0,24100.0,0.0,0.0,0.0,21.25,2026-05-12,21,Tuesday,False,False,True,5,SPRING,CLEAR,LIGHT
QUEENS,2026-05-12 22:00:00,16.36,0.0,24100.0,0.0,0.0,0.0,21.32,2026-05-12,22,Tuesday,False,False,True,5,SPRING,CLEAR,LIGHT
QUEENS,2026-05-12 23:00:00,14.86,0.0,24100.0,0.0,0.0,0.0,20.91,2026-05-12,23,Tuesday,False,False,True,5,SPRING,CLEAR,LIGHT
QUEENS,2026-05-13 00:00:00,13.76,0.0,24100.0,0.0,0.0,0.0,24.44,2026-05-13,0,Wednesday,False,False,True,5,SPRING,CLEAR,LIGHT
QUEENS,2026-05-13 01:00:00,12.76,0.0,24100.0,0.0,0.0,0.0,24.65,2026-05-13,1,Wednesday,False,False,True,5,SPRING,CLEAR,LIGHT
QUEENS,2026-05-13 02:00:00,12.86,0.0,24100.0,0.0,0.0,0.0,22.91,2026-05-13,2,Wednesday,False,False,True,5,SPRING,CLEAR,LIGHT
QUEENS,2026-05-13 03:00:00,12.66,0.0,24100.0,0.0,0.0,0.0,19.93,2026-05-13,3,Wednesday,False,False,True,5,SPRING,CLEAR,LIGHT
QUEENS,2026-05-13 04:00:00,12.76,0.0,24100.0,0.0,0.0,0.0,18.33,2026-05-13,4,Wednesday,False,False,True,5,SPRING,CLEAR,LIGHT
QUEENS,2026-05-13 05:00:00,12.76,0.0,24100.0,0.0,0.0,0.0,14.84,2026-05-13,5,Wednesday,False,False,True,5,SPRING,CLEAR,LIGHT
QUEENS,2026-05-13 06:00:00,12.46,0.0,24100.0,0.0,0.0,0.0,13.9,2026-05-13,6,Wednesday,False,False,False,5,SPRING,CLEAR,LIGHT
QUEENS,2026-05-13 07:00:00,12.16,0.0,24100.0,0.0,0.0,0.0,13.63,2026-05-13,7,Wednesday,False,True,False,5,SPRING,CLEAR,LIGHT
QUEENS,2026-05-13 08:00:00,12.16,0.0,24100.0,0.0,0.0,0.0,13.08,2026-05-13,8,Wednesday,False,True,False,5,SPRING,CLEAR,LIGHT
QUEENS,2026-05-13 09:00:00,12.06,0.0,24100.0,0.0,0.0,0.0,15.5,2026-05-13,9,Wednesday,False,True,False,5,SPRING,CLEAR,LIGHT
QUEENS,2026-05-13 10:00:00,12.46,0.0,24100.0,0.0,0.0,0.0,19.08,2026-05-13,10,Wednesday,False,False,False,5,SPRING,CLEAR,LIGHT
QUEENS,2026-05-13 11:00:00,12.96,0.0,24100.0,0.0,0.0,0.0,18.06,2026-05-13,11,Wednesday,False,False,False,5,SPRING,CLEAR,LIGHT
QUEENS,2026-05-13 12:00:00,13.96,0.0,24100.0,0.0,0.0,0.0,20.48,2026-05-13,12,Wednesday,False,False,False,5,SPRING,CLEAR,LIGHT
QUEENS,2026-05-13 13:00:00,15.36,0.0,24100.0,0.0,0.0,0.0,18.79,2026-05-13,13,Wednesday,False,False,False,5,SPRING,CLEAR,LIGHT
QUEENS,2026-05-13 14:00:00,17.36,0.0,24100.0,0.0,0.0,0.0,18.6,2026-05-13,14,Wednesday,False,False,False,5,SPRING,CLEAR,LIGHT
QUEENS,2026-05-13 15:00:00,18.66,0.0,24100.0,0.0,0.0,0.0,20.88,2026-05-13,15,Wednesday,False,False,False,5,SPRING,CLEAR,LIGHT
QUEENS,2026-05-13 16:00:00,18.76,0.0,24100.0,0.0,0.0,0.0,25.29,2026-05-13,16,Wednesday,False,True,False,5,SPRING,CLEAR,LIGHT
QUEENS,2026-05-13 17:00:00,18.86,0.0,24100.0,0.0,0.0,0.0,29.56,2026-05-13,17,Wednesday,False,True,False,5,SPRING,CLEAR,LIGHT
QUEENS,2026-05-13 18:00:00,19.16,0.0,24100.0,0.0,0.0,0.0,32.83,2026-05-13,18,Wednesday,False,True,False,5,SPRING,WIND,MODERATE
QUEENS,2026-05-13 19:00:00,18.76,0.0,24100.0,0.0,0.0,0.0,37.91,2026-05-13,19,Wednesday,False,True,False,5,SPRING,WIND,MODERATE
QUEENS,2026-05-13 20:00:00,17.46,0.0,24100.0,0.0,0.0,0.0,37.14,2026-05-13,20,Wednesday,False,False,True,5,SPRING,WIND,MODERATE
QUEENS,2026-05-13 21:00:00,16.86,0.0,24100.0,0.0,0.0,0.0,36.12,2026-05-13,21,Wednesday,False,False,True,5,SPRING,WIND,MODERATE
QUEENS,2026-05-13 22:00:00,16.96,0.0,24100.0,0.0,0.0,0.0,36.04,2026-05-13,22,Wednesday,False,False,True,5,SPRING,WIND,MODERATE
QUEENS,2026-05-13 23:00:00,16.16,0.0,24100.0,0.0,0.0,0.0,32.77,2026-05-13,23,Wednesday,False,False,True,5,SPRING,WIND,MODERATE
QUEENS,2026-05-14 00:00:00,15.26,0.0,24100.0,0.0,0.0,0.0,28.52,2026-05-14,0,Thursday,False,False,True,5,SPRING,CLEAR,LIGHT
QUEENS,2026-05-14 01:00:00,14.66,0.0,24100.0,0.0,0.0,0.0,26.48,2026-05-14,1,Thursday,False,False,True,5,SPRING,CLEAR,LIGHT
QUEENS,2026-05-14 02:00:00,14.46,0.0,24100.0,0.0,0.0,0.0,24.8,2026-05-14,2,Thursday,False,False,True,5,SPRING,CLEAR,LIGHT
QUEENS,2026-05-14 03:00:00,14.16,0.0,24100.0,0.0,0.0,0.0,22.61,2026-05-14,3,Thursday,False,False,True,5,SPRING,CLEAR,LIGHT
QUEENS,2026-05-14 04:00:00,13.76,0.0,24100.0,0.0,0.0,0.0,18.42,2026-05-14,4,Thursday,False,False,True,5,SPRING,CLEAR,LIGHT
QUEENS,2026-05-14 05:00:00,13.76,0.2,22500.0,0.0,0.2,0.0,16.92,2026-05-14,5,Thursday,False,False,True,5,SPRING,RAIN,LIGHT
QUEENS,2026-05-14 06:00:00,13.46,0.1,23800.0,0.1,0.0,0.0,12.62,2026-05-14,6,Thursday,False,False,False,5,SPRING,RAIN,LIGHT
QUEENS,2026-05-14 07:00:00,13.26,1.2,20100.0,1.2,0.0,0.0,7.42,2026-05-14,7,Thursday,False,True,False,5,SPRING,RAIN,LIGHT
QUEENS,2026-05-14 08:00:00,13.16,0.3,24100.0,0.3,0.0,0.0,5.12,2026-05-14,8,Thursday,False,True,False,5,SPRING,RAIN,LIGHT
QUEENS,2026-05-14 09:00:00,13.26,0.0,24100.0,0.0,0.0,0.0,0.8,2026-05-14,9,Thursday,False,True,False,5,SPRING,CLEAR,LIGHT
QUEENS,2026-05-14 10:00:00,12.96,0.0,24100.0,0.0,0.0,0.0,1.48,2026-05-14,10,Thursday,False,False,False,5,SPRING,CLEAR,LIGHT
QUEENS,2026-05-14 11:00:00,13.86,0.0,24100.0,0.0,0.0,0.0,3.08,2026-05-14,11,Thursday,False,False,False,5,SPRING,CLEAR,LIGHT
QUEENS,2026-05-14 12:00:00,14.76,0.0,24100.0,0.0,0.0,0.0,8.53,2026-05-14,12,Thursday,False,False,False,5,SPRING,CLEAR,LIGHT
QUEENS,2026-05-14 13:00:00,15.06,0.1,24100.0,0.1,0.0,0.0,9.66,2026-05-14,13,Thursday,False,False,False,5,SPRING,RAIN,LIGHT
QUEENS,2026-05-14 14:00:00,15.76,0.0,18400.0,0.0,0.0,0.0,11.48,2026-05-14,14,Thursday,False,False,False,5,SPRING,CLEAR,LIGHT
QUEENS,2026-05-14 15:00:00,17.16,0.1,24100.0,0.0,0.1,0.0,13.0,2026-05-14,15,Thursday,False,False,False,5,SPRING,RAIN,LIGHT
QUEENS,2026-05-14 16:00:00,17.86,0.0,24100.0,0.0,0.0,0.0,11.53,2026-05-14,16,Thursday,False,True,False,5,SPRING,CLEAR,LIGHT
QUEENS,2026-05-14 17:00:00,18.76,0.0,24100.0,0.0,0.0,0.0,8.71,2026-05-14,17,Thursday,False,True,False,5,SPRING,CLEAR,LIGHT
QUEENS,2026-05-14 18:00:00,19.66,0.0,24100.0,0.0,0.0,0.0,11.12,2026-05-14,18,Thursday,False,True,False,5,SPRING,CLEAR,LIGHT
QUEENS,2026-05-14 19:00:00,16.26,0.0,24100.0,0.0,0.0,0.0,18.67,2026-05-14,19,Thursday,False,True,False,5,SPRING,CLEAR,LIGHT
QUEENS,2026-05-14 20:00:00,16.96,0.0,24100.0,0.0,0.0,0.0,9.53,2026-05-14,20,Thursday,False,False,True,5,SPRING,CLEAR,LIGHT
QUEENS,2026-05-14 21:00:00,18.76,0.0,24100.0,0.0,0.0,0.0,6.92,2026-05-14,21,Thursday,False,False,True,5,SPRING,CLEAR,LIGHT
QUEENS,2026-05-14 22:00:00,18.76,0.0,24100.0,0.0,0.0,0.0,17.55,2026-05-14,22,Thursday,False,False,True,5,SPRING,CLEAR,LIGHT
QUEENS,2026-05-14 23:00:00,17.36,0.0,24100.0,0.0,0.0,0.0,22.92,2026-05-14,23,Thursday,False,False,True,5,SPRING,CLEAR,LIGHT
QUEENS,2026-05-15 00:00:00,16.16,0.0,24100.0,0.0,0.0,0.0,18.79,2026-05-15,0,Friday,False,False,True,5,SPRING,CLEAR,LIGHT
QUEENS,2026-05-15 01:00:00,15.76,0.0,24100.0,0.0,0.0,0.0,16.6,2026-05-15,1,Friday,False,False,True,5,SPRING,CLEAR,LIGHT
QUEENS,2026-05-15 02:00:00,14.66,0.0,24100.0,0.0,0.0,0.0,18.72,2026-05-15,2,Friday,False,False,True,5,SPRING,CLEAR,LIGHT
QUEENS,2026-05-15 03:00:00,13.56,0.0,24100.0,0.0,0.0,0.0,18.36,2026-05-15,3,Friday,False,False,True,5,SPRING,CLEAR,LIGHT
QUEENS,2026-05-15 04:00:00,12.76,0.0,24100.0,0.0,0.0,0.0,17.34,2026-05-15,4,Friday,False,False,True,5,SPRING,CLEAR,LIGHT
QUEENS,2026-05-15 05:00:00,11.96,0.0,24100.0,0.0,0.0,0.0,16.3,2026-05-15,5,Friday,False,False,True,5,SPRING,CLEAR,LIGHT
QUEENS,2026-05-15 06:00:00,11.16,0.0,21500.0,0.0,0.0,0.0,15.19,2026-05-15,6,Friday,False,False,False,5,SPRING,CLEAR,LIGHT
QUEENS,2026-05-15 07:00:00,10.56,0.0,22100.0,0.0,0.0,0.0,14.06,2026-05-15,7,Friday,False,True,False,5,SPRING,CLEAR,LIGHT
QUEENS,2026-05-15 08:00:00,10.26,0.1,24100.0,0.0,0.1,0.0,13.49,2026-05-15,8,Friday,False,True,False,5,SPRING,RAIN,LIGHT
QUEENS,2026-05-15 09:00:00,10.26,0.0,24100.0,0.0,0.0,0.0,12.5,2026-05-15,9,Friday,False,True,False,5,SPRING,CLEAR,LIGHT
QUEENS,2026-05-15 10:00:00,10.16,0.0,24100.0,0.0,0.0,0.0,12.82,2026-05-15,10,Friday,False,False,False,5,SPRING,CLEAR,LIGHT
QUEENS,2026-05-15 11:00:00,10.96,0.0,24100.0,0.0,0.0,0.0,15.78,2026-05-15,11,Friday,False,False,False,5,SPRING,CLEAR,LIGHT
QUEENS,2026-05-15 12:00:00,12.76,0.0,24100.0,0.0,0.0,0.0,15.58,2026-05-15,12,Friday,False,False,False,5,SPRING,CLEAR,LIGHT
QUEENS,2026-05-15 13:00:00,14.76,0.0,24100.0,0.0,0.0,0.0,14.08,2026-05-15,13,Friday,False,False,False,5,SPRING,CLEAR,LIGHT
QUEENS,2026-05-15 14:00:00,16.46,0.0,24100.0,0.0,0.0,0.0,15.18,2026-05-15,14,Friday,False,False,False,5,SPRING,CLEAR,LIGHT
QUEENS,2026-05-15 15:00:00,16.06,0.0,24100.0,0.0,0.0,0.0,16.28,2026-05-15,15,Friday,False,False,False,5,SPRING,CLEAR,LIGHT
QUEENS,2026-05-15 16:00:00,17.66,0.0,24100.0,0.0,0.0,0.0,11.97,2026-05-15,16,Friday,False,True,False,5,SPRING,CLEAR,LIGHT
QUEENS,2026-05-15 17:00:00,19.76,0.0,24100.0,0.0,0.0,0.0,15.58,2026-05-15,17,Friday,False,True,False,5,SPRING,CLEAR,LIGHT
QUEENS,2026-05-15 18:00:00,17.96,0.0,24100.0,0.0,0.0,0.0,23.05,2026-05-15,18,Friday,False,True,False,5,SPRING,CLEAR,LIGHT
QUEENS,2026-05-15 19:00:00,18.66,0.0,24100.0,0.0,0.0,0.0,15.63,2026-05-15,19,Friday,False,True,False,5,SPRING,CLEAR,LIGHT
QUEENS,2026-05-15 20:00:00,19.86,0.0,24100.0,0.0,0.0,0.0,11.3,2026-05-15,20,Friday,False,False,True,5,SPRING,CLEAR,LIGHT
QUEENS,2026-05-15 21:00:00,20.46,0.0,24100.0,0.0,0.0,0.0,12.14,2026-05-15,21,Friday,False,False,True,5,SPRING,CLEAR,LIGHT
QUEENS,2026-05-15 22:00:00,20.16,0.0,24100.0,0.0,0.0,0.0,15.99,2026-05-15,22,Friday,False,False,True,5,SPRING,CLEAR,LIGHT
QUEENS,2026-05-15 23:00:00,19.46,0.0,24100.0,0.0,0.0,0.0,15.03,2026-05-15,23,Friday,False,False,True,5,SPRING,CLEAR,LIGHT
QUEENS,2026-05-16 00:00:00,19.26,0.0,24100.0,0.0,0.0,0.0,14.08,2026-05-16,0,Saturday,True,False,True,5,SPRING,CLEAR,LIGHT
QUEENS,2026-05-16 01:00:00,18.76,0.0,24100.0,0.0,0.0,0.0,8.83,2026-05-16,1,Saturday,True,False,True,5,SPRING,CLEAR,LIGHT
QUEENS,2026-05-16 02:00:00,17.61,0.0,24100.0,0.0,0.0,0.0,6.03,2026-05-16,2,Saturday,True,False,True,5,SPRING,CLEAR,LIGHT
QUEENS,2026-05-16 03:00:00,17.06,0.0,24100.0,0.0,0.0,0.0,3.4,2026-05-16,3,Saturday,True,False,True,5,SPRING,CLEAR,LIGHT
QUEENS,2026-05-16 04:00:00,16.26,0.0,24100.0,0.0,0.0,0.0,5.15,2026-05-16,4,Saturday,True,False,True,5,SPRING,CLEAR,LIGHT
QUEENS,2026-05-16 05:00:00,15.76,0.0,24100.0,0.0,0.0,0.0,2.16,2026-05-16,5,Saturday,True,False,True,5,SPRING,CLEAR,LIGHT
QUEENS,2026-05-16 06:00:00,15.06,0.0,24100.0,0.0,0.0,0.0,5.15,2026-05-16,6,Saturday,True,False,False,5,SPRING,CLEAR,LIGHT
QUEENS,2026-05-16 07:00:00,14.56,0.0,24100.0,0.0,0.0,0.0,6.29,2026-05-16,7,Saturday,True,True,False,5,SPRING,CLEAR,LIGHT
QUEENS,2026-05-16 08:00:00,14.26,0.0,24100.0,0.0,0.0,0.0,7.21,2026-05-16,8,Saturday,True,True,False,5,SPRING,CLEAR,LIGHT
QUEENS,2026-05-16 09:00:00,13.86,0.0,24100.0,0.0,0.0,0.0,6.85,2026-05-16,9,Saturday,True,True,False,5,SPRING,CLEAR,LIGHT
QUEENS,2026-05-16 10:00:00,13.86,0.0,24100.0,0.0,0.0,0.0,6.88,2026-05-16,10,Saturday,True,False,False,5,SPRING,CLEAR,LIGHT
QUEENS,2026-05-16 11:00:00,14.86,0.0,24100.0,0.0,0.0,0.0,7.34,2026-05-16,11,Saturday,True,False,False,5,SPRING,CLEAR,LIGHT
QUEENS,2026-05-16 12:00:00,16.86,0.0,24100.0,0.0,0.0,0.0,9.0,2026-05-16,12,Saturday,True,False,False,5,SPRING,CLEAR,LIGHT
QUEENS,2026-05-16 13:00:00,18.46,0.0,24100.0,0.0,0.0,0.0,12.18,2026-05-16,13,Saturday,True,False,False,5,SPRING,CLEAR,LIGHT
QUEENS,2026-05-16 14:00:00,19.76,0.0,24100.0,0.0,0.0,0.0,14.65,2026-05-16,14,Saturday,True,False,False,5,SPRING,CLEAR,LIGHT
QUEENS,2026-05-16 15:00:00,21.86,0.0,24100.0,0.0,0.0,0.0,15.58,2026-05-16,15,Saturday,True,False,False,5,SPRING,CLEAR,LIGHT
QUEENS,2026-05-16 16:00:00,23.76,0.0,24100.0,0.0,0.0,0.0,19.47,2026-05-16,16,Saturday,True,True,False,5,SPRING,CLEAR,LIGHT
QUEENS,2026-05-16 17:00:00,24.26,0.0,24100.0,0.0,0.0,0.0,19.47,2026-05-16,17,Saturday,True,True,False,5,SPRING,CLEAR,LIGHT
QUEENS,2026-05-16 18:00:00,24.26,0.0,24100.0,0.0,0.0,0.0,20.21,2026-05-16,18,Saturday,True,True,False,5,SPRING,CLEAR,LIGHT
QUEENS,2026-05-16 19:00:00,22.06,0.0,24100.0,0.0,0.0,0.0,23.38,2026-05-16,19,Saturday,True,True,False,5,SPRING,CLEAR,LIGHT
QUEENS,2026-05-16 20:00:00,21.86,0.0,24100.0,0.0,0.0,0.0,22.96,2026-05-16,20,Saturday,True,False,True,5,SPRING,CLEAR,LIGHT
QUEENS,2026-05-16 21:00:00,22.06,0.0,24100.0,0.0,0.0,0.0,21.99,2026-05-16,21,Saturday,True,False,True,5,SPRING,CLEAR,LIGHT
QUEENS,2026-05-16 22:00:00,22.26,0.0,24100.0,0.0,0.0,0.0,20.72,2026-05-16,22,Saturday,True,False,True,5,SPRING,CLEAR,LIGHT
QUEENS,2026-05-16 23:00:00,23.36,0.0,24100.0,0.0,0.0,0.0,15.5,2026-05-16,23,Saturday,True,False,True,5,SPRING,CLEAR,LIGHT
QUEENS,2026-05-17 00:00:00,22.66,0.0,24100.0,0.0,0.0,0.0,12.89,2026-05-17,0,Sunday,True,False,True,5,SPRING,CLEAR,LIGHT
QUEENS,2026-05-17 01:00:00,20.86,0.0,24100.0,0.0,0.0,0.0,13.56,2026-05-17,1,Sunday,True,False,True,5,SPRING,CLEAR,LIGHT
QUEENS,2026-05-17 02:00:00,20.16,0.0,24100.0,0.0,0.0,0.0,14.93,2026-05-17,2,Sunday,True,False,True,5,SPRING,CLEAR,LIGHT
QUEENS,2026-05-17 03:00:00,20.16,0.0,24100.0,0.0,0.0,0.0,15.95,2026-05-17,3,Sunday,True,False,True,5,SPRING,CLEAR,LIGHT
QUEENS,2026-05-17 04:00:00,20.06,0.0,24100.0,0.0,0.0,0.0,17.79,2026-05-17,4,Sunday,True,False,True,5,SPRING,CLEAR,LIGHT
QUEENS,2026-05-17 05:00:00,19.66,0.0,24100.0,0.0,0.0,0.0,13.75,2026-05-17,5,Sunday,True,False,True,5,SPRING,CLEAR,LIGHT
QUEENS,2026-05-17 06:00:00,19.76,0.0,24100.0,0.0,0.0,0.0,15.29,2026-05-17,6,Sunday,True,False,False,5,SPRING,CLEAR,LIGHT
QUEENS,2026-05-17 07:00:00,19.86,0.0,24100.0,0.0,0.0,0.0,15.54,2026-05-17,7,Sunday,True,True,False,5,SPRING,CLEAR,LIGHT
QUEENS,2026-05-17 08:00:00,19.26,0.0,24100.0,0.0,0.0,0.0,13.8,2026-05-17,8,Sunday,True,True,False,5,SPRING,CLEAR,LIGHT
QUEENS,2026-05-17 09:00:00,18.66,0.0,24100.0,0.0,0.0,0.0,11.17,2026-05-17,9,Sunday,True,True,False,5,SPRING,CLEAR,LIGHT
QUEENS,2026-05-17 10:00:00,18.26,0.0,24100.0,0.0,0.0,0.0,9.61,2026-05-17,10,Sunday,True,False,False,5,SPRING,CLEAR,LIGHT
QUEENS,2026-05-17 11:00:00,19.16,0.0,24100.0,0.0,0.0,0.0,9.73,2026-05-17,11,Sunday,True,False,False,5,SPRING,CLEAR,LIGHT
QUEENS,2026-05-17 12:00:00,21.06,0.0,24100.0,0.0,0.0,0.0,11.28,2026-05-17,12,Sunday,True,False,False,5,SPRING,CLEAR,LIGHT
QUEENS,2026-05-17 13:00:00,22.86,0.0,24100.0,0.0,0.0,0.0,10.32,2026-05-17,13,Sunday,True,False,False,5,SPRING,CLEAR,LIGHT
QUEENS,2026-05-17 14:00:00,24.86,0.0,24100.0,0.0,0.0,0.0,9.83,2026-05-17,14,Sunday,True,False,False,5,SPRING,CLEAR,LIGHT
QUEENS,2026-05-17 15:00:00,27.16,0.0,24100.0,0.0,0.0,0.0,8.85,2026-05-17,15,Sunday,True,False,False,5,SPRING,CLEAR,LIGHT
QUEENS,2026-05-17 16:00:00,29.26,0.0,24100.0,0.0,0.0,0.0,8.29,2026-05-17,16,Sunday,True,True,False,5,SPRING,CLEAR,LIGHT
QUEENS,2026-05-17 17:00:00,30.36,0.0,24100.0,0.0,0.0,0.0,13.25,2026-05-17,17,Sunday,True,True,False,5,SPRING,CLEAR,LIGHT
QUEENS,2026-05-17 18:00:00,30.16,0.0,24100.0,0.0,0.0,0.0,17.58,2026-05-17,18,Sunday,True,True,False,5,SPRING,CLEAR,LIGHT
QUEENS,2026-05-17 19:00:00,29.06,0.0,24100.0,0.0,0.0,0.0,21.96,2026-05-17,19,Sunday,True,True,False,5,SPRING,CLEAR,LIGHT
QUEENS,2026-05-17 20:00:00,27.16,0.0,24100.0,0.0,0.0,0.0,22.03,2026-05-17,20,Sunday,True,False,True,5,SPRING,CLEAR,LIGHT
QUEENS,2026-05-17 21:00:00,26.76,0.0,24100.0,0.0,0.0,0.0,20.12,2026-05-17,21,Sunday,True,False,True,5,SPRING,CLEAR,LIGHT
QUEENS,2026-05-17 22:00:00,25.76,0.0,24100.0,0.0,0.0,0.0,18.49,2026-05-17,22,Sunday,True,False,True,5,SPRING,CLEAR,LIGHT
QUEENS,2026-05-17 23:00:00,25.26,0.0,24100.0,0.0,0.0,0.0,14.21,2026-05-17,23,Sunday,True,False,True,5,SPRING,CLEAR,LIGHT
QUEENS,2026-05-18 00:00:00,23.46,0.0,24100.0,0.0,0.0,0.0,11.53,2026-05-18,0,Monday,False,False,True,5,SPRING,CLEAR,LIGHT
QUEENS,2026-05-18 01:00:00,23.36,0.0,24100.0,0.0,0.0,0.0,9.66,2026-05-18,1,Monday,False,False,True,5,SPRING,CLEAR,LIGHT
QUEENS,2026-05-18 02:00:00,23.06,0.0,24100.0,0.0,0.0,0.0,8.23,2026-05-18,2,Monday,False,False,True,5,SPRING,CLEAR,LIGHT
QUEENS,2026-05-18 03:00:00,22.86,0.0,24100.0,0.0,0.0,0.0,8.4,2026-05-18,3,Monday,False,False,True,5,SPRING,CLEAR,LIGHT
QUEENS,2026-05-18 04:00:00,22.66,0.0,24100.0,0.0,0.0,0.0,10.44,2026-05-18,4,Monday,False,False,True,5,SPRING,CLEAR,LIGHT
QUEENS,2026-05-18 05:00:00,22.26,0.0,24100.0,0.0,0.0,0.0,8.89,2026-05-18,5,Monday,False,False,True,5,SPRING,CLEAR,LIGHT
QUEENS,2026-05-18 06:00:00,21.76,0.0,24100.0,0.0,0.0,0.0,7.63,2026-05-18,6,Monday,False,False,False,5,SPRING,CLEAR,LIGHT
QUEENS,2026-05-18 07:00:00,21.36,0.0,24100.0,0.0,0.0,0.0,6.44,2026-05-18,7,Monday,False,True,False,5,SPRING,CLEAR,LIGHT
QUEENS,2026-05-18 08:00:00,20.76,0.0,24100.0,0.0,0.0,0.0,7.9,2026-05-18,8,Monday,False,True,False,5,SPRING,CLEAR,LIGHT
QUEENS,2026-05-18 09:00:00,20.26,0.0,24100.0,0.0,0.0,0.0,8.16,2026-05-18,9,Monday,False,True,False,5,SPRING,CLEAR,LIGHT
QUEENS,2026-05-18 10:00:00,20.16,0.0,24100.0,0.0,0.0,0.0,6.95,2026-05-18,10,Monday,False,False,False,5,SPRING,CLEAR,LIGHT
QUEENS,2026-05-18 11:00:00,21.36,0.0,24100.0,0.0,0.0,0.0,6.41,2026-05-18,11,Monday,False,False,False,5,SPRING,CLEAR,LIGHT
QUEENS,2026-05-18 12:00:00,23.26,0.0,24100.0,0.0,0.0,0.0,5.86,2026-05-18,12,Monday,False,False,False,5,SPRING,CLEAR,LIGHT
QUEENS,2026-05-18 13:00:00,25.16,0.0,24100.0,0.0,0.0,0.0,7.64,2026-05-18,13,Monday,False,False,False,5,SPRING,CLEAR,LIGHT
QUEENS,2026-05-18 14:00:00,26.46,0.0,24100.0,0.0,0.0,0.0,10.39,2026-05-18,14,Monday,False,False,False,5,SPRING,CLEAR,LIGHT
QUEENS,2026-05-18 15:00:00,27.26,0.0,24100.0,0.0,0.0,0.0,12.61,2026-05-18,15,Monday,False,False,False,5,SPRING,CLEAR,LIGHT
QUEENS,2026-05-18 16:00:00,27.96,0.0,24100.0,0.0,0.0,0.0,14.08,2026-05-18,16,Monday,False,True,False,5,SPRING,CLEAR,LIGHT
QUEENS,2026-05-18 17:00:00,28.76,0.0,24100.0,0.0,0.0,0.0,14.97,2026-05-18,17,Monday,False,True,False,5,SPRING,CLEAR,LIGHT
QUEENS,2026-05-18 18:00:00,28.16,0.0,24100.0,0.0,0.0,0.0,17.87,2026-05-18,18,Monday,False,True,False,5,SPRING,CLEAR,LIGHT
QUEENS,2026-05-18 19:00:00,27.76,0.0,24100.0,0.0,0.0,0.0,18.6,2026-05-18,19,Monday,False,True,False,5,SPRING,CLEAR,LIGHT
QUEENS,2026-05-18 20:00:00,26.66,0.0,24100.0,0.0,0.0,0.0,19.21,2026-05-18,20,Monday,False,False,True,5,SPRING,CLEAR,LIGHT
QUEENS,2026-05-18 21:00:00,24.86,0.0,24100.0,0.0,0.0,0.0,20.35,2026-05-18,21,Monday,False,False,True,5,SPRING,CLEAR,LIGHT
QUEENS,2026-05-18 22:00:00,23.86,0.0,24100.0,0.0,0.0,0.0,20.0,2026-05-18,22,Monday,False,False,True,5,SPRING,CLEAR,LIGHT
QUEENS,2026-05-18 23:00:00,22.56,0.0,24100.0,0.0,0.0,0.0,21.19,2026-05-18,23,Monday,False,False,True,5,SPRING,CLEAR,LIGHT
QUEENS,2026-05-19 00:00:00,21.16,0.0,24100.0,0.0,0.0,0.0,21.61,2026-05-19,0,Tuesday,False,False,True,5,SPRING,CLEAR,LIGHT
QUEENS,2026-05-19 01:00:00,22.16,0.0,24100.0,0.0,0.0,0.0,17.82,2026-05-19,1,Tuesday,False,False,True,5,SPRING,CLEAR,LIGHT
QUEENS,2026-05-19 02:00:00,23.26,0.0,24100.0,0.0,0.0,0.0,14.24,2026-05-19,2,Tuesday,False,False,True,5,SPRING,CLEAR,LIGHT
QUEENS,2026-05-19 03:00:00,22.86,0.0,24100.0,0.0,0.0,0.0,11.53,2026-05-19,3,Tuesday,False,False,True,5,SPRING,CLEAR,LIGHT
QUEENS,2026-05-19 04:00:00,22.96,0.0,24100.0,0.0,0.0,0.0,13.71,2026-05-19,4,Tuesday,False,False,True,5,SPRING,CLEAR,LIGHT
QUEENS,2026-05-19 05:00:00,23.06,0.0,24100.0,0.0,0.0,0.0,14.11,2026-05-19,5,Tuesday,False,False,True,5,SPRING,CLEAR,LIGHT
QUEENS,2026-05-19 06:00:00,22.26,0.0,24100.0,0.0,0.0,0.0,11.63,2026-05-19,6,Tuesday,False,False,False,5,SPRING,CLEAR,LIGHT
QUEENS,2026-05-19 07:00:00,21.36,0.0,24100.0,0.0,0.0,0.0,9.96,2026-05-19,7,Tuesday,False,True,False,5,SPRING,CLEAR,LIGHT
QUEENS,2026-05-19 08:00:00,20.66,0.0,24100.0,0.0,0.0,0.0,11.18,2026-05-19,8,Tuesday,False,True,False,5,SPRING,CLEAR,LIGHT
QUEENS,2026-05-19 09:00:00,20.16,0.0,24100.0,0.0,0.0,0.0,10.85,2026-05-19,9,Tuesday,False,True,False,5,SPRING,CLEAR,LIGHT
QUEENS,2026-05-19 10:00:00,20.36,0.0,24100.0,0.0,0.0,0.0,11.3,2026-05-19,10,Tuesday,False,False,False,5,SPRING,CLEAR,LIGHT
QUEENS,2026-05-19 11:00:00,21.76,0.0,24100.0,0.0,0.0,0.0,11.59,2026-05-19,11,Tuesday,False,False,False,5,SPRING,CLEAR,LIGHT
QUEENS,2026-05-19 12:00:00,23.66,0.0,24100.0,0.0,0.0,0.0,15.63,2026-05-19,12,Tuesday,False,False,False,5,SPRING,CLEAR,LIGHT
QUEENS,2026-05-19 13:00:00,25.76,0.0,24100.0,0.0,0.0,0.0,14.62,2026-05-19,13,Tuesday,False,False,False,5,SPRING,CLEAR,LIGHT
QUEENS,2026-05-19 14:00:00,28.06,0.0,24100.0,0.0,0.0,0.0,14.8,2026-05-19,14,Tuesday,False,False,False,5,SPRING,CLEAR,LIGHT
QUEENS,2026-05-19 15:00:00,30.46,0.0,24100.0,0.0,0.0,0.0,14.69,2026-05-19,15,Tuesday,False,False,False,5,SPRING,CLEAR,LIGHT
QUEENS,2026-05-19 16:00:00,32.26,0.0,24100.0,0.0,0.0,0.0,16.12,2026-05-19,16,Tuesday,False,True,False,5,SPRING,CLEAR,LIGHT
QUEENS,2026-05-19 17:00:00,33.36,0.0,24100.0,0.0,0.0,0.0,18.25,2026-05-19,17,Tuesday,False,True,False,5,SPRING,CLEAR,LIGHT
QUEENS,2026-05-19 18:00:00,30.96,0.0,24100.0,0.0,0.0,0.0,21.6,2026-05-19,18,Tuesday,False,True,False,5,SPRING,CLEAR,LIGHT
QUEENS,2026-05-19 19:00:00,28.96,0.0,24100.0,0.0,0.0,0.0,22.32,2026-05-19,19,Tuesday,False,True,False,5,SPRING,CLEAR,LIGHT
QUEENS,2026-05-19 20:00:00,28.26,0.0,24100.0,0.0,0.0,0.0,22.03,2026-05-19,20,Tuesday,False,False,True,5,SPRING,CLEAR,LIGHT
QUEENS,2026-05-19 21:00:00,30.26,0.0,24100.0,0.0,0.0,0.0,18.72,2026-05-19,21,Tuesday,False,False,True,5,SPRING,CLEAR,LIGHT
QUEENS,2026-05-19 22:00:00,31.56,0.0,24100.0,0.0,0.0,0.0,19.01,2026-05-19,22,Tuesday,False,False,True,5,SPRING,CLEAR,LIGHT
QUEENS,2026-05-19 23:00:00,32.36,0.0,24100.0,0.0,0.0,0.0,21.25,2026-05-19,23,Tuesday,False,False,True,5,SPRING,CLEAR,LIGHT
QUEENS,2026-05-20 00:00:00,31.26,0.0,24100.0,0.0,0.0,0.0,20.32,2026-05-20,0,Wednesday,False,False,True,5,SPRING,CLEAR,LIGHT
QUEENS,2026-05-20 01:00:00,30.26,0.0,24100.0,0.0,0.0,0.0,17.52,2026-05-20,1,Wednesday,False,False,True,5,SPRING,CLEAR,LIGHT
QUEENS,2026-05-20 02:00:00,29.26,0.0,24100.0,0.0,0.0,0.0,16.28,2026-05-20,2,Wednesday,False,False,True,5,SPRING,CLEAR,LIGHT
QUEENS,2026-05-20 03:00:00,28.36,0.0,24100.0,0.0,0.0,0.0,14.69,2026-05-20,3,Wednesday,False,False,True,5,SPRING,CLEAR,LIGHT
QUEENS,2026-05-20 04:00:00,27.36,0.0,24100.0,0.0,0.0,0.0,14.9,2026-05-20,4,Wednesday,False,False,True,5,SPRING,CLEAR,LIGHT
QUEENS,2026-05-20 05:00:00,26.46,0.0,24100.0,0.0,0.0,0.0,13.78,2026-05-20,5,Wednesday,False,False,True,5,SPRING,CLEAR,LIGHT
QUEENS,2026-05-20 06:00:00,25.06,0.0,24100.0,0.0,0.0,0.0,13.61,2026-05-20,6,Wednesday,False,False,False,5,SPRING,CLEAR,LIGHT
QUEENS,2026-05-20 07:00:00,24.46,0.0,24100.0,0.0,0.0,0.0,11.81,2026-05-20,7,Wednesday,False,True,False,5,SPRING,CLEAR,LIGHT
QUEENS,2026-05-20 08:00:00,24.56,0.0,24100.0,0.0,0.0,0.0,11.46,2026-05-20,8,Wednesday,False,True,False,5,SPRING,CLEAR,LIGHT
QUEENS,2026-05-20 09:00:00,23.76,0.0,24100.0,0.0,0.0,0.0,10.51,2026-05-20,9,Wednesday,False,True,False,5,SPRING,CLEAR,LIGHT
QUEENS,2026-05-20 10:00:00,23.76,0.0,24100.0,0.0,0.0,0.0,11.89,2026-05-20,10,Wednesday,False,False,False,5,SPRING,CLEAR,LIGHT
QUEENS,2026-05-20 11:00:00,24.66,0.0,24100.0,0.0,0.0,0.0,13.68,2026-05-20,11,Wednesday,False,False,False,5,SPRING,CLEAR,LIGHT
QUEENS,2026-05-20 12:00:00,26.46,0.0,24100.0,0.0,0.0,0.0,15.83,2026-05-20,12,Wednesday,False,False,False,5,SPRING,CLEAR,LIGHT
QUEENS,2026-05-20 13:00:00,28.96,0.0,24100.0,0.0,0.0,0.0,18.03,2026-05-20,13,Wednesday,False,False,False,5,SPRING,CLEAR,LIGHT
QUEENS,2026-05-20 14:00:00,31.16,0.0,24100.0,0.0,0.0,0.0,18.73,2026-05-20,14,Wednesday,False,False,False,5,SPRING,CLEAR,LIGHT
QUEENS,2026-05-20 15:00:00,32.36,0.0,24100.0,0.0,0.0,0.0,18.89,2026-05-20,15,Wednesday,False,False,False,5,SPRING,CLEAR,LIGHT
QUEENS,2026-05-20 16:00:00,33.36,0.0,24100.0,0.0,0.0,0.0,18.18,2026-05-20,16,Wednesday,False,True,False,5,SPRING,CLEAR,LIGHT
QUEENS,2026-05-20 17:00:00,34.56,0.0,24100.0,0.0,0.0,0.0,16.94,2026-05-20,17,Wednesday,False,True,False,5,SPRING,CLEAR,LIGHT
QUEENS,2026-05-20 18:00:00,34.96,0.0,24100.0,0.0,0.0,0.0,16.24,2026-05-20,18,Wednesday,False,True,False,5,SPRING,CLEAR,LIGHT
QUEENS,2026-05-20 19:00:00,35.16,0.0,24100.0,0.0,0.0,0.0,20.12,2026-05-20,19,Wednesday,False,True,False,5,SPRING,CLEAR,LIGHT
QUEENS,2026-05-20 20:00:00,34.56,0.0,24100.0,0.0,0.0,0.0,24.97,2026-05-20,20,Wednesday,False,False,True,5,SPRING,CLEAR,LIGHT
QUEENS,2026-05-20 21:00:00,32.36,0.0,16000.0,0.0,0.0,0.0,20.11,2026-05-20,21,Wednesday,False,False,True,5,SPRING,CLEAR,LIGHT
QUEENS,2026-05-20 22:00:00,31.56,0.0,19500.0,0.0,0.0,0.0,18.0,2026-05-20,22,Wednesday,False,False,True,5,SPRING,CLEAR,LIGHT
QUEENS,2026-05-20 23:00:00,27.26,1.0,17700.0,0.0,1.0,0.0,24.32,2026-05-20,23,Wednesday,False,False,True,5,SPRING,RAIN,LIGHT
QUEENS,2026-05-21 00:00:00,23.86,2.0,7500.0,0.0,2.0,0.0,20.81,2026-05-21,0,Thursday,False,False,True,5,SPRING,RAIN,LIGHT
QUEENS,2026-05-21 01:00:00,23.26,1.7,18000.0,0.0,1.7,0.0,9.96,2026-05-21,1,Thursday,False,False,True,5,SPRING,RAIN,LIGHT
QUEENS,2026-05-21 02:00:00,22.86,0.0,24100.0,0.0,0.0,0.0,11.49,2026-05-21,2,Thursday,False,False,True,5,SPRING,CLEAR,LIGHT
QUEENS,2026-05-21 03:00:00,22.56,0.0,24100.0,0.0,0.0,0.0,12.89,2026-05-21,3,Thursday,False,False,True,5,SPRING,CLEAR,LIGHT
QUEENS,2026-05-21 04:00:00,21.76,0.0,24100.0,0.0,0.0,0.0,17.41,2026-05-21,4,Thursday,False,False,True,5,SPRING,CLEAR,LIGHT
QUEENS,2026-05-21 05:00:00,20.46,0.0,24100.0,0.0,0.0,0.0,17.41,2026-05-21,5,Thursday,False,False,True,5,SPRING,CLEAR,LIGHT
QUEENS,2026-05-21 06:00:00,19.56,0.1,24100.0,0.0,0.1,0.0,16.49,2026-05-21,6,Thursday,False,False,False,5,SPRING,RAIN,LIGHT
QUEENS,2026-05-21 07:00:00,19.16,0.0,24100.0,0.0,0.0,0.0,13.36,2026-05-21,7,Thursday,False,True,False,5,SPRING,CLEAR,LIGHT
QUEENS,2026-05-21 08:00:00,19.16,0.0,24100.0,0.0,0.0,0.0,10.45,2026-05-21,8,Thursday,False,True,False,5,SPRING,CLEAR,LIGHT
QUEENS,2026-05-21 09:00:00,19.06,0.0,24100.0,0.0,0.0,0.0,11.18,2026-05-21,9,Thursday,False,True,False,5,SPRING,CLEAR,LIGHT
QUEENS,2026-05-21 10:00:00,18.56,0.0,24100.0,0.0,0.0,0.0,12.31,2026-05-21,10,Thursday,False,False,False,5,SPRING,CLEAR,LIGHT
QUEENS,2026-05-21 11:00:00,18.46,0.0,24100.0,0.0,0.0,0.0,12.22,2026-05-21,11,Thursday,False,False,False,5,SPRING,CLEAR,LIGHT
QUEENS,2026-05-21 12:00:00,18.66,0.0,24100.0,0.0,0.0,0.0,17.42,2026-05-21,12,Thursday,False,False,False,5,SPRING,CLEAR,LIGHT
QUEENS,2026-05-21 13:00:00,19.26,0.0,24100.0,0.0,0.0,0.0,18.53,2026-05-21,13,Thursday,False,False,False,5,SPRING,CLEAR,LIGHT
QUEENS,2026-05-21 14:00:00,18.86,0.0,24100.0,0.0,0.0,0.0,18.9,2026-05-21,14,Thursday,False,False,False,5,SPRING,CLEAR,LIGHT
QUEENS,2026-05-21 15:00:00,17.66,0.0,23700.0,0.0,0.0,0.0,18.36,2026-05-21,15,Thursday,False,False,False,5,SPRING,CLEAR,LIGHT
QUEENS,2026-05-21 16:00:00,16.46,0.1,19600.0,0.1,0.0,0.0,19.24,2026-05-21,16,Thursday,False,True,False,5,SPRING,RAIN,LIGHT
QUEENS,2026-05-21 17:00:00,15.96,0.2,18300.0,0.2,0.0,0.0,15.63,2026-05-21,17,Thursday,False,True,False,5,SPRING,RAIN,LIGHT
QUEENS,2026-05-21 18:00:00,15.66,0.7,22500.0,0.7,0.0,0.0,11.97,2026-05-21,18,Thursday,False,True,False,5,SPRING,RAIN,LIGHT
QUEENS,2026-05-21 19:00:00,15.86,0.0,24100.0,0.0,0.0,0.0,6.49,2026-05-21,19,Thursday,False,True,False,5,SPRING,CLEAR,LIGHT
QUEENS,2026-05-21 20:00:00,16.46,0.0,24100.0,0.0,0.0,0.0,4.68,2026-05-21,20,Thursday,False,False,True,5,SPRING,CLEAR,LIGHT
QUEENS,2026-05-21 21:00:00,17.06,0.0,24100.0,0.0,0.0,0.0,2.31,2026-05-21,21,Thursday,False,False,True,5,SPRING,CLEAR,LIGHT
QUEENS,2026-05-21 22:00:00,17.86,0.0,24100.0,0.0,0.0,0.0,0.8,2026-05-21,22,Thursday,False,False,True,5,SPRING,CLEAR,LIGHT
QUEENS,2026-05-21 23:00:00,17.86,0.0,24100.0,0.0,0.0,0.0,1.84,2026-05-21,23,Thursday,False,False,True,5,SPRING,CLEAR,LIGHT
QUEENS,2026-05-22 00:00:00,17.66,0.0,24100.0,0.0,0.0,0.0,2.19,2026-05-22,0,Friday,False,False,True,5,SPRING,CLEAR,LIGHT
QUEENS,2026-05-22 01:00:00,17.06,0.0,24100.0,0.0,0.0,0.0,4.69,2026-05-22,1,Friday,False,False,True,5,SPRING,CLEAR,LIGHT
QUEENS,2026-05-22 02:00:00,16.76,0.0,24100.0,0.0,0.0,0.0,1.61,2026-05-22,2,Friday,False,False,True,5,SPRING,CLEAR,LIGHT
QUEENS,2026-05-22 03:00:00,16.86,0.0,24100.0,0.0,0.0,0.0,3.6,2026-05-22,3,Friday,False,False,True,5,SPRING,CLEAR,LIGHT
QUEENS,2026-05-22 04:00:00,16.76,0.0,24100.0,0.0,0.0,0.0,7.75,2026-05-22,4,Friday,False,False,True,5,SPRING,CLEAR,LIGHT
QUEENS,2026-05-22 05:00:00,16.26,0.0,24100.0,0.0,0.0,0.0,10.25,2026-05-22,5,Friday,False,False,True,5,SPRING,CLEAR,LIGHT
QUEENS,2026-05-22 06:00:00,15.96,0.0,24100.0,0.0,0.0,0.0,11.97,2026-05-22,6,Friday,False,False,False,5,SPRING,CLEAR,LIGHT
QUEENS,2026-05-22 07:00:00,15.76,0.0,24100.0,0.0,0.0,0.0,11.59,2026-05-22,7,Friday,False,True,False,5,SPRING,CLEAR,LIGHT
QUEENS,2026-05-22 08:00:00,15.56,0.0,24100.0,0.0,0.0,0.0,12.1,2026-05-22,8,Friday,False,True,False,5,SPRING,CLEAR,LIGHT
QUEENS,2026-05-22 09:00:00,15.26,0.0,24100.0,0.0,0.0,0.0,14.62,2026-05-22,9,Friday,False,True,False,5,SPRING,CLEAR,LIGHT
QUEENS,2026-05-22 10:00:00,14.86,0.0,24100.0,0.0,0.0,0.0,16.14,2026-05-22,10,Friday,False,False,False,5,SPRING,CLEAR,LIGHT
QUEENS,2026-05-22 11:00:00,15.16,0.0,24100.0,0.0,0.0,0.0,20.67,2026-05-22,11,Friday,False,False,False,5,SPRING,CLEAR,LIGHT
QUEENS,2026-05-22 12:00:00,15.76,0.0,24100.0,0.0,0.0,0.0,20.63,2026-05-22,12,Friday,False,False,False,5,SPRING,CLEAR,LIGHT
QUEENS,2026-05-22 13:00:00,16.56,0.0,24100.0,0.0,0.0,0.0,18.89,2026-05-22,13,Friday,False,False,False,5,SPRING,CLEAR,LIGHT
QUEENS,2026-05-22 14:00:00,17.76,0.0,24100.0,0.0,0.0,0.0,19.88,2026-05-22,14,Friday,False,False,False,5,SPRING,CLEAR,LIGHT
QUEENS,2026-05-22 15:00:00,18.66,0.0,24100.0,0.0,0.0,0.0,20.38,2026-05-22,15,Friday,False,False,False,5,SPRING,CLEAR,LIGHT
QUEENS,2026-05-22 16:00:00,20.06,0.0,24100.0,0.0,0.0,0.0,17.73,2026-05-22,16,Friday,False,True,False,5,SPRING,CLEAR,LIGHT
QUEENS,2026-05-22 17:00:00,21.36,0.0,24100.0,0.0,0.0,0.0,16.68,2026-05-22,17,Friday,False,True,False,5,SPRING,CLEAR,LIGHT
QUEENS,2026-05-22 18:00:00,21.66,0.0,24100.0,0.0,0.0,0.0,15.84,2026-05-22,18,Friday,False,True,False,5,SPRING,CLEAR,LIGHT
QUEENS,2026-05-22 19:00:00,21.26,0.0,24100.0,0.0,0.0,0.0,16.87,2026-05-22,19,Friday,False,True,False,5,SPRING,CLEAR,LIGHT
QUEENS,2026-05-22 20:00:00,20.56,0.0,24100.0,0.0,0.0,0.0,18.1,2026-05-22,20,Friday,False,False,True,5,SPRING,CLEAR,LIGHT
QUEENS,2026-05-22 21:00:00,19.56,0.0,24100.0,0.0,0.0,0.0,18.36,2026-05-22,21,Friday,False,False,True,5,SPRING,CLEAR,LIGHT
QUEENS,2026-05-22 22:00:00,18.16,0.0,24100.0,0.0,0.0,0.0,18.71,2026-05-22,22,Friday,False,False,True,5,SPRING,CLEAR,LIGHT
QUEENS,2026-05-22 23:00:00,16.86,0.0,24100.0,0.0,0.0,0.0,20.39,2026-05-22,23,Friday,False,False,True,5,SPRING,CLEAR,LIGHT
QUEENS,2026-05-23 00:00:00,15.96,0.0,24100.0,0.0,0.0,0.0,19.38,2026-05-23,0,Saturday,True,False,True,5,SPRING,CLEAR,LIGHT
QUEENS,2026-05-23 01:00:00,13.12,0.0,34500.0,0.0,0.0,0.0,8.35,2026-05-23,1,Saturday,True,False,True,5,SPRING,CLEAR,LIGHT
QUEENS,2026-05-23 02:00:00,13.87,0.0,42300.0,0.0,0.0,0.0,8.77,2026-05-23,2,Saturday,True,False,True,5,SPRING,CLEAR,LIGHT
QUEENS,2026-05-23 03:00:00,12.97,0.0,38600.0,0.0,0.0,0.0,9.69,2026-05-23,3,Saturday,True,False,True,5,SPRING,CLEAR,LIGHT
QUEENS,2026-05-23 04:00:00,12.57,0.0,29000.0,0.0,0.0,0.0,6.13,2026-05-23,4,Saturday,True,False,True,5,SPRING,CLEAR,LIGHT
QUEENS,2026-05-23 05:00:00,12.57,0.0,31100.0,0.0,0.0,0.0,6.79,2026-05-23,5,Saturday,True,False,True,5,SPRING,CLEAR,LIGHT
QUEENS,2026-05-23 06:00:00,12.37,0.0,34400.0,0.0,0.0,0.0,6.19,2026-05-23,6,Saturday,True,False,False,5,SPRING,CLEAR,LIGHT
QUEENS,2026-05-23 07:00:00,11.97,0.0,33800.0,0.0,0.0,0.0,3.26,2026-05-23,7,Saturday,True,True,False,5,SPRING,CLEAR,LIGHT
QUEENS,2026-05-23 08:00:00,11.47,0.0,31300.0,0.0,0.0,0.0,6.49,2026-05-23,8,Saturday,True,True,False,5,SPRING,CLEAR,LIGHT
QUEENS,2026-05-23 09:00:00,11.22,0.0,27400.0,0.0,0.0,0.0,7.15,2026-05-23,9,Saturday,True,True,False,5,SPRING,CLEAR,LIGHT
QUEENS,2026-05-23 10:00:00,10.92,0.0,24000.0,0.0,0.0,0.0,7.42,2026-05-23,10,Saturday,True,False,False,5,SPRING,CLEAR,LIGHT
QUEENS,2026-05-23 11:00:00,11.27,0.0,20200.0,0.0,0.0,0.0,4.74,2026-05-23,11,Saturday,True,False,False,5,SPRING,CLEAR,LIGHT
QUEENS,2026-05-23 12:00:00,11.77,0.0,20300.0,0.0,0.0,0.0,9.83,2026-05-23,12,Saturday,True,False,False,5,SPRING,CLEAR,LIGHT
QUEENS,2026-05-23 13:00:00,11.92,0.0,23000.0,0.0,0.0,0.0,9.57,2026-05-23,13,Saturday,True,False,False,5,SPRING,CLEAR,LIGHT
QUEENS,2026-05-23 14:00:00,12.52,0.0,35800.0,0.0,0.0,0.0,12.57,2026-05-23,14,Saturday,True,False,False,5,SPRING,CLEAR,LIGHT
QUEENS,2026-05-23 15:00:00,13.12,0.0,31600.0,0.0,0.0,0.0,11.3,2026-05-23,15,Saturday,True,False,False,5,SPRING,CLEAR,LIGHT
QUEENS,2026-05-23 16:00:00,12.72,0.0,36200.0,0.0,0.0,0.0,12.64,2026-05-23,16,Saturday,True,True,False,5,SPRING,CLEAR,LIGHT
QUEENS,2026-05-23 17:00:00,12.47,0.0,36700.0,0.0,0.0,0.0,10.09,2026-05-23,17,Saturday,True,True,False,5,SPRING,CLEAR,LIGHT
QUEENS,2026-05-23 18:00:00,13.17,0.4,12600.0,0.4,0.0,0.0,13.53,2026-05-23,18,Saturday,True,True,False,5,SPRING,RAIN,LIGHT
QUEENS,2026-05-23 19:00:00,11.87,0.4,19400.0,0.4,0.0,0.0,13.98,2026-05-23,19,Saturday,True,True,False,5,SPRING,RAIN,LIGHT
QUEENS,2026-05-23 20:00:00,10.77,0.4,12900.0,0.4,0.0,0.0,14.8,2026-05-23,20,Saturday,True,False,True,5,SPRING,RAIN,LIGHT
QUEENS,2026-05-23 21:00:00,10.52,1.4,10800.0,1.4,0.0,0.0,15.08,2026-05-23,21,Saturday,True,False,True,5,SPRING,RAIN,LIGHT
QUEENS,2026-05-23 22:00:00,10.72,1.8,12300.0,1.8,0.0,0.0,16.12,2026-05-23,22,Saturday,True,False,True,5,SPRING,RAIN,LIGHT
QUEENS,2026-05-23 23:00:00,10.22,1.4,7200.0,1.4,0.0,0.0,13.68,2026-05-23,23,Saturday,True,False,True,5,SPRING,RAIN,LIGHT
QUEENS,2026-05-24 00:00:00,9.72,7.2,6100.0,7.2,0.0,0.0,14.8,2026-05-24,0,Sunday,True,False,True,5,SPRING,RAIN,HEAVY
QUEENS,2026-05-24 01:00:00,9.77,0.4,13000.0,0.4,0.0,0.0,11.09,2026-05-24,1,Sunday,True,False,True,5,SPRING,RAIN,LIGHT
QUEENS,2026-05-24 02:00:00,9.87,0.0,13500.0,0.0,0.0,0.0,11.3,2026-05-24,2,Sunday,True,False,True,5,SPRING,CLEAR,LIGHT
QUEENS,2026-05-24 03:00:00,10.17,0.0,13300.0,0.0,0.0,0.0,11.92,2026-05-24,3,Sunday,True,False,True,5,SPRING,CLEAR,LIGHT
QUEENS,2026-05-24 04:00:00,9.87,0.0,12200.0,0.0,0.0,0.0,11.21,2026-05-24,4,Sunday,True,False,True,5,SPRING,CLEAR,LIGHT
QUEENS,2026-05-24 05:00:00,10.27,0.0,13600.0,0.0,0.0,0.0,12.26,2026-05-24,5,Sunday,True,False,True,5,SPRING,CLEAR,LIGHT
QUEENS,2026-05-24 06:00:00,10.27,0.4,12900.0,0.4,0.0,0.0,12.23,2026-05-24,6,Sunday,True,False,False,5,SPRING,RAIN,LIGHT
QUEENS,2026-05-24 07:00:00,10.47,1.8,13800.0,1.8,0.0,0.0,12.68,2026-05-24,7,Sunday,True,True,False,5,SPRING,RAIN,LIGHT
QUEENS,2026-05-24 08:00:00,10.52,2.5,8000.0,2.5,0.0,0.0,11.12,2026-05-24,8,Sunday,True,True,False,5,SPRING,RAIN,LIGHT
QUEENS,2026-05-24 09:00:00,10.72,0.4,12700.0,0.4,0.0,0.0,13.24,2026-05-24,9,Sunday,True,True,False,5,SPRING,RAIN,LIGHT
QUEENS,2026-05-24 10:00:00,11.02,2.2,9300.0,2.2,0.0,0.0,13.21,2026-05-24,10,Sunday,True,False,False,5,SPRING,RAIN,LIGHT
QUEENS,2026-05-24 11:00:00,11.27,1.1,6100.0,1.1,0.0,0.0,10.2,2026-05-24,11,Sunday,True,False,False,5,SPRING,RAIN,LIGHT
QUEENS,2026-05-24 12:00:00,11.37,0.7,12700.0,0.7,0.0,0.0,15.32,2026-05-24,12,Sunday,True,False,False,5,SPRING,RAIN,LIGHT
QUEENS,2026-05-24 13:00:00,11.72,1.1,12200.0,1.1,0.0,0.0,14.69,2026-05-24,13,Sunday,True,False,False,5,SPRING,RAIN,LIGHT
QUEENS,2026-05-24 14:00:00,11.72,3.6,12600.0,3.6,0.0,0.0,11.92,2026-05-24,14,Sunday,True,False,False,5,SPRING,RAIN,MODERATE
QUEENS,2026-05-24 15:00:00,12.42,0.4,12300.0,0.4,0.0,0.0,9.59,2026-05-24,15,Sunday,True,False,False,5,SPRING,RAIN,LIGHT
QUEENS,2026-05-24 16:00:00,13.02,0.4,12600.0,0.4,0.0,0.0,10.64,2026-05-24,16,Sunday,True,True,False,5,SPRING,RAIN,LIGHT
QUEENS,2026-05-24 17:00:00,13.32,0.0,11600.0,0.0,0.0,0.0,7.29,2026-05-24,17,Sunday,True,True,False,5,SPRING,CLEAR,LIGHT
QUEENS,2026-05-24 18:00:00,13.52,0.0,13000.0,0.0,0.0,0.0,10.7,2026-05-24,18,Sunday,True,True,False,5,SPRING,CLEAR,LIGHT
QUEENS,2026-05-24 19:00:00,14.02,0.0,13600.0,0.0,0.0,0.0,10.7,2026-05-24,19,Sunday,True,True,False,5,SPRING,CLEAR,LIGHT
QUEENS,2026-05-24 20:00:00,14.22,0.0,13200.0,0.0,0.0,0.0,10.95,2026-05-24,20,Sunday,True,False,True,5,SPRING,CLEAR,LIGHT
QUEENS,2026-05-24 21:00:00,14.32,0.0,12600.0,0.0,0.0,0.0,10.51,2026-05-24,21,Sunday,True,False,True,5,SPRING,CLEAR,LIGHT
QUEENS,2026-05-24 22:00:00,14.02,0.0,12500.0,0.0,0.0,0.0,9.0,2026-05-24,22,Sunday,True,False,True,5,SPRING,CLEAR,LIGHT
QUEENS,2026-05-24 23:00:00,13.57,0.0,12900.0,0.0,0.0,0.0,9.59,2026-05-24,23,Sunday,True,False,True,5,SPRING,CLEAR,LIGHT
QUEENS,2026-05-25 00:00:00,13.32,0.0,12700.0,0.0,0.0,0.0,7.7,2026-05-25,0,Monday,False,False,True,5,SPRING,CLEAR,LIGHT
QUEENS,2026-05-25 01:00:00,13.17,0.0,12400.0,0.0,0.0,0.0,6.49,2026-05-25,1,Monday,False,False,True,5,SPRING,CLEAR,LIGHT
QUEENS,2026-05-25 02:00:00,12.92,0.0,12200.0,0.0,0.0,0.0,7.93,2026-05-25,2,Monday,False,False,True,5,SPRING,CLEAR,LIGHT
QUEENS,2026-05-25 03:00:00,12.72,0.0,12200.0,0.0,0.0,0.0,6.99,2026-05-25,3,Monday,False,False,True,5,SPRING,CLEAR,LIGHT
QUEENS,2026-05-25 04:00:00,12.77,0.0,100.0,0.0,0.0,0.0,4.39,2026-05-25,4,Monday,False,False,True,5,SPRING,FOG,SEVERE
QUEENS,2026-05-25 05:00:00,13.02,0.0,100.0,0.0,0.0,0.0,3.88,2026-05-25,5,Monday,False,False,True,5,SPRING,FOG,SEVERE
QUEENS,2026-05-25 06:00:00,13.17,0.0,200.0,0.0,0.0,0.0,3.83,2026-05-25,6,Monday,False,False,False,5,SPRING,FOG,SEVERE
QUEENS,2026-05-25 07:00:00,13.22,0.0,2100.0,0.0,0.0,0.0,5.77,2026-05-25,7,Monday,False,True,False,5,SPRING,FOG,MODERATE
QUEENS,2026-05-25 08:00:00,13.27,0.0,1600.0,0.0,0.0,0.0,3.55,2026-05-25,8,Monday,False,True,False,5,SPRING,FOG,MODERATE
QUEENS,2026-05-25 09:00:00,13.22,0.0,1600.0,0.0,0.0,0.0,2.97,2026-05-25,9,Monday,False,True,False,5,SPRING,FOG,MODERATE
QUEENS,2026-05-25 10:00:00,13.22,0.0,100.0,0.0,0.0,0.0,0.8,2026-05-25,10,Monday,False,False,False,5,SPRING,FOG,SEVERE
QUEENS,2026-05-25 11:00:00,13.12,0.0,1600.0,0.0,0.0,0.0,1.8,2026-05-25,11,Monday,False,False,False,5,SPRING,FOG,MODERATE
QUEENS,2026-05-25 12:00:00,13.57,0.0,8300.0,0.0,0.0,0.0,5.12,2026-05-25,12,Monday,False,False,False,5,SPRING,CLEAR,LIGHT
QUEENS,2026-05-25 13:00:00,13.82,0.0,12200.0,0.0,0.0,0.0,3.22,2026-05-25,13,Monday,False,False,False,5,SPRING,CLEAR,LIGHT
QUEENS,2026-05-25 14:00:00,14.97,0.0,12200.0,0.0,0.0,0.0,4.33,2026-05-25,14,Monday,False,False,False,5,SPRING,CLEAR,LIGHT
QUEENS,2026-05-25 15:00:00,15.17,0.0,12700.0,0.0,0.0,0.0,8.67,2026-05-25,15,Monday,False,False,False,5,SPRING,CLEAR,LIGHT
QUEENS,2026-05-25 16:00:00,15.77,0.0,12400.0,0.0,0.0,0.0,6.88,2026-05-25,16,Monday,False,True,False,5,SPRING,CLEAR,LIGHT
QUEENS,2026-05-25 17:00:00,18.07,0.0,15000.0,0.0,0.0,0.0,10.46,2026-05-25,17,Monday,False,True,False,5,SPRING,CLEAR,LIGHT
QUEENS,2026-05-25 18:00:00,18.42,0.0,15800.0,0.0,0.0,0.0,8.29,2026-05-25,18,Monday,False,True,False,5,SPRING,CLEAR,LIGHT
QUEENS,2026-05-25 19:00:00,18.42,0.0,15100.0,0.0,0.0,0.0,7.73,2026-05-25,19,Monday,False,True,False,5,SPRING,CLEAR,LIGHT
QUEENS,2026-05-25 20:00:00,19.87,0.0,15100.0,0.0,0.0,0.0,9.75,2026-05-25,20,Monday,False,False,True,5,SPRING,CLEAR,LIGHT
QUEENS,2026-05-25 21:00:00,21.02,0.0,16100.0,0.0,0.0,0.0,6.52,2026-05-25,21,Monday,False,False,True,5,SPRING,CLEAR,LIGHT
QUEENS,2026-05-25 22:00:00,20.92,0.0,18000.0,0.0,0.0,0.0,7.95,2026-05-25,22,Monday,False,False,True,5,SPRING,CLEAR,LIGHT
QUEENS,2026-05-25 23:00:00,18.97,0.0,17500.0,0.0,0.0,0.0,8.89,2026-05-25,23,Monday,False,False,True,5,SPRING,CLEAR,LIGHT
QUEENS,2026-05-26 00:00:00,18.22,0.0,15500.0,0.0,0.0,0.0,6.49,2026-05-26,0,Tuesday,False,False,True,5,SPRING,CLEAR,LIGHT
QUEENS,2026-05-26 01:00:00,17.57,0.0,13300.0,0.0,0.0,0.0,4.07,2026-05-26,1,Tuesday,False,False,True,5,SPRING,CLEAR,LIGHT
QUEENS,2026-05-26 02:00:00,16.82,0.0,12200.0,0.0,0.0,0.0,7.9,2026-05-26,2,Tuesday,False,False,True,5,SPRING,CLEAR,LIGHT
QUEENS,2026-05-26 03:00:00,16.57,0.0,12200.0,0.0,0.0,0.0,1.14,2026-05-26,3,Tuesday,False,False,True,5,SPRING,CLEAR,LIGHT
QUEENS,2026-05-26 04:00:00,16.72,0.0,12200.0,0.0,0.0,0.0,3.6,2026-05-26,4,Tuesday,False,False,True,5,SPRING,CLEAR,LIGHT
QUEENS,2026-05-26 05:00:00,16.67,0.0,12200.0,0.0,0.0,0.0,4.21,2026-05-26,5,Tuesday,False,False,True,5,SPRING,CLEAR,LIGHT
QUEENS,2026-05-26 06:00:00,16.52,0.0,12600.0,0.0,0.0,0.0,7.39,2026-05-26,6,Tuesday,False,False,False,5,SPRING,CLEAR,LIGHT
QUEENS,2026-05-26 07:00:00,16.07,0.0,13200.0,0.0,0.0,0.0,4.61,2026-05-26,7,Tuesday,False,True,False,5,SPRING,CLEAR,LIGHT
QUEENS,2026-05-26 08:00:00,15.32,0.0,14200.0,0.0,0.0,0.0,7.97,2026-05-26,8,Tuesday,False,True,False,5,SPRING,CLEAR,LIGHT
QUEENS,2026-05-26 09:00:00,15.27,0.0,13500.0,0.0,0.0,0.0,6.64,2026-05-26,9,Tuesday,False,True,False,5,SPRING,CLEAR,LIGHT
QUEENS,2026-05-26 10:00:00,15.02,0.0,13800.0,0.0,0.0,0.0,6.03,2026-05-26,10,Tuesday,False,False,False,5,SPRING,CLEAR,LIGHT
QUEENS,2026-05-26 11:00:00,16.37,0.0,15700.0,0.0,0.0,0.0,5.8,2026-05-26,11,Tuesday,False,False,False,5,SPRING,CLEAR,LIGHT
QUEENS,2026-05-26 12:00:00,18.22,0.0,21900.0,0.0,0.0,0.0,10.59,2026-05-26,12,Tuesday,False,False,False,5,SPRING,CLEAR,LIGHT
QUEENS,2026-05-26 13:00:00,20.17,0.0,29200.0,0.0,0.0,0.0,6.64,2026-05-26,13,Tuesday,False,False,False,5,SPRING,CLEAR,LIGHT
QUEENS,2026-05-26 14:00:00,21.97,0.0,38100.0,0.0,0.0,0.0,10.82,2026-05-26,14,Tuesday,False,False,False,5,SPRING,CLEAR,LIGHT
QUEENS,2026-05-26 15:00:00,23.37,0.0,38400.0,0.0,0.0,0.0,7.9,2026-05-26,15,Tuesday,False,False,False,5,SPRING,CLEAR,LIGHT
QUEENS,2026-05-26 16:00:00,25.22,0.0,44300.0,0.0,0.0,0.0,3.56,2026-05-26,16,Tuesday,False,True,False,5,SPRING,CLEAR,LIGHT
QUEENS,2026-05-26 17:00:00,25.47,0.0,35700.0,0.0,0.0,0.0,10.45,2026-05-26,17,Tuesday,False,True,False,5,SPRING,CLEAR,LIGHT
QUEENS,2026-05-26 18:00:00,25.02,0.0,34500.0,0.0,0.0,0.0,13.72,2026-05-26,18,Tuesday,False,True,False,5,SPRING,CLEAR,LIGHT
QUEENS,2026-05-26 19:00:00,25.07,0.0,33300.0,0.0,0.0,0.0,13.91,2026-05-26,19,Tuesday,False,True,False,5,SPRING,CLEAR,LIGHT
QUEENS,2026-05-26 20:00:00,25.57,0.0,36900.0,0.0,0.0,0.0,10.85,2026-05-26,20,Tuesday,False,False,True,5,SPRING,CLEAR,LIGHT
QUEENS,2026-05-26 21:00:00,24.97,0.0,42800.0,0.0,0.0,0.0,12.65,2026-05-26,21,Tuesday,False,False,True,5,SPRING,CLEAR,LIGHT
QUEENS,2026-05-26 22:00:00,23.12,0.0,38300.0,0.0,0.0,0.0,13.71,2026-05-26,22,Tuesday,False,False,True,5,SPRING,CLEAR,LIGHT
QUEENS,2026-05-26 23:00:00,20.67,0.0,25800.0,0.0,0.0,0.0,11.97,2026-05-26,23,Tuesday,False,False,True,5,SPRING,CLEAR,LIGHT
QUEENS,2026-05-27 00:00:00,19.32,0.0,22700.0,0.0,0.0,0.0,11.21,2026-05-27,0,Wednesday,False,False,True,5,SPRING,CLEAR,LIGHT
QUEENS,2026-05-27 01:00:00,18.37,0.0,21000.0,0.0,0.0,0.0,5.19,2026-05-27,1,Wednesday,False,False,True,5,SPRING,CLEAR,LIGHT
QUEENS,2026-05-27 02:00:00,17.32,0.0,13700.0,0.0,0.0,0.0,7.07,2026-05-27,2,Wednesday,False,False,True,5,SPRING,CLEAR,LIGHT
QUEENS,2026-05-27 03:00:00,17.72,0.0,14100.0,0.0,0.0,0.0,5.41,2026-05-27,3,Wednesday,False,False,True,5,SPRING,CLEAR,LIGHT
QUEENS,2026-05-27 04:00:00,18.52,0.0,17500.0,0.0,0.0,0.0,4.84,2026-05-27,4,Wednesday,False,False,True,5,SPRING,CLEAR,LIGHT
QUEENS,2026-05-27 05:00:00,17.97,0.0,18500.0,0.0,0.0,0.0,5.01,2026-05-27,5,Wednesday,False,False,True,5,SPRING,CLEAR,LIGHT
QUEENS,2026-05-27 06:00:00,18.17,0.0,18300.0,0.0,0.0,0.0,8.29,2026-05-27,6,Wednesday,False,False,False,5,SPRING,CLEAR,LIGHT
QUEENS,2026-05-27 07:00:00,18.52,0.0,19700.0,0.0,0.0,0.0,7.64,2026-05-27,7,Wednesday,False,True,False,5,SPRING,CLEAR,LIGHT
QUEENS,2026-05-27 08:00:00,18.62,0.0,20800.0,0.0,0.0,0.0,4.84,2026-05-27,8,Wednesday,False,True,False,5,SPRING,CLEAR,LIGHT
QUEENS,2026-05-27 09:00:00,18.67,0.0,19400.0,0.0,0.0,0.0,5.76,2026-05-27,9,Wednesday,False,True,False,5,SPRING,CLEAR,LIGHT
QUEENS,2026-05-27 10:00:00,18.47,0.0,17700.0,0.0,0.0,0.0,5.8,2026-05-27,10,Wednesday,False,False,False,5,SPRING,CLEAR,LIGHT
QUEENS,2026-05-27 11:00:00,19.62,0.0,18100.0,0.0,0.0,0.0,6.99,2026-05-27,11,Wednesday,False,False,False,5,SPRING,CLEAR,LIGHT
QUEENS,2026-05-27 12:00:00,20.12,0.0,18300.0,0.0,0.0,0.0,11.75,2026-05-27,12,Wednesday,False,False,False,5,SPRING,CLEAR,LIGHT
QUEENS,2026-05-27 13:00:00,21.32,0.0,17800.0,0.0,0.0,0.0,10.74,2026-05-27,13,Wednesday,False,False,False,5,SPRING,CLEAR,LIGHT
QUEENS,2026-05-27 14:00:00,22.72,0.0,18400.0,0.0,0.0,0.0,9.93,2026-05-27,14,Wednesday,False,False,False,5,SPRING,CLEAR,LIGHT
QUEENS,2026-05-27 15:00:00,21.92,0.0,19900.0,0.0,0.0,0.0,5.15,2026-05-27,15,Wednesday,False,False,False,5,SPRING,CLEAR,LIGHT
QUEENS,2026-05-27 16:00:00,23.17,0.0,20500.0,0.0,0.0,0.0,12.48,2026-05-27,16,Wednesday,False,True,False,5,SPRING,CLEAR,LIGHT
QUEENS,2026-05-27 17:00:00,24.77,0.0,21900.0,0.0,0.0,0.0,12.78,2026-05-27,17,Wednesday,False,True,False,5,SPRING,CLEAR,LIGHT
QUEENS,2026-05-27 18:00:00,25.47,0.0,18800.0,0.0,0.0,0.0,14.78,2026-05-27,18,Wednesday,False,True,False,5,SPRING,CLEAR,LIGHT
QUEENS,2026-05-27 19:00:00,26.17,0.0,20900.0,0.0,0.0,0.0,14.01,2026-05-27,19,Wednesday,False,True,False,5,SPRING,CLEAR,LIGHT
QUEENS,2026-05-27 20:00:00,27.32,0.0,26600.0,0.0,0.0,0.0,15.29,2026-05-27,20,Wednesday,False,False,True,5,SPRING,CLEAR,LIGHT
QUEENS,2026-05-27 21:00:00,27.52,0.0,26000.0,0.0,0.0,0.0,17.07,2026-05-27,21,Wednesday,False,False,True,5,SPRING,CLEAR,LIGHT
QUEENS,2026-05-27 22:00:00,27.17,0.0,27000.0,0.0,0.0,0.0,15.98,2026-05-27,22,Wednesday,False,False,True,5,SPRING,CLEAR,LIGHT
QUEENS,2026-05-27 23:00:00,27.07,0.0,29500.0,0.0,0.0,0.0,14.28,2026-05-27,23,Wednesday,False,False,True,5,SPRING,CLEAR,LIGHT
QUEENS,2026-05-28 00:00:00,26.42,0.0,35900.0,0.0,0.0,0.0,11.98,2026-05-28,0,Thursday,False,False,True,5,SPRING,CLEAR,LIGHT
QUEENS,2026-05-28 01:00:00,25.27,0.0,33800.0,0.0,0.0,0.0,11.46,2026-05-28,1,Thursday,False,False,True,5,SPRING,CLEAR,LIGHT
QUEENS,2026-05-28 02:00:00,23.82,0.0,27600.0,0.0,0.0,0.0,13.98,2026-05-28,2,Thursday,False,False,True,5,SPRING,CLEAR,LIGHT
QUEENS,2026-05-28 03:00:00,23.77,0.0,28400.0,0.0,0.0,0.0,9.06,2026-05-28,3,Thursday,False,False,True,5,SPRING,CLEAR,LIGHT
QUEENS,2026-05-28 04:00:00,25.07,0.0,46300.0,0.0,0.0,0.0,13.49,2026-05-28,4,Thursday,False,False,True,5,SPRING,CLEAR,LIGHT
QUEENS,2026-05-28 05:00:00,24.77,0.0,64400.0,0.0,0.0,0.0,17.83,2026-05-28,5,Thursday,False,False,True,5,SPRING,CLEAR,LIGHT
QUEENS,2026-05-28 06:00:00,23.52,0.0,61600.0,0.0,0.0,0.0,16.42,2026-05-28,6,Thursday,False,False,False,5,SPRING,CLEAR,LIGHT
QUEENS,2026-05-28 07:00:00,22.62,0.0,52000.0,0.0,0.0,0.0,13.85,2026-05-28,7,Thursday,False,True,False,5,SPRING,CLEAR,LIGHT
QUEENS,2026-05-28 08:00:00,21.57,0.0,45900.0,0.0,0.0,0.0,10.37,2026-05-28,8,Thursday,False,True,False,5,SPRING,CLEAR,LIGHT
QUEENS,2026-05-28 09:00:00,20.77,0.0,41800.0,0.0,0.0,0.0,10.59,2026-05-28,9,Thursday,False,True,False,5,SPRING,CLEAR,LIGHT
QUEENS,2026-05-28 10:00:00,20.52,0.0,40700.0,0.0,0.0,0.0,5.8,2026-05-28,10,Thursday,False,False,False,5,SPRING,CLEAR,LIGHT
QUEENS,2026-05-28 11:00:00,20.32,0.0,36700.0,0.0,0.0,0.0,9.51,2026-05-28,11,Thursday,False,False,False,5,SPRING,CLEAR,LIGHT
QUEENS,2026-05-28 12:00:00,21.32,0.0,40000.0,0.0,0.0,0.0,15.08,2026-05-28,12,Thursday,False,False,False,5,SPRING,CLEAR,LIGHT
QUEENS,2026-05-28 13:00:00,22.42,0.0,40000.0,0.0,0.0,0.0,17.87,2026-05-28,13,Thursday,False,False,False,5,SPRING,CLEAR,LIGHT
QUEENS,2026-05-28 14:00:00,23.62,0.0,41500.0,0.0,0.0,0.0,16.6,2026-05-28,14,Thursday,False,False,False,5,SPRING,CLEAR,LIGHT
QUEENS,2026-05-28 15:00:00,24.22,0.0,42900.0,0.0,0.0,0.0,15.94,2026-05-28,15,Thursday,False,False,False,5,SPRING,CLEAR,LIGHT
QUEENS,2026-05-28 16:00:00,25.37,0.0,55700.0,0.0,0.0,0.0,23.09,2026-05-28,16,Thursday,False,True,False,5,SPRING,CLEAR,LIGHT
QUEENS,2026-05-28 17:00:00,22.47,1.8,40300.0,1.8,0.0,0.0,21.87,2026-05-28,17,Thursday,False,True,False,5,SPRING,RAIN,LIGHT
QUEENS,2026-05-28 18:00:00,22.27,0.0,41600.0,0.0,0.0,0.0,17.31,2026-05-28,18,Thursday,False,True,False,5,SPRING,CLEAR,LIGHT
QUEENS,2026-05-28 19:00:00,24.17,0.0,52400.0,0.0,0.0,0.0,29.96,2026-05-28,19,Thursday,False,True,False,5,SPRING,CLEAR,LIGHT
QUEENS,2026-05-28 20:00:00,24.32,0.0,54200.0,0.0,0.0,0.0,24.46,2026-05-28,20,Thursday,False,False,True,5,SPRING,CLEAR,LIGHT
QUEENS,2026-05-28 21:00:00,22.47,0.0,44600.0,0.0,0.0,0.0,23.73,2026-05-28,21,Thursday,False,False,True,5,SPRING,CLEAR,LIGHT
QUEENS,2026-05-28 22:00:00,21.87,0.0,42000.0,0.0,0.0,0.0,23.9,2026-05-28,22,Thursday,False,False,True,5,SPRING,CLEAR,LIGHT
QUEENS,2026-05-28 23:00:00,22.52,0.0,47000.0,0.0,0.0,0.0,15.48,2026-05-28,23,Thursday,False,False,True,5,SPRING,CLEAR,LIGHT
QUEENS,2026-05-29 00:00:00,20.67,0.0,39400.0,0.0,0.0,0.0,17.78,2026-05-29,0,Friday,False,False,True,5,SPRING,CLEAR,LIGHT
QUEENS,2026-05-29 01:00:00,19.37,0.0,37000.0,0.0,0.0,0.0,13.04,2026-05-29,1,Friday,False,False,True,5,SPRING,CLEAR,LIGHT
QUEENS,2026-05-29 02:00:00,18.42,0.0,37600.0,0.0,0.0,0.0,12.82,2026-05-29,2,Friday,False,False,True,5,SPRING,CLEAR,LIGHT
QUEENS,2026-05-29 03:00:00,17.72,0.0,41400.0,0.0,0.0,0.0,16.36,2026-05-29,3,Friday,False,False,True,5,SPRING,CLEAR,LIGHT
QUEENS,2026-05-29 04:00:00,17.17,0.0,38600.0,0.0,0.0,0.0,10.74,2026-05-29,4,Friday,False,False,True,5,SPRING,CLEAR,LIGHT
QUEENS,2026-05-29 05:00:00,16.37,0.0,39500.0,0.0,0.0,0.0,10.7,2026-05-29,5,Friday,False,False,True,5,SPRING,CLEAR,LIGHT
QUEENS,2026-05-29 06:00:00,15.12,0.0,30900.0,0.0,0.0,0.0,12.98,2026-05-29,6,Friday,False,False,False,5,SPRING,CLEAR,LIGHT
QUEENS,2026-05-29 07:00:00,14.67,0.0,29800.0,0.0,0.0,0.0,9.45,2026-05-29,7,Friday,False,True,False,5,SPRING,CLEAR,LIGHT
QUEENS,2026-05-29 08:00:00,14.07,0.0,26000.0,0.0,0.0,0.0,10.14,2026-05-29,8,Friday,False,True,False,5,SPRING,CLEAR,LIGHT
QUEENS,2026-05-29 09:00:00,13.67,0.0,26200.0,0.0,0.0,0.0,10.59,2026-05-29,9,Friday,False,True,False,5,SPRING,CLEAR,LIGHT
QUEENS,2026-05-29 10:00:00,13.92,0.0,27100.0,0.0,0.0,0.0,10.38,2026-05-29,10,Friday,False,False,False,5,SPRING,CLEAR,LIGHT
QUEENS,2026-05-29 11:00:00,15.47,0.0,27900.0,0.0,0.0,0.0,12.9,2026-05-29,11,Friday,False,False,False,5,SPRING,CLEAR,LIGHT
QUEENS,2026-05-29 12:00:00,16.62,0.0,29100.0,0.0,0.0,0.0,15.14,2026-05-29,12,Friday,False,False,False,5,SPRING,CLEAR,LIGHT
QUEENS,2026-05-29 13:00:00,17.77,0.0,28000.0,0.0,0.0,0.0,12.1,2026-05-29,13,Friday,False,False,False,5,SPRING,CLEAR,LIGHT
QUEENS,2026-05-29 14:00:00,20.17,0.0,36000.0,0.0,0.0,0.0,12.39,2026-05-29,14,Friday,False,False,False,5,SPRING,CLEAR,LIGHT
QUEENS,2026-05-29 15:00:00,21.47,0.0,44200.0,0.0,0.0,0.0,11.71,2026-05-29,15,Friday,False,False,False,5,SPRING,CLEAR,LIGHT
QUEENS,2026-05-29 16:00:00,23.07,0.0,53200.0,0.0,0.0,0.0,8.85,2026-05-29,16,Friday,False,True,False,5,SPRING,CLEAR,LIGHT
QUEENS,2026-05-29 17:00:00,24.22,0.0,58300.0,0.0,0.0,0.0,12.68,2026-05-29,17,Friday,False,True,False,5,SPRING,CLEAR,LIGHT
QUEENS,2026-05-29 18:00:00,25.17,0.0,60200.0,0.0,0.0,0.0,14.66,2026-05-29,18,Friday,False,True,False,5,SPRING,CLEAR,LIGHT
QUEENS,2026-05-29 19:00:00,24.87,0.0,54600.0,0.0,0.0,0.0,16.42,2026-05-29,19,Friday,False,True,False,5,SPRING,CLEAR,LIGHT
QUEENS,2026-05-29 20:00:00,24.87,0.0,52600.0,0.0,0.0,0.0,20.38,2026-05-29,20,Friday,False,False,True,5,SPRING,CLEAR,LIGHT
QUEENS,2026-05-29 21:00:00,20.92,0.0,33500.0,0.0,0.0,0.0,27.7,2026-05-29,21,Friday,False,False,True,5,SPRING,CLEAR,LIGHT
QUEENS,2026-05-29 22:00:00,19.52,0.0,24800.0,0.0,0.0,0.0,25.48,2026-05-29,22,Friday,False,False,True,5,SPRING,CLEAR,LIGHT
QUEENS,2026-05-29 23:00:00,17.82,0.0,16300.0,0.0,0.0,0.0,19.49,2026-05-29,23,Friday,False,False,True,5,SPRING,CLEAR,LIGHT
QUEENS,2026-05-30 00:00:00,17.62,0.0,19400.0,0.0,0.0,0.0,11.79,2026-05-30,0,Saturday,True,False,True,5,SPRING,CLEAR,LIGHT
QUEENS,2026-05-30 01:00:00,18.27,0.0,21500.0,0.0,0.0,0.0,9.39,2026-05-30,1,Saturday,True,False,True,5,SPRING,CLEAR,LIGHT
QUEENS,2026-05-30 02:00:00,19.02,0.0,31400.0,0.0,0.0,0.0,13.04,2026-05-30,2,Saturday,True,False,True,5,SPRING,CLEAR,LIGHT
QUEENS,2026-05-30 03:00:00,19.02,0.0,32600.0,0.0,0.0,0.0,8.29,2026-05-30,3,Saturday,True,False,True,5,SPRING,CLEAR,LIGHT
QUEENS,2026-05-30 04:00:00,18.67,0.0,29800.0,0.0,0.0,0.0,14.78,2026-05-30,4,Saturday,True,False,True,5,SPRING,CLEAR,LIGHT
QUEENS,2026-05-30 05:00:00,17.57,0.0,24900.0,0.0,0.0,0.0,10.39,2026-05-30,5,Saturday,True,False,True,5,SPRING,CLEAR,LIGHT
QUEENS,2026-05-30 06:00:00,17.12,0.0,26100.0,0.0,0.0,0.0,14.98,2026-05-30,6,Saturday,True,False,False,5,SPRING,CLEAR,LIGHT
QUEENS,2026-05-30 07:00:00,17.72,0.0,43500.0,0.0,0.0,0.0,19.09,2026-05-30,7,Saturday,True,True,False,5,SPRING,CLEAR,LIGHT
QUEENS,2026-05-30 08:00:00,15.07,0.0,43800.0,0.0,0.0,0.0,27.75,2026-05-30,8,Saturday,True,True,False,5,SPRING,CLEAR,LIGHT
QUEENS,2026-05-30 09:00:00,12.62,0.0,41200.0,0.0,0.0,0.0,26.23,2026-05-30,9,Saturday,True,True,False,5,SPRING,CLEAR,LIGHT
QUEENS,2026-05-30 10:00:00,11.72,0.0,37900.0,0.0,0.0,0.0,25.26,2026-05-30,10,Saturday,True,False,False,5,SPRING,CLEAR,LIGHT
QUEENS,2026-05-30 11:00:00,12.12,0.0,34700.0,0.0,0.0,0.0,26.32,2026-05-30,11,Saturday,True,False,False,5,SPRING,CLEAR,LIGHT
QUEENS,2026-05-30 12:00:00,13.12,0.0,35200.0,0.0,0.0,0.0,29.96,2026-05-30,12,Saturday,True,False,False,5,SPRING,CLEAR,LIGHT
QUEENS,2026-05-30 13:00:00,14.22,0.0,37700.0,0.0,0.0,0.0,28.77,2026-05-30,13,Saturday,True,False,False,5,SPRING,CLEAR,LIGHT
QUEENS,2026-05-30 14:00:00,14.97,0.0,37700.0,0.0,0.0,0.0,28.8,2026-05-30,14,Saturday,True,False,False,5,SPRING,CLEAR,LIGHT
QUEENS,2026-05-30 15:00:00,14.72,0.0,29900.0,0.0,0.0,0.0,31.44,2026-05-30,15,Saturday,True,False,False,5,SPRING,WIND,MODERATE
QUEENS,2026-05-30 16:00:00,15.32,0.0,36500.0,0.0,0.0,0.0,31.77,2026-05-30,16,Saturday,True,True,False,5,SPRING,WIND,MODERATE
QUEENS,2026-05-30 17:00:00,15.22,0.0,33300.0,0.0,0.0,0.0,31.71,2026-05-30,17,Saturday,True,True,False,5,SPRING,WIND,MODERATE
QUEENS,2026-05-30 18:00:00,15.02,0.0,34700.0,0.0,0.0,0.0,30.63,2026-05-30,18,Saturday,True,True,False,5,SPRING,WIND,MODERATE
QUEENS,2026-05-30 19:00:00,14.12,0.0,34100.0,0.0,0.0,0.0,27.06,2026-05-30,19,Saturday,True,True,False,5,SPRING,CLEAR,LIGHT
QUEENS,2026-05-30 20:00:00,14.27,0.0,30400.0,0.0,0.0,0.0,24.84,2026-05-30,20,Saturday,True,False,True,5,SPRING,CLEAR,LIGHT
QUEENS,2026-05-30 21:00:00,14.12,0.0,26700.0,0.0,0.0,0.0,20.55,2026-05-30,21,Saturday,True,False,True,5,SPRING,CLEAR,LIGHT
QUEENS,2026-05-30 22:00:00,15.27,0.0,36700.0,0.0,0.0,0.0,18.2,2026-05-30,22,Saturday,True,False,True,5,SPRING,CLEAR,LIGHT
QUEENS,2026-05-30 23:00:00,14.62,0.0,32400.0,0.0,0.0,0.0,12.03,2026-05-30,23,Saturday,True,False,True,5,SPRING,CLEAR,LIGHT
QUEENS,2026-05-31 00:00:00,13.02,0.0,32800.0,0.0,0.0,0.0,10.81,2026-05-31,0,Sunday,True,False,True,5,SPRING,CLEAR,LIGHT
QUEENS,2026-05-31 01:00:00,11.82,0.0,31000.0,0.0,0.0,0.0,11.17,2026-05-31,1,Sunday,True,False,True,5,SPRING,CLEAR,LIGHT
QUEENS,2026-05-31 02:00:00,10.62,0.0,26700.0,0.0,0.0,0.0,4.69,2026-05-31,2,Sunday,True,False,True,5,SPRING,CLEAR,LIGHT
QUEENS,2026-05-31 03:00:00,9.67,0.0,20300.0,0.0,0.0,0.0,4.83,2026-05-31,3,Sunday,True,False,True,5,SPRING,CLEAR,LIGHT
QUEENS,2026-05-31 04:00:00,9.42,0.0,21800.0,0.0,0.0,0.0,4.55,2026-05-31,4,Sunday,True,False,True,5,SPRING,CLEAR,LIGHT
QUEENS,2026-05-31 05:00:00,9.02,0.0,21200.0,0.0,0.0,0.0,4.68,2026-05-31,5,Sunday,True,False,True,5,SPRING,CLEAR,LIGHT
QUEENS,2026-05-31 06:00:00,8.97,0.0,20600.0,0.0,0.0,0.0,5.15,2026-05-31,6,Sunday,True,False,False,5,SPRING,CLEAR,LIGHT
QUEENS,2026-05-31 07:00:00,8.47,0.0,16700.0,0.0,0.0,0.0,3.05,2026-05-31,7,Sunday,True,True,False,5,SPRING,CLEAR,LIGHT
QUEENS,2026-05-31 08:00:00,8.22,0.0,15900.0,0.0,0.0,0.0,6.12,2026-05-31,8,Sunday,True,True,False,5,SPRING,CLEAR,LIGHT
QUEENS,2026-05-31 09:00:00,8.17,0.0,23800.0,0.0,0.0,0.0,5.9,2026-05-31,9,Sunday,True,True,False,5,SPRING,CLEAR,LIGHT
QUEENS,2026-05-31 10:00:00,8.02,0.0,19800.0,0.0,0.0,0.0,5.82,2026-05-31,10,Sunday,True,False,False,5,SPRING,CLEAR,LIGHT
QUEENS,2026-05-31 11:00:00,10.57,0.0,23900.0,0.0,0.0,0.0,6.7,2026-05-31,11,Sunday,True,False,False,5,SPRING,CLEAR,LIGHT
QUEENS,2026-05-31 12:00:00,13.62,0.0,33700.0,0.0,0.0,0.0,6.3,2026-05-31,12,Sunday,True,False,False,5,SPRING,CLEAR,LIGHT
QUEENS,2026-05-31 13:00:00,15.97,0.0,39700.0,0.0,0.0,0.0,7.64,2026-05-31,13,Sunday,True,False,False,5,SPRING,CLEAR,LIGHT
QUEENS,2026-05-31 14:00:00,18.42,0.0,44900.0,0.0,0.0,0.0,8.05,2026-05-31,14,Sunday,True,False,False,5,SPRING,CLEAR,LIGHT
QUEENS,2026-05-31 15:00:00,19.67,0.0,40900.0,0.0,0.0,0.0,9.09,2026-05-31,15,Sunday,True,False,False,5,SPRING,CLEAR,LIGHT
QUEENS,2026-05-31 16:00:00,21.52,0.0,48400.0,0.0,0.0,0.0,10.63,2026-05-31,16,Sunday,True,True,False,5,SPRING,CLEAR,LIGHT
QUEENS,2026-05-31 17:00:00,23.17,0.0,54300.0,0.0,0.0,0.0,14.93,2026-05-31,17,Sunday,True,True,False,5,SPRING,CLEAR,LIGHT
QUEENS,2026-05-31 18:00:00,22.12,0.0,45700.0,0.0,0.0,0.0,17.7,2026-05-31,18,Sunday,True,True,False,5,SPRING,CLEAR,LIGHT
QUEENS,2026-05-31 19:00:00,22.12,0.0,40500.0,0.0,0.0,0.0,17.64,2026-05-31,19,Sunday,True,True,False,5,SPRING,CLEAR,LIGHT
QUEENS,2026-05-31 20:00:00,21.27,0.0,39900.0,0.0,0.0,0.0,15.88,2026-05-31,20,Sunday,True,False,True,5,SPRING,CLEAR,LIGHT
QUEENS,2026-05-31 21:00:00,22.47,0.0,55800.0,0.0,0.0,0.0,10.09,2026-05-31,21,Sunday,True,False,True,5,SPRING,CLEAR,LIGHT
QUEENS,2026-05-31 22:00:00,23.52,0.0,70200.0,0.0,0.0,0.0,20.32,2026-05-31,22,Sunday,True,False,True,5,SPRING,CLEAR,LIGHT
QUEENS,2026-05-31 23:00:00,22.37,0.0,60300.0,0.0,0.0,0.0,6.41,2026-05-31,23,Sunday,True,False,True,5,SPRING,CLEAR,LIGHT
QUEENS,2026-06-01 00:00:00,22.47,0.0,71000.0,0.0,0.0,0.0,9.79,2026-06-01,0,Monday,False,False,True,6,SUMMER,CLEAR,LIGHT
QUEENS,2026-06-01 01:00:00,20.82,0.0,68700.0,0.0,0.0,0.0,7.77,2026-06-01,1,Monday,False,False,True,6,SUMMER,CLEAR,LIGHT
QUEENS,2026-06-01 02:00:00,19.62,0.0,55600.0,0.0,0.0,0.0,8.83,2026-06-01,2,Monday,False,False,True,6,SUMMER,CLEAR,LIGHT
QUEENS,2026-06-01 03:00:00,18.97,0.0,55900.0,0.0,0.0,0.0,7.57,2026-06-01,3,Monday,False,False,True,6,SUMMER,CLEAR,LIGHT
QUEENS,2026-06-01 04:00:00,18.12,0.0,41400.0,0.0,0.0,0.0,6.79,2026-06-01,4,Monday,False,False,True,6,SUMMER,CLEAR,LIGHT
QUEENS,2026-06-01 05:00:00,16.37,0.0,27900.0,0.0,0.0,0.0,12.78,2026-06-01,5,Monday,False,False,True,6,SUMMER,CLEAR,LIGHT
QUEENS,2026-06-01 06:00:00,15.37,0.0,27400.0,0.0,0.0,0.0,12.22,2026-06-01,6,Monday,False,False,False,6,SUMMER,CLEAR,LIGHT
QUEENS,2026-06-01 07:00:00,14.27,0.0,23100.0,0.0,0.0,0.0,8.4,2026-06-01,7,Monday,False,True,False,6,SUMMER,CLEAR,LIGHT
QUEENS,2026-06-01 08:00:00,14.12,0.0,22600.0,0.0,0.0,0.0,3.71,2026-06-01,8,Monday,False,True,False,6,SUMMER,CLEAR,LIGHT
QUEENS,2026-06-01 09:00:00,13.97,0.0,24800.0,0.0,0.0,0.0,5.62,2026-06-01,9,Monday,False,True,False,6,SUMMER,CLEAR,LIGHT
QUEENS,2026-06-01 10:00:00,14.37,0.0,21300.0,0.0,0.0,0.0,8.71,2026-06-01,10,Monday,False,False,False,6,SUMMER,CLEAR,LIGHT
QUEENS,2026-06-01 11:00:00,15.37,0.0,19000.0,0.0,0.0,0.0,4.1,2026-06-01,11,Monday,False,False,False,6,SUMMER,CLEAR,LIGHT
QUEENS,2026-06-01 12:00:00,17.32,0.0,25000.0,0.0,0.0,0.0,6.11,2026-06-01,12,Monday,False,False,False,6,SUMMER,CLEAR,LIGHT
QUEENS,2026-06-01 13:00:00,17.72,0.0,24200.0,0.0,0.0,0.0,3.6,2026-06-01,13,Monday,False,False,False,6,SUMMER,CLEAR,LIGHT
QUEENS,2026-06-01 14:00:00,19.67,0.0,32400.0,0.0,0.0,0.0,15.84,2026-06-01,14,Monday,False,False,False,6,SUMMER,CLEAR,LIGHT
QUEENS,2026-06-01 15:00:00,20.17,0.0,35600.0,0.0,0.0,0.0,15.54,2026-06-01,15,Monday,False,False,False,6,SUMMER,CLEAR,LIGHT
QUEENS,2026-06-01 16:00:00,20.72,0.0,37800.0,0.0,0.0,0.0,17.17,2026-06-01,16,Monday,False,True,False,6,SUMMER,CLEAR,LIGHT
QUEENS,2026-06-01 17:00:00,21.82,0.0,45000.0,0.0,0.0,0.0,14.35,2026-06-01,17,Monday,False,True,False,6,SUMMER,CLEAR,LIGHT
QUEENS,2026-06-01 18:00:00,20.47,0.0,35800.0,0.0,0.0,0.0,13.68,2026-06-01,18,Monday,False,True,False,6,SUMMER,CLEAR,LIGHT
QUEENS,2026-06-01 19:00:00,20.12,0.0,29700.0,0.0,0.0,0.0,16.42,2026-06-01,19,Monday,False,True,False,6,SUMMER,CLEAR,LIGHT
QUEENS,2026-06-01 20:00:00,19.12,0.0,30400.0,0.0,0.0,0.0,17.73,2026-06-01,20,Monday,False,False,True,6,SUMMER,CLEAR,LIGHT
QUEENS,2026-06-01 21:00:00,20.42,0.0,40700.0,0.0,0.0,0.0,14.58,2026-06-01,21,Monday,False,False,True,6,SUMMER,CLEAR,LIGHT
QUEENS,2026-06-01 22:00:00,18.22,0.0,32400.0,0.0,0.0,0.0,15.03,2026-06-01,22,Monday,False,False,True,6,SUMMER,CLEAR,LIGHT
QUEENS,2026-06-01 23:00:00,15.82,0.0,21700.0,0.0,0.0,0.0,15.19,2026-06-01,23,Monday,False,False,True,6,SUMMER,CLEAR,LIGHT
QUEENS,2026-06-02 00:00:00,14.97,0.0,24500.0,0.0,0.0,0.0,12.31,2026-06-02,0,Tuesday,False,False,True,6,SUMMER,CLEAR,LIGHT
QUEENS,2026-06-02 01:00:00,13.52,0.0,20900.0,0.0,0.0,0.0,7.56,2026-06-02,1,Tuesday,False,False,True,6,SUMMER,CLEAR,LIGHT
QUEENS,2026-06-02 02:00:00,12.62,0.0,19500.0,0.0,0.0,0.0,3.55,2026-06-02,2,Tuesday,False,False,True,6,SUMMER,CLEAR,LIGHT
QUEENS,2026-06-02 03:00:00,11.77,0.0,19400.0,0.0,0.0,0.0,2.74,2026-06-02,3,Tuesday,False,False,True,6,SUMMER,CLEAR,LIGHT
BRONX,2026-05-03 04:00:00,0.0,0.0,0.0,0.0,0.0,0.0,0.0,2026-05-03,4,Sunday,True,False,True,5,SPRING,FOG,SEVERE
BRONX,2026-05-03 05:00:00,0.0,0.0,0.0,0.0,0.0,0.0,0.0,2026-05-03,5,Sunday,True,False,True,5,SPRING,FOG,SEVERE
BRONX,2026-05-03 06:00:00,0.0,0.0,0.0,0.0,0.0,0.0,0.0,2026-05-03,6,Sunday,True,False,False,5,SPRING,FOG,SEVERE
BRONX,2026-05-03 07:00:00,0.0,0.0,0.0,0.0,0.0,0.0,0.0,2026-05-03,7,Sunday,True,True,False,5,SPRING,FOG,SEVERE
BRONX,2026-05-03 08:00:00,0.0,0.0,0.0,0.0,0.0,0.0,0.0,2026-05-03,8,Sunday,True,True,False,5,SPRING,FOG,SEVERE
BRONX,2026-05-03 09:00:00,0.0,0.0,0.0,0.0,0.0,0.0,0.0,2026-05-03,9,Sunday,True,True,False,5,SPRING,FOG,SEVERE
BRONX,2026-05-03 10:00:00,0.0,0.0,0.0,0.0,0.0,0.0,0.0,2026-05-03,10,Sunday,True,False,False,5,SPRING,FOG,SEVERE
BRONX,2026-05-03 11:00:00,0.0,0.0,0.0,0.0,0.0,0.0,0.0,2026-05-03,11,Sunday,True,False,False,5,SPRING,FOG,SEVERE
BRONX,2026-05-03 12:00:00,0.0,0.0,0.0,0.0,0.0,0.0,0.0,2026-05-03,12,Sunday,True,False,False,5,SPRING,FOG,SEVERE
BRONX,2026-05-03 13:00:00,0.0,0.0,0.0,0.0,0.0,0.0,0.0,2026-05-03,13,Sunday,True,False,False,5,SPRING,FOG,SEVERE
BRONX,2026-05-03 14:00:00,0.0,0.0,0.0,0.0,0.0,0.0,0.0,2026-05-03,14,Sunday,True,False,False,5,SPRING,FOG,SEVERE
BRONX,2026-05-03 15:00:00,0.0,0.0,0.0,0.0,0.0,0.0,0.0,2026-05-03,15,Sunday,True,False,False,5,SPRING,FOG,SEVERE
BRONX,2026-05-03 16:00:00,0.0,0.0,0.0,0.0,0.0,0.0,0.0,2026-05-03,16,Sunday,True,True,False,5,SPRING,FOG,SEVERE
BRONX,2026-05-03 17:00:00,0.0,0.0,0.0,0.0,0.0,0.0,0.0,2026-05-03,17,Sunday,True,True,False,5,SPRING,FOG,SEVERE
BRONX,2026-05-03 18:00:00,0.0,0.0,0.0,0.0,0.0,0.0,0.0,2026-05-03,18,Sunday,True,True,False,5,SPRING,FOG,SEVERE
BRONX,2026-05-03 19:00:00,0.0,0.0,0.0,0.0,0.0,0.0,0.0,2026-05-03,19,Sunday,True,True,False,5,SPRING,FOG,SEVERE
BRONX,2026-05-03 20:00:00,0.0,0.0,0.0,0.0,0.0,0.0,0.0,2026-05-03,20,Sunday,True,False,True,5,SPRING,FOG,SEVERE
BRONX,2026-05-03 21:00:00,0.0,0.0,0.0,0.0,0.0,0.0,0.0,2026-05-03,21,Sunday,True,False,True,5,SPRING,FOG,SEVERE
BRONX,2026-05-03 22:00:00,0.0,0.0,0.0,0.0,0.0,0.0,0.0,2026-05-03,22,Sunday,True,False,True,5,SPRING,FOG,SEVERE
BRONX,2026-05-03 23:00:00,0.0,0.0,0.0,0.0,0.0,0.0,0.0,2026-05-03,23,Sunday,True,False,True,5,SPRING,FOG,SEVERE
BRONX,2026-05-04 00:00:00,0.0,0.0,0.0,0.0,0.0,0.0,0.0,2026-05-04,0,Monday,False,False,True,5,SPRING,FOG,SEVERE
BRONX,2026-05-04 01:00:00,0.0,0.0,0.0,0.0,0.0,0.0,0.0,2026-05-04,1,Monday,False,False,True,5,SPRING,FOG,SEVERE
BRONX,2026-05-04 02:00:00,0.0,0.0,0.0,0.0,0.0,0.0,0.0,2026-05-04,2,Monday,False,False,True,5,SPRING,FOG,SEVERE
BRONX,2026-05-04 03:00:00,0.0,0.0,0.0,0.0,0.0,0.0,0.0,2026-05-04,3,Monday,False,False,True,5,SPRING,FOG,SEVERE
BRONX,2026-05-04 04:00:00,0.0,0.0,0.0,0.0,0.0,0.0,0.0,2026-05-04,4,Monday,False,False,True,5,SPRING,FOG,SEVERE
BRONX,2026-05-04 05:00:00,0.0,0.0,0.0,0.0,0.0,0.0,0.0,2026-05-04,5,Monday,False,False,True,5,SPRING,FOG,SEVERE
BRONX,2026-05-04 06:00:00,0.0,0.0,0.0,0.0,0.0,0.0,0.0,2026-05-04,6,Monday,False,False,False,5,SPRING,FOG,SEVERE
BRONX,2026-05-04 07:00:00,0.0,0.0,0.0,0.0,0.0,0.0,0.0,2026-05-04,7,Monday,False,True,False,5,SPRING,FOG,SEVERE
BRONX,2026-05-04 08:00:00,0.0,0.0,0.0,0.0,0.0,0.0,0.0,2026-05-04,8,Monday,False,True,False,5,SPRING,FOG,SEVERE
BRONX,2026-05-04 09:00:00,0.0,0.0,0.0,0.0,0.0,0.0,0.0,2026-05-04,9,Monday,False,True,False,5,SPRING,FOG,SEVERE
BRONX,2026-05-04 10:00:00,0.0,0.0,0.0,0.0,0.0,0.0,0.0,2026-05-04,10,Monday,False,False,False,5,SPRING,FOG,SEVERE
BRONX,2026-05-04 11:00:00,0.0,0.0,0.0,0.0,0.0,0.0,0.0,2026-05-04,11,Monday,False,False,False,5,SPRING,FOG,SEVERE
BRONX,2026-05-04 12:00:00,0.0,0.0,0.0,0.0,0.0,0.0,0.0,2026-05-04,12,Monday,False,False,False,5,SPRING,FOG,SEVERE
BRONX,2026-05-04 13:00:00,0.0,0.0,0.0,0.0,0.0,0.0,0.0,2026-05-04,13,Monday,False,False,False,5,SPRING,FOG,SEVERE
BRONX,2026-05-04 14:00:00,0.0,0.0,0.0,0.0,0.0,0.0,0.0,2026-05-04,14,Monday,False,False,False,5,SPRING,FOG,SEVERE
BRONX,2026-05-04 15:00:00,0.0,0.0,0.0,0.0,0.0,0.0,0.0,2026-05-04,15,Monday,False,False,False,5,SPRING,FOG,SEVERE
BRONX,2026-05-04 16:00:00,0.0,0.0,0.0,0.0,0.0,0.0,0.0,2026-05-04,16,Monday,False,True,False,5,SPRING,FOG,SEVERE
BRONX,2026-05-04 17:00:00,0.0,0.0,0.0,0.0,0.0,0.0,0.0,2026-05-04,17,Monday,False,True,False,5,SPRING,FOG,SEVERE
BRONX,2026-05-04 18:00:00,0.0,0.0,0.0,0.0,0.0,0.0,0.0,2026-05-04,18,Monday,False,True,False,5,SPRING,FOG,SEVERE
BRONX,2026-05-04 19:00:00,0.0,0.0,0.0,0.0,0.0,0.0,0.0,2026-05-04,19,Monday,False,True,False,5,SPRING,FOG,SEVERE
BRONX,2026-05-04 20:00:00,0.0,0.0,0.0,0.0,0.0,0.0,0.0,2026-05-04,20,Monday,False,False,True,5,SPRING,FOG,SEVERE
BRONX,2026-05-04 21:00:00,0.0,0.0,0.0,0.0,0.0,0.0,0.0,2026-05-04,21,Monday,False,False,True,5,SPRING,FOG,SEVERE
BRONX,2026-05-04 22:00:00,0.0,0.0,0.0,0.0,0.0,0.0,0.0,2026-05-04,22,Monday,False,False,True,5,SPRING,FOG,SEVERE
BRONX,2026-05-04 23:00:00,0.0,0.0,0.0,0.0,0.0,0.0,0.0,2026-05-04,23,Monday,False,False,True,5,SPRING,FOG,SEVERE
BRONX,2026-05-05 00:00:00,0.0,0.0,0.0,0.0,0.0,0.0,0.0,2026-05-05,0,Tuesday,False,False,True,5,SPRING,FOG,SEVERE
BRONX,2026-05-05 01:00:00,0.0,0.0,0.0,0.0,0.0,0.0,0.0,2026-05-05,1,Tuesday,False,False,True,5,SPRING,FOG,SEVERE
BRONX,2026-05-05 02:00:00,0.0,0.0,0.0,0.0,0.0,0.0,0.0,2026-05-05,2,Tuesday,False,False,True,5,SPRING,FOG,SEVERE
BRONX,2026-05-05 03:00:00,0.0,0.0,0.0,0.0,0.0,0.0,0.0,2026-05-05,3,Tuesday,False,False,True,5,SPRING,FOG,SEVERE
BRONX,2026-05-05 04:00:00,0.0,0.0,0.0,0.0,0.0,0.0,0.0,2026-05-05,4,Tuesday,False,False,True,5,SPRING,FOG,SEVERE
BRONX,2026-05-05 05:00:00,0.0,0.0,0.0,0.0,0.0,0.0,0.0,2026-05-05,5,Tuesday,False,False,True,5,SPRING,FOG,SEVERE
BRONX,2026-05-05 06:00:00,0.0,0.0,0.0,0.0,0.0,0.0,0.0,2026-05-05,6,Tuesday,False,False,False,5,SPRING,FOG,SEVERE
BRONX,2026-05-05 07:00:00,0.0,0.0,0.0,0.0,0.0,0.0,0.0,2026-05-05,7,Tuesday,False,True,False,5,SPRING,FOG,SEVERE
BRONX,2026-05-05 08:00:00,0.0,0.0,0.0,0.0,0.0,0.0,0.0,2026-05-05,8,Tuesday,False,True,False,5,SPRING,FOG,SEVERE
BRONX,2026-05-05 09:00:00,0.0,0.0,0.0,0.0,0.0,0.0,0.0,2026-05-05,9,Tuesday,False,True,False,5,SPRING,FOG,SEVERE
BRONX,2026-05-05 10:00:00,0.0,0.0,0.0,0.0,0.0,0.0,0.0,2026-05-05,10,Tuesday,False,False,False,5,SPRING,FOG,SEVERE
BRONX,2026-05-05 11:00:00,0.0,0.0,0.0,0.0,0.0,0.0,0.0,2026-05-05,11,Tuesday,False,False,False,5,SPRING,FOG,SEVERE
BRONX,2026-05-05 12:00:00,0.0,0.0,0.0,0.0,0.0,0.0,0.0,2026-05-05,12,Tuesday,False,False,False,5,SPRING,FOG,SEVERE
BRONX,2026-05-05 13:00:00,0.0,0.0,0.0,0.0,0.0,0.0,0.0,2026-05-05,13,Tuesday,False,False,False,5,SPRING,FOG,SEVERE
BRONX,2026-05-05 14:00:00,0.0,0.0,0.0,0.0,0.0,0.0,0.0,2026-05-05,14,Tuesday,False,False,False,5,SPRING,FOG,SEVERE
BRONX,2026-05-05 15:00:00,0.0,0.0,0.0,0.0,0.0,0.0,0.0,2026-05-05,15,Tuesday,False,False,False,5,SPRING,FOG,SEVERE
BRONX,2026-05-05 16:00:00,0.0,0.0,0.0,0.0,0.0,0.0,0.0,2026-05-05,16,Tuesday,False,True,False,5,SPRING,FOG,SEVERE
BRONX,2026-05-05 17:00:00,0.0,0.0,0.0,0.0,0.0,0.0,0.0,2026-05-05,17,Tuesday,False,True,False,5,SPRING,FOG,SEVERE
BRONX,2026-05-05 18:00:00,0.0,0.0,0.0,0.0,0.0,0.0,0.0,2026-05-05,18,Tuesday,False,True,False,5,SPRING,FOG,SEVERE
BRONX,2026-05-05 19:00:00,0.0,0.0,0.0,0.0,0.0,0.0,0.0,2026-05-05,19,Tuesday,False,True,False,5,SPRING,FOG,SEVERE
BRONX,2026-05-05 20:00:00,0.0,0.0,0.0,0.0,0.0,0.0,0.0,2026-05-05,20,Tuesday,False,False,True,5,SPRING,FOG,SEVERE
BRONX,2026-05-05 21:00:00,0.0,0.0,0.0,0.0,0.0,0.0,0.0,2026-05-05,21,Tuesday,False,False,True,5,SPRING,FOG,SEVERE
BRONX,2026-05-05 22:00:00,0.0,0.0,0.0,0.0,0.0,0.0,0.0,2026-05-05,22,Tuesday,False,False,True,5,SPRING,FOG,SEVERE
BRONX,2026-05-05 23:00:00,0.0,0.0,0.0,0.0,0.0,0.0,0.0,2026-05-05,23,Tuesday,False,False,True,5,SPRING,FOG,SEVERE
BRONX,2026-05-06 00:00:00,0.0,0.0,0.0,0.0,0.0,0.0,0.0,2026-05-06,0,Wednesday,False,False,True,5,SPRING,FOG,SEVERE
BRONX,2026-05-06 01:00:00,0.0,0.0,0.0,0.0,0.0,0.0,0.0,2026-05-06,1,Wednesday,False,False,True,5,SPRING,FOG,SEVERE
BRONX,2026-05-06 02:00:00,0.0,0.0,0.0,0.0,0.0,0.0,0.0,2026-05-06,2,Wednesday,False,False,True,5,SPRING,FOG,SEVERE
BRONX,2026-05-06 03:00:00,0.0,0.0,0.0,0.0,0.0,0.0,0.0,2026-05-06,3,Wednesday,False,False,True,5,SPRING,FOG,SEVERE
BRONX,2026-05-06 04:00:00,0.0,0.0,0.0,0.0,0.0,0.0,0.0,2026-05-06,4,Wednesday,False,False,True,5,SPRING,FOG,SEVERE
BRONX,2026-05-06 05:00:00,0.0,0.0,0.0,0.0,0.0,0.0,0.0,2026-05-06,5,Wednesday,False,False,True,5,SPRING,FOG,SEVERE
BRONX,2026-05-06 06:00:00,0.0,0.0,0.0,0.0,0.0,0.0,0.0,2026-05-06,6,Wednesday,False,False,False,5,SPRING,FOG,SEVERE
BRONX,2026-05-06 07:00:00,0.0,0.0,0.0,0.0,0.0,0.0,0.0,2026-05-06,7,Wednesday,False,True,False,5,SPRING,FOG,SEVERE
BRONX,2026-05-06 08:00:00,0.0,0.0,0.0,0.0,0.0,0.0,0.0,2026-05-06,8,Wednesday,False,True,False,5,SPRING,FOG,SEVERE
BRONX,2026-05-06 09:00:00,0.0,0.0,0.0,0.0,0.0,0.0,0.0,2026-05-06,9,Wednesday,False,True,False,5,SPRING,FOG,SEVERE
BRONX,2026-05-06 10:00:00,0.0,0.0,0.0,0.0,0.0,0.0,0.0,2026-05-06,10,Wednesday,False,False,False,5,SPRING,FOG,SEVERE
BRONX,2026-05-06 11:00:00,0.0,0.0,0.0,0.0,0.0,0.0,0.0,2026-05-06,11,Wednesday,False,False,False,5,SPRING,FOG,SEVERE
BRONX,2026-05-06 12:00:00,0.0,0.0,0.0,0.0,0.0,0.0,0.0,2026-05-06,12,Wednesday,False,False,False,5,SPRING,FOG,SEVERE
BRONX,2026-05-06 13:00:00,0.0,0.0,0.0,0.0,0.0,0.0,0.0,2026-05-06,13,Wednesday,False,False,False,5,SPRING,FOG,SEVERE
BRONX,2026-05-06 14:00:00,0.0,0.0,0.0,0.0,0.0,0.0,0.0,2026-05-06,14,Wednesday,False,False,False,5,SPRING,FOG,SEVERE
BRONX,2026-05-06 15:00:00,0.0,0.0,0.0,0.0,0.0,0.0,0.0,2026-05-06,15,Wednesday,False,False,False,5,SPRING,FOG,SEVERE
BRONX,2026-05-06 16:00:00,0.0,0.0,0.0,0.0,0.0,0.0,0.0,2026-05-06,16,Wednesday,False,True,False,5,SPRING,FOG,SEVERE
BRONX,2026-05-06 17:00:00,0.0,0.0,0.0,0.0,0.0,0.0,0.0,2026-05-06,17,Wednesday,False,True,False,5,SPRING,FOG,SEVERE
BRONX,2026-05-06 18:00:00,0.0,0.0,0.0,0.0,0.0,0.0,0.0,2026-05-06,18,Wednesday,False,True,False,5,SPRING,FOG,SEVERE
BRONX,2026-05-06 19:00:00,0.0,0.0,0.0,0.0,0.0,0.0,0.0,2026-05-06,19,Wednesday,False,True,False,5,SPRING,FOG,SEVERE
BRONX,2026-05-06 20:00:00,0.0,0.0,0.0,0.0,0.0,0.0,0.0,2026-05-06,20,Wednesday,False,False,True,5,SPRING,FOG,SEVERE
BRONX,2026-05-06 21:00:00,0.0,0.0,0.0,0.0,0.0,0.0,0.0,2026-05-06,21,Wednesday,False,False,True,5,SPRING,FOG,SEVERE
BRONX,2026-05-06 22:00:00,0.0,0.0,0.0,0.0,0.0,0.0,0.0,2026-05-06,22,Wednesday,False,False,True,5,SPRING,FOG,SEVERE
BRONX,2026-05-06 23:00:00,0.0,0.0,0.0,0.0,0.0,0.0,0.0,2026-05-06,23,Wednesday,False,False,True,5,SPRING,FOG,SEVERE
BRONX,2026-05-07 00:00:00,0.0,0.0,0.0,0.0,0.0,0.0,0.0,2026-05-07,0,Thursday,False,False,True,5,SPRING,FOG,SEVERE
BRONX,2026-05-07 01:00:00,0.0,0.0,0.0,0.0,0.0,0.0,0.0,2026-05-07,1,Thursday,False,False,True,5,SPRING,FOG,SEVERE
BRONX,2026-05-07 02:00:00,0.0,0.0,0.0,0.0,0.0,0.0,0.0,2026-05-07,2,Thursday,False,False,True,5,SPRING,FOG,SEVERE
BRONX,2026-05-07 03:00:00,0.0,0.0,0.0,0.0,0.0,0.0,0.0,2026-05-07,3,Thursday,False,False,True,5,SPRING,FOG,SEVERE
BRONX,2026-05-07 04:00:00,0.0,0.0,0.0,0.0,0.0,0.0,0.0,2026-05-07,4,Thursday,False,False,True,5,SPRING,FOG,SEVERE
BRONX,2026-05-07 05:00:00,0.0,0.0,0.0,0.0,0.0,0.0,0.0,2026-05-07,5,Thursday,False,False,True,5,SPRING,FOG,SEVERE
BRONX,2026-05-07 06:00:00,0.0,0.0,0.0,0.0,0.0,0.0,0.0,2026-05-07,6,Thursday,False,False,False,5,SPRING,FOG,SEVERE
BRONX,2026-05-07 07:00:00,0.0,0.0,0.0,0.0,0.0,0.0,0.0,2026-05-07,7,Thursday,False,True,False,5,SPRING,FOG,SEVERE
BRONX,2026-05-07 08:00:00,0.0,0.0,0.0,0.0,0.0,0.0,0.0,2026-05-07,8,Thursday,False,True,False,5,SPRING,FOG,SEVERE
BRONX,2026-05-07 09:00:00,0.0,0.0,0.0,0.0,0.0,0.0,0.0,2026-05-07,9,Thursday,False,True,False,5,SPRING,FOG,SEVERE
BRONX,2026-05-07 10:00:00,0.0,0.0,0.0,0.0,0.0,0.0,0.0,2026-05-07,10,Thursday,False,False,False,5,SPRING,FOG,SEVERE
BRONX,2026-05-07 11:00:00,0.0,0.0,0.0,0.0,0.0,0.0,0.0,2026-05-07,11,Thursday,False,False,False,5,SPRING,FOG,SEVERE
BRONX,2026-05-07 12:00:00,0.0,0.0,0.0,0.0,0.0,0.0,0.0,2026-05-07,12,Thursday,False,False,False,5,SPRING,FOG,SEVERE
BRONX,2026-05-07 13:00:00,0.0,0.0,0.0,0.0,0.0,0.0,0.0,2026-05-07,13,Thursday,False,False,False,5,SPRING,FOG,SEVERE
BRONX,2026-05-07 14:00:00,0.0,0.0,0.0,0.0,0.0,0.0,0.0,2026-05-07,14,Thursday,False,False,False,5,SPRING,FOG,SEVERE
BRONX,2026-05-07 15:00:00,0.0,0.0,0.0,0.0,0.0,0.0,0.0,2026-05-07,15,Thursday,False,False,False,5,SPRING,FOG,SEVERE
BRONX,2026-05-07 16:00:00,0.0,0.0,0.0,0.0,0.0,0.0,0.0,2026-05-07,16,Thursday,False,True,False,5,SPRING,FOG,SEVERE
BRONX,2026-05-07 17:00:00,0.0,0.0,0.0,0.0,0.0,0.0,0.0,2026-05-07,17,Thursday,False,True,False,5,SPRING,FOG,SEVERE
BRONX,2026-05-07 18:00:00,0.0,0.0,0.0,0.0,0.0,0.0,0.0,2026-05-07,18,Thursday,False,True,False,5,SPRING,FOG,SEVERE
BRONX,2026-05-07 19:00:00,0.0,0.0,0.0,0.0,0.0,0.0,0.0,2026-05-07,19,Thursday,False,True,False,5,SPRING,FOG,SEVERE
BRONX,2026-05-07 20:00:00,0.0,0.0,0.0,0.0,0.0,0.0,0.0,2026-05-07,20,Thursday,False,False,True,5,SPRING,FOG,SEVERE
BRONX,2026-05-07 21:00:00,0.0,0.0,0.0,0.0,0.0,0.0,0.0,2026-05-07,21,Thursday,False,False,True,5,SPRING,FOG,SEVERE
BRONX,2026-05-07 22:00:00,0.0,0.0,0.0,0.0,0.0,0.0,0.0,2026-05-07,22,Thursday,False,False,True,5,SPRING,FOG,SEVERE
BRONX,2026-05-07 23:00:00,0.0,0.0,0.0,0.0,0.0,0.0,0.0,2026-05-07,23,Thursday,False,False,True,5,SPRING,FOG,SEVERE
BRONX,2026-05-08 00:00:00,0.0,0.0,0.0,0.0,0.0,0.0,0.0,2026-05-08,0,Friday,False,False,True,5,SPRING,FOG,SEVERE
BRONX,2026-05-08 01:00:00,0.0,0.0,0.0,0.0,0.0,0.0,0.0,2026-05-08,1,Friday,False,False,True,5,SPRING,FOG,SEVERE
BRONX,2026-05-08 02:00:00,0.0,0.0,0.0,0.0,0.0,0.0,0.0,2026-05-08,2,Friday,False,False,True,5,SPRING,FOG,SEVERE
BRONX,2026-05-08 03:00:00,0.0,0.0,0.0,0.0,0.0,0.0,0.0,2026-05-08,3,Friday,False,False,True,5,SPRING,FOG,SEVERE
BRONX,2026-05-08 04:00:00,0.0,0.0,0.0,0.0,0.0,0.0,0.0,2026-05-08,4,Friday,False,False,True,5,SPRING,FOG,SEVERE
BRONX,2026-05-08 05:00:00,0.0,0.0,0.0,0.0,0.0,0.0,0.0,2026-05-08,5,Friday,False,False,True,5,SPRING,FOG,SEVERE
BRONX,2026-05-08 06:00:00,0.0,0.0,0.0,0.0,0.0,0.0,0.0,2026-05-08,6,Friday,False,False,False,5,SPRING,FOG,SEVERE
BRONX,2026-05-08 07:00:00,0.0,0.0,0.0,0.0,0.0,0.0,0.0,2026-05-08,7,Friday,False,True,False,5,SPRING,FOG,SEVERE
BRONX,2026-05-08 08:00:00,0.0,0.0,0.0,0.0,0.0,0.0,0.0,2026-05-08,8,Friday,False,True,False,5,SPRING,FOG,SEVERE
BRONX,2026-05-08 09:00:00,0.0,0.0,0.0,0.0,0.0,0.0,0.0,2026-05-08,9,Friday,False,True,False,5,SPRING,FOG,SEVERE
BRONX,2026-05-08 10:00:00,0.0,0.0,0.0,0.0,0.0,0.0,0.0,2026-05-08,10,Friday,False,False,False,5,SPRING,FOG,SEVERE
BRONX,2026-05-08 11:00:00,0.0,0.0,0.0,0.0,0.0,0.0,0.0,2026-05-08,11,Friday,False,False,False,5,SPRING,FOG,SEVERE
BRONX,2026-05-08 12:00:00,0.0,0.0,0.0,0.0,0.0,0.0,0.0,2026-05-08,12,Friday,False,False,False,5,SPRING,FOG,SEVERE
BRONX,2026-05-08 13:00:00,0.0,0.0,0.0,0.0,0.0,0.0,0.0,2026-05-08,13,Friday,False,False,False,5,SPRING,FOG,SEVERE
BRONX,2026-05-08 14:00:00,0.0,0.0,0.0,0.0,0.0,0.0,0.0,2026-05-08,14,Friday,False,False,False,5,SPRING,FOG,SEVERE
BRONX,2026-05-08 15:00:00,0.0,0.0,0.0,0.0,0.0,0.0,0.0,2026-05-08,15,Friday,False,False,False,5,SPRING,FOG,SEVERE
BRONX,2026-05-08 16:00:00,0.0,0.0,0.0,0.0,0.0,0.0,0.0,2026-05-08,16,Friday,False,True,False,5,SPRING,FOG,SEVERE
BRONX,2026-05-08 17:00:00,0.0,0.0,0.0,0.0,0.0,0.0,0.0,2026-05-08,17,Friday,False,True,False,5,SPRING,FOG,SEVERE
BRONX,2026-05-08 18:00:00,0.0,0.0,0.0,0.0,0.0,0.0,0.0,2026-05-08,18,Friday,False,True,False,5,SPRING,FOG,SEVERE
BRONX,2026-05-08 19:00:00,0.0,0.0,0.0,0.0,0.0,0.0,0.0,2026-05-08,19,Friday,False,True,False,5,SPRING,FOG,SEVERE
BRONX,2026-05-08 20:00:00,0.0,0.0,0.0,0.0,0.0,0.0,0.0,2026-05-08,20,Friday,False,False,True,5,SPRING,FOG,SEVERE
BRONX,2026-05-08 21:00:00,0.0,0.0,0.0,0.0,0.0,0.0,0.0,2026-05-08,21,Friday,False,False,True,5,SPRING,FOG,SEVERE
BRONX,2026-05-08 22:00:00,0.0,0.0,0.0,0.0,0.0,0.0,0.0,2026-05-08,22,Friday,False,False,True,5,SPRING,FOG,SEVERE
BRONX,2026-05-08 23:00:00,0.0,0.0,0.0,0.0,0.0,0.0,0.0,2026-05-08,23,Friday,False,False,True,5,SPRING,FOG,SEVERE
BRONX,2026-05-09 00:00:00,0.0,0.0,0.0,0.0,0.0,0.0,0.0,2026-05-09,0,Saturday,True,False,True,5,SPRING,FOG,SEVERE
BRONX,2026-05-09 01:00:00,0.0,0.0,0.0,0.0,0.0,0.0,0.0,2026-05-09,1,Saturday,True,False,True,5,SPRING,FOG,SEVERE
BRONX,2026-05-09 02:00:00,0.0,0.0,0.0,0.0,0.0,0.0,0.0,2026-05-09,2,Saturday,True,False,True,5,SPRING,FOG,SEVERE
BRONX,2026-05-09 03:00:00,0.0,0.0,0.0,0.0,0.0,0.0,0.0,2026-05-09,3,Saturday,True,False,True,5,SPRING,FOG,SEVERE
BRONX,2026-05-09 04:00:00,0.0,0.0,0.0,0.0,0.0,0.0,0.0,2026-05-09,4,Saturday,True,False,True,5,SPRING,FOG,SEVERE
BRONX,2026-05-09 05:00:00,0.0,0.0,0.0,0.0,0.0,0.0,0.0,2026-05-09,5,Saturday,True,False,True,5,SPRING,FOG,SEVERE
BRONX,2026-05-09 06:00:00,0.0,0.0,0.0,0.0,0.0,0.0,0.0,2026-05-09,6,Saturday,True,False,False,5,SPRING,FOG,SEVERE
BRONX,2026-05-09 07:00:00,0.0,0.0,0.0,0.0,0.0,0.0,0.0,2026-05-09,7,Saturday,True,True,False,5,SPRING,FOG,SEVERE
BRONX,2026-05-09 08:00:00,0.0,0.0,0.0,0.0,0.0,0.0,0.0,2026-05-09,8,Saturday,True,True,False,5,SPRING,FOG,SEVERE
BRONX,2026-05-09 09:00:00,0.0,0.0,0.0,0.0,0.0,0.0,0.0,2026-05-09,9,Saturday,True,True,False,5,SPRING,FOG,SEVERE
BRONX,2026-05-09 10:00:00,0.0,0.0,0.0,0.0,0.0,0.0,0.0,2026-05-09,10,Saturday,True,False,False,5,SPRING,FOG,SEVERE
BRONX,2026-05-09 11:00:00,0.0,0.0,0.0,0.0,0.0,0.0,0.0,2026-05-09,11,Saturday,True,False,False,5,SPRING,FOG,SEVERE
BRONX,2026-05-09 12:00:00,0.0,0.0,0.0,0.0,0.0,0.0,0.0,2026-05-09,12,Saturday,True,False,False,5,SPRING,FOG,SEVERE
BRONX,2026-05-09 13:00:00,0.0,0.0,0.0,0.0,0.0,0.0,0.0,2026-05-09,13,Saturday,True,False,False,5,SPRING,FOG,SEVERE
BRONX,2026-05-09 14:00:00,0.0,0.0,0.0,0.0,0.0,0.0,0.0,2026-05-09,14,Saturday,True,False,False,5,SPRING,FOG,SEVERE
BRONX,2026-05-09 15:00:00,0.0,0.0,0.0,0.0,0.0,0.0,0.0,2026-05-09,15,Saturday,True,False,False,5,SPRING,FOG,SEVERE
BRONX,2026-05-09 16:00:00,0.0,0.0,0.0,0.0,0.0,0.0,0.0,2026-05-09,16,Saturday,True,True,False,5,SPRING,FOG,SEVERE
BRONX,2026-05-09 17:00:00,0.0,0.0,0.0,0.0,0.0,0.0,0.0,2026-05-09,17,Saturday,True,True,False,5,SPRING,FOG,SEVERE
BRONX,2026-05-09 18:00:00,0.0,0.0,0.0,0.0,0.0,0.0,0.0,2026-05-09,18,Saturday,True,True,False,5,SPRING,FOG,SEVERE
BRONX,2026-05-09 19:00:00,15.78,1.0,10600.0,0.9,0.1,0.0,12.5,2026-05-09,19,Saturday,True,True,False,5,SPRING,RAIN,LIGHT
BRONX,2026-05-09 20:00:00,16.38,0.2,24100.0,0.2,0.0,0.0,8.37,2026-05-09,20,Saturday,True,False,True,5,SPRING,RAIN,LIGHT
BRONX,2026-05-09 21:00:00,15.18,0.2,24100.0,0.1,0.1,0.0,10.69,2026-05-09,21,Saturday,True,False,True,5,SPRING,RAIN,LIGHT
BRONX,2026-05-09 22:00:00,14.98,0.0,24100.0,0.0,0.0,0.0,5.01,2026-05-09,22,Saturday,True,False,True,5,SPRING,CLEAR,LIGHT
BRONX,2026-05-09 23:00:00,14.18,0.3,24100.0,0.3,0.0,0.0,5.48,2026-05-09,23,Saturday,True,False,True,5,SPRING,RAIN,LIGHT
BRONX,2026-05-10 00:00:00,13.78,0.0,24100.0,0.0,0.0,0.0,9.11,2026-05-10,0,Sunday,True,False,True,5,SPRING,CLEAR,LIGHT
BRONX,2026-05-10 01:00:00,13.28,0.0,24100.0,0.0,0.0,0.0,6.21,2026-05-10,1,Sunday,True,False,True,5,SPRING,CLEAR,LIGHT
BRONX,2026-05-10 02:00:00,13.08,0.0,14000.0,0.0,0.0,0.0,8.5,2026-05-10,2,Sunday,True,False,True,5,SPRING,CLEAR,LIGHT
BRONX,2026-05-10 03:00:00,12.28,0.0,3000.0,0.0,0.0,0.0,6.92,2026-05-10,3,Sunday,True,False,True,5,SPRING,FOG,LIGHT
BRONX,2026-05-10 04:00:00,11.88,0.0,16800.0,0.0,0.0,0.0,5.86,2026-05-10,4,Sunday,True,False,True,5,SPRING,CLEAR,LIGHT
BRONX,2026-05-10 05:00:00,11.78,0.0,24100.0,0.0,0.0,0.0,5.8,2026-05-10,5,Sunday,True,False,True,5,SPRING,CLEAR,LIGHT
BRONX,2026-05-10 06:00:00,11.28,0.0,6300.0,0.0,0.0,0.0,2.9,2026-05-10,6,Sunday,True,False,False,5,SPRING,CLEAR,LIGHT
BRONX,2026-05-10 07:00:00,11.28,0.0,8500.0,0.0,0.0,0.0,2.55,2026-05-10,7,Sunday,True,True,False,5,SPRING,CLEAR,LIGHT
BRONX,2026-05-10 08:00:00,11.38,0.0,8900.0,0.0,0.0,0.0,2.31,2026-05-10,8,Sunday,True,True,False,5,SPRING,CLEAR,LIGHT
BRONX,2026-05-10 09:00:00,11.38,0.0,24100.0,0.0,0.0,0.0,4.2,2026-05-10,9,Sunday,True,True,False,5,SPRING,CLEAR,LIGHT
BRONX,2026-05-10 10:00:00,11.58,0.0,24100.0,0.0,0.0,0.0,4.69,2026-05-10,10,Sunday,True,False,False,5,SPRING,CLEAR,LIGHT
BRONX,2026-05-10 11:00:00,12.18,0.0,24100.0,0.0,0.0,0.0,2.52,2026-05-10,11,Sunday,True,False,False,5,SPRING,CLEAR,LIGHT
BRONX,2026-05-10 12:00:00,12.98,0.0,24100.0,0.0,0.0,0.0,6.92,2026-05-10,12,Sunday,True,False,False,5,SPRING,CLEAR,LIGHT
BRONX,2026-05-10 13:00:00,14.58,0.0,24100.0,0.0,0.0,0.0,8.29,2026-05-10,13,Sunday,True,False,False,5,SPRING,CLEAR,LIGHT
BRONX,2026-05-10 14:00:00,16.28,0.0,24100.0,0.0,0.0,0.0,10.31,2026-05-10,14,Sunday,True,False,False,5,SPRING,CLEAR,LIGHT
BRONX,2026-05-10 15:00:00,17.68,0.0,24100.0,0.0,0.0,0.0,11.44,2026-05-10,15,Sunday,True,False,False,5,SPRING,CLEAR,LIGHT
BRONX,2026-05-10 16:00:00,19.18,0.0,24100.0,0.0,0.0,0.0,12.56,2026-05-10,16,Sunday,True,True,False,5,SPRING,CLEAR,LIGHT
BRONX,2026-05-10 17:00:00,21.58,0.0,24100.0,0.0,0.0,0.0,12.29,2026-05-10,17,Sunday,True,True,False,5,SPRING,CLEAR,LIGHT
BRONX,2026-05-10 18:00:00,23.58,0.0,24100.0,0.0,0.0,0.0,14.83,2026-05-10,18,Sunday,True,True,False,5,SPRING,CLEAR,LIGHT
BRONX,2026-05-10 19:00:00,23.88,0.0,24100.0,0.0,0.0,0.0,18.79,2026-05-10,19,Sunday,True,True,False,5,SPRING,CLEAR,LIGHT
BRONX,2026-05-10 20:00:00,21.68,0.1,12700.0,0.0,0.1,0.0,15.28,2026-05-10,20,Sunday,True,False,True,5,SPRING,RAIN,LIGHT
BRONX,2026-05-10 21:00:00,22.88,0.1,19900.0,0.0,0.1,0.0,15.46,2026-05-10,21,Sunday,True,False,True,5,SPRING,RAIN,LIGHT
BRONX,2026-05-10 22:00:00,19.38,0.6,19300.0,0.0,0.6,0.0,17.24,2026-05-10,22,Sunday,True,False,True,5,SPRING,RAIN,LIGHT
BRONX,2026-05-10 23:00:00,18.68,0.1,24100.0,0.1,0.0,0.0,12.82,2026-05-10,23,Sunday,True,False,True,5,SPRING,RAIN,LIGHT
BRONX,2026-05-11 00:00:00,18.48,0.0,22500.0,0.0,0.0,0.0,7.59,2026-05-11,0,Monday,False,False,True,5,SPRING,CLEAR,LIGHT
BRONX,2026-05-11 01:00:00,18.48,0.0,24100.0,0.0,0.0,0.0,7.9,2026-05-11,1,Monday,False,False,True,5,SPRING,CLEAR,LIGHT
BRONX,2026-05-11 02:00:00,18.28,0.0,22300.0,0.0,0.0,0.0,10.31,2026-05-11,2,Monday,False,False,True,5,SPRING,CLEAR,LIGHT
BRONX,2026-05-11 03:00:00,17.78,0.1,24100.0,0.0,0.1,0.0,10.38,2026-05-11,3,Monday,False,False,True,5,SPRING,RAIN,LIGHT
BRONX,2026-05-11 04:00:00,16.28,0.0,24100.0,0.0,0.0,0.0,16.92,2026-05-11,4,Monday,False,False,True,5,SPRING,CLEAR,LIGHT
BRONX,2026-05-11 05:00:00,14.78,0.0,24100.0,0.0,0.0,0.0,23.17,2026-05-11,5,Monday,False,False,True,5,SPRING,CLEAR,LIGHT
BRONX,2026-05-11 06:00:00,13.28,0.2,18900.0,0.2,0.0,0.0,15.84,2026-05-11,6,Monday,False,False,False,5,SPRING,RAIN,LIGHT
BRONX,2026-05-11 07:00:00,12.88,0.0,24100.0,0.0,0.0,0.0,16.97,2026-05-11,7,Monday,False,True,False,5,SPRING,CLEAR,LIGHT
BRONX,2026-05-11 08:00:00,12.58,0.0,24100.0,0.0,0.0,0.0,17.65,2026-05-11,8,Monday,False,True,False,5,SPRING,CLEAR,LIGHT
BRONX,2026-05-11 09:00:00,12.18,0.0,24100.0,0.0,0.0,0.0,15.28,2026-05-11,9,Monday,False,True,False,5,SPRING,CLEAR,LIGHT
BRONX,2026-05-11 10:00:00,11.88,0.0,24100.0,0.0,0.0,0.0,13.38,2026-05-11,10,Monday,False,False,False,5,SPRING,CLEAR,LIGHT
BRONX,2026-05-11 11:00:00,11.98,0.0,24100.0,0.0,0.0,0.0,14.04,2026-05-11,11,Monday,False,False,False,5,SPRING,CLEAR,LIGHT
BRONX,2026-05-11 12:00:00,12.58,0.0,24100.0,0.0,0.0,0.0,15.78,2026-05-11,12,Monday,False,False,False,5,SPRING,CLEAR,LIGHT
BRONX,2026-05-11 13:00:00,13.38,0.0,24100.0,0.0,0.0,0.0,16.6,2026-05-11,13,Monday,False,False,False,5,SPRING,CLEAR,LIGHT
BRONX,2026-05-11 14:00:00,14.48,0.0,24100.0,0.0,0.0,0.0,15.72,2026-05-11,14,Monday,False,False,False,5,SPRING,CLEAR,LIGHT
BRONX,2026-05-11 15:00:00,15.08,0.0,24100.0,0.0,0.0,0.0,14.0,2026-05-11,15,Monday,False,False,False,5,SPRING,CLEAR,LIGHT
BRONX,2026-05-11 16:00:00,16.08,0.0,24100.0,0.0,0.0,0.0,12.96,2026-05-11,16,Monday,False,True,False,5,SPRING,CLEAR,LIGHT
BRONX,2026-05-11 17:00:00,15.98,0.0,24100.0,0.0,0.0,0.0,12.24,2026-05-11,17,Monday,False,True,False,5,SPRING,CLEAR,LIGHT
BRONX,2026-05-11 18:00:00,16.08,0.0,24100.0,0.0,0.0,0.0,10.08,2026-05-11,18,Monday,False,True,False,5,SPRING,CLEAR,LIGHT
BRONX,2026-05-11 19:00:00,16.68,0.0,24100.0,0.0,0.0,0.0,9.06,2026-05-11,19,Monday,False,True,False,5,SPRING,CLEAR,LIGHT
BRONX,2026-05-11 20:00:00,16.48,0.0,24100.0,0.0,0.0,0.0,8.28,2026-05-11,20,Monday,False,False,True,5,SPRING,CLEAR,LIGHT
BRONX,2026-05-11 21:00:00,16.58,0.0,24100.0,0.0,0.0,0.0,9.03,2026-05-11,21,Monday,False,False,True,5,SPRING,CLEAR,LIGHT
BRONX,2026-05-11 22:00:00,16.88,0.0,24100.0,0.0,0.0,0.0,9.37,2026-05-11,22,Monday,False,False,True,5,SPRING,CLEAR,LIGHT
BRONX,2026-05-11 23:00:00,16.58,0.0,24100.0,0.0,0.0,0.0,8.29,2026-05-11,23,Monday,False,False,True,5,SPRING,CLEAR,LIGHT
BRONX,2026-05-12 00:00:00,15.48,0.0,24100.0,0.0,0.0,0.0,3.08,2026-05-12,0,Tuesday,False,False,True,5,SPRING,CLEAR,LIGHT
BRONX,2026-05-12 01:00:00,14.58,0.0,24100.0,0.0,0.0,0.0,5.86,2026-05-12,1,Tuesday,False,False,True,5,SPRING,CLEAR,LIGHT
BRONX,2026-05-12 02:00:00,14.78,0.0,24100.0,0.0,0.0,0.0,6.76,2026-05-12,2,Tuesday,False,False,True,5,SPRING,CLEAR,LIGHT
BRONX,2026-05-12 03:00:00,13.58,0.0,24100.0,0.0,0.0,0.0,20.38,2026-05-12,3,Tuesday,False,False,True,5,SPRING,CLEAR,LIGHT
BRONX,2026-05-12 04:00:00,11.58,0.0,24100.0,0.0,0.0,0.0,23.05,2026-05-12,4,Tuesday,False,False,True,5,SPRING,CLEAR,LIGHT
BRONX,2026-05-12 05:00:00,11.38,0.0,24100.0,0.0,0.0,0.0,18.79,2026-05-12,5,Tuesday,False,False,True,5,SPRING,CLEAR,LIGHT
BRONX,2026-05-12 06:00:00,11.88,0.0,24100.0,0.0,0.0,0.0,16.75,2026-05-12,6,Tuesday,False,False,False,5,SPRING,CLEAR,LIGHT
BRONX,2026-05-12 07:00:00,10.38,0.0,24100.0,0.0,0.0,0.0,16.99,2026-05-12,7,Tuesday,False,True,False,5,SPRING,CLEAR,LIGHT
BRONX,2026-05-12 08:00:00,9.28,0.0,24100.0,0.0,0.0,0.0,14.99,2026-05-12,8,Tuesday,False,True,False,5,SPRING,CLEAR,LIGHT
BRONX,2026-05-12 09:00:00,8.98,0.0,24100.0,0.0,0.0,0.0,10.9,2026-05-12,9,Tuesday,False,True,False,5,SPRING,CLEAR,LIGHT
BRONX,2026-05-12 10:00:00,8.78,0.0,24100.0,0.0,0.0,0.0,10.0,2026-05-12,10,Tuesday,False,False,False,5,SPRING,CLEAR,LIGHT
BRONX,2026-05-12 11:00:00,9.28,0.0,24100.0,0.0,0.0,0.0,10.16,2026-05-12,11,Tuesday,False,False,False,5,SPRING,CLEAR,LIGHT
BRONX,2026-05-12 12:00:00,11.08,0.0,24100.0,0.0,0.0,0.0,13.08,2026-05-12,12,Tuesday,False,False,False,5,SPRING,CLEAR,LIGHT
BRONX,2026-05-12 13:00:00,12.38,0.0,24100.0,0.0,0.0,0.0,15.48,2026-05-12,13,Tuesday,False,False,False,5,SPRING,CLEAR,LIGHT
BRONX,2026-05-12 14:00:00,13.78,0.0,24100.0,0.0,0.0,0.0,14.42,2026-05-12,14,Tuesday,False,False,False,5,SPRING,CLEAR,LIGHT
BRONX,2026-05-12 15:00:00,14.88,0.0,24100.0,0.0,0.0,0.0,12.98,2026-05-12,15,Tuesday,False,False,False,5,SPRING,CLEAR,LIGHT
BRONX,2026-05-12 16:00:00,16.28,0.0,24100.0,0.0,0.0,0.0,10.18,2026-05-12,16,Tuesday,False,True,False,5,SPRING,CLEAR,LIGHT
BRONX,2026-05-12 17:00:00,17.58,0.0,24100.0,0.0,0.0,0.0,9.36,2026-05-12,17,Tuesday,False,True,False,5,SPRING,CLEAR,LIGHT
BRONX,2026-05-12 18:00:00,18.68,0.0,24100.0,0.0,0.0,0.0,9.22,2026-05-12,18,Tuesday,False,True,False,5,SPRING,CLEAR,LIGHT
BRONX,2026-05-12 19:00:00,19.48,0.0,24100.0,0.0,0.0,0.0,8.29,2026-05-12,19,Tuesday,False,True,False,5,SPRING,CLEAR,LIGHT
BRONX,2026-05-12 20:00:00,19.78,0.0,24100.0,0.0,0.0,0.0,9.78,2026-05-12,20,Tuesday,False,False,True,5,SPRING,CLEAR,LIGHT
BRONX,2026-05-12 21:00:00,19.88,0.0,24100.0,0.0,0.0,0.0,13.21,2026-05-12,21,Tuesday,False,False,True,5,SPRING,CLEAR,LIGHT
BRONX,2026-05-12 22:00:00,18.78,0.0,24100.0,0.0,0.0,0.0,17.1,2026-05-12,22,Tuesday,False,False,True,5,SPRING,CLEAR,LIGHT
BRONX,2026-05-12 23:00:00,15.78,0.0,24100.0,0.0,0.0,0.0,19.06,2026-05-12,23,Tuesday,False,False,True,5,SPRING,CLEAR,LIGHT
BRONX,2026-05-13 00:00:00,14.98,0.0,24100.0,0.0,0.0,0.0,18.01,2026-05-13,0,Wednesday,False,False,True,5,SPRING,CLEAR,LIGHT
BRONX,2026-05-13 01:00:00,13.68,0.0,24100.0,0.0,0.0,0.0,20.77,2026-05-13,1,Wednesday,False,False,True,5,SPRING,CLEAR,LIGHT
BRONX,2026-05-13 02:00:00,13.48,0.0,24100.0,0.0,0.0,0.0,18.58,2026-05-13,2,Wednesday,False,False,True,5,SPRING,CLEAR,LIGHT
BRONX,2026-05-13 03:00:00,13.18,0.0,24100.0,0.0,0.0,0.0,17.53,2026-05-13,3,Wednesday,False,False,True,5,SPRING,CLEAR,LIGHT
BRONX,2026-05-13 04:00:00,13.08,0.0,24100.0,0.0,0.0,0.0,15.83,2026-05-13,4,Wednesday,False,False,True,5,SPRING,CLEAR,LIGHT
BRONX,2026-05-13 05:00:00,13.08,0.0,24100.0,0.0,0.0,0.0,13.68,2026-05-13,5,Wednesday,False,False,True,5,SPRING,CLEAR,LIGHT
BRONX,2026-05-13 06:00:00,12.68,0.0,24100.0,0.0,0.0,0.0,12.98,2026-05-13,6,Wednesday,False,False,False,5,SPRING,CLEAR,LIGHT
BRONX,2026-05-13 07:00:00,12.48,0.0,24100.0,0.0,0.0,0.0,12.85,2026-05-13,7,Wednesday,False,True,False,5,SPRING,CLEAR,LIGHT
BRONX,2026-05-13 08:00:00,12.38,0.0,24100.0,0.0,0.0,0.0,13.14,2026-05-13,8,Wednesday,False,True,False,5,SPRING,CLEAR,LIGHT
BRONX,2026-05-13 09:00:00,12.28,0.0,24100.0,0.0,0.0,0.0,13.0,2026-05-13,9,Wednesday,False,True,False,5,SPRING,CLEAR,LIGHT
BRONX,2026-05-13 10:00:00,12.58,0.0,24100.0,0.0,0.0,0.0,15.55,2026-05-13,10,Wednesday,False,False,False,5,SPRING,CLEAR,LIGHT
BRONX,2026-05-13 11:00:00,13.08,0.0,24100.0,0.0,0.0,0.0,15.91,2026-05-13,11,Wednesday,False,False,False,5,SPRING,CLEAR,LIGHT
BRONX,2026-05-13 12:00:00,14.18,0.0,24100.0,0.0,0.0,0.0,18.43,2026-05-13,12,Wednesday,False,False,False,5,SPRING,CLEAR,LIGHT
BRONX,2026-05-13 13:00:00,15.58,0.0,24100.0,0.0,0.0,0.0,18.72,2026-05-13,13,Wednesday,False,False,False,5,SPRING,CLEAR,LIGHT
BRONX,2026-05-13 14:00:00,17.78,0.0,24100.0,0.0,0.0,0.0,19.0,2026-05-13,14,Wednesday,False,False,False,5,SPRING,CLEAR,LIGHT
BRONX,2026-05-13 15:00:00,19.68,0.0,24100.0,0.0,0.0,0.0,21.41,2026-05-13,15,Wednesday,False,False,False,5,SPRING,CLEAR,LIGHT
BRONX,2026-05-13 16:00:00,20.88,0.0,24100.0,0.0,0.0,0.0,24.8,2026-05-13,16,Wednesday,False,True,False,5,SPRING,CLEAR,LIGHT
BRONX,2026-05-13 17:00:00,21.48,0.0,24100.0,0.0,0.0,0.0,26.88,2026-05-13,17,Wednesday,False,True,False,5,SPRING,CLEAR,LIGHT
BRONX,2026-05-13 18:00:00,21.58,0.0,24100.0,0.0,0.0,0.0,28.86,2026-05-13,18,Wednesday,False,True,False,5,SPRING,CLEAR,LIGHT
BRONX,2026-05-13 19:00:00,20.28,0.0,24100.0,0.0,0.0,0.0,33.84,2026-05-13,19,Wednesday,False,True,False,5,SPRING,WIND,MODERATE
BRONX,2026-05-13 20:00:00,18.48,0.0,24100.0,0.0,0.0,0.0,32.43,2026-05-13,20,Wednesday,False,False,True,5,SPRING,WIND,MODERATE
BRONX,2026-05-13 21:00:00,17.88,0.0,24100.0,0.0,0.0,0.0,32.06,2026-05-13,21,Wednesday,False,False,True,5,SPRING,WIND,MODERATE
BRONX,2026-05-13 22:00:00,18.28,0.0,24100.0,0.0,0.0,0.0,33.15,2026-05-13,22,Wednesday,False,False,True,5,SPRING,WIND,MODERATE
BRONX,2026-05-13 23:00:00,17.28,0.0,24100.0,0.0,0.0,0.0,31.42,2026-05-13,23,Wednesday,False,False,True,5,SPRING,WIND,MODERATE
BRONX,2026-05-14 00:00:00,16.08,0.0,24100.0,0.0,0.0,0.0,27.76,2026-05-14,0,Thursday,False,False,True,5,SPRING,CLEAR,LIGHT
BRONX,2026-05-14 01:00:00,15.48,0.0,24100.0,0.0,0.0,0.0,25.22,2026-05-14,1,Thursday,False,False,True,5,SPRING,CLEAR,LIGHT
BRONX,2026-05-14 02:00:00,15.18,0.0,24100.0,0.0,0.0,0.0,22.69,2026-05-14,2,Thursday,False,False,True,5,SPRING,CLEAR,LIGHT
BRONX,2026-05-14 03:00:00,14.78,0.0,24100.0,0.0,0.0,0.0,20.89,2026-05-14,3,Thursday,False,False,True,5,SPRING,CLEAR,LIGHT
BRONX,2026-05-14 04:00:00,14.58,0.1,24100.0,0.0,0.1,0.0,18.01,2026-05-14,4,Thursday,False,False,True,5,SPRING,RAIN,LIGHT
BRONX,2026-05-14 05:00:00,14.18,0.3,22500.0,0.10000001,0.2,0.0,16.7,2026-05-14,5,Thursday,False,False,True,5,SPRING,RAIN,LIGHT
BRONX,2026-05-14 06:00:00,13.98,0.2,23800.0,0.2,0.0,0.0,12.25,2026-05-14,6,Thursday,False,False,False,5,SPRING,RAIN,LIGHT
BRONX,2026-05-14 07:00:00,13.38,1.7,20100.0,1.7,0.0,0.0,3.42,2026-05-14,7,Thursday,False,True,False,5,SPRING,RAIN,LIGHT
BRONX,2026-05-14 08:00:00,13.28,0.4,24100.0,0.4,0.0,0.0,5.01,2026-05-14,8,Thursday,False,True,False,5,SPRING,RAIN,LIGHT
BRONX,2026-05-14 09:00:00,13.38,0.0,24100.0,0.0,0.0,0.0,1.84,2026-05-14,9,Thursday,False,True,False,5,SPRING,CLEAR,LIGHT
BRONX,2026-05-14 10:00:00,12.98,0.0,24100.0,0.0,0.0,0.0,2.9,2026-05-14,10,Thursday,False,False,False,5,SPRING,CLEAR,LIGHT
BRONX,2026-05-14 11:00:00,13.78,0.0,24100.0,0.0,0.0,0.0,3.62,2026-05-14,11,Thursday,False,False,False,5,SPRING,CLEAR,LIGHT
BRONX,2026-05-14 12:00:00,14.48,0.0,24100.0,0.0,0.0,0.0,8.85,2026-05-14,12,Thursday,False,False,False,5,SPRING,CLEAR,LIGHT
BRONX,2026-05-14 13:00:00,14.78,0.0,24100.0,0.0,0.0,0.0,9.2,2026-05-14,13,Thursday,False,False,False,5,SPRING,CLEAR,LIGHT
BRONX,2026-05-14 14:00:00,15.38,0.0,18400.0,0.0,0.0,0.0,11.38,2026-05-14,14,Thursday,False,False,False,5,SPRING,CLEAR,LIGHT
BRONX,2026-05-14 15:00:00,16.88,0.0,24100.0,0.0,0.0,0.0,12.48,2026-05-14,15,Thursday,False,False,False,5,SPRING,CLEAR,LIGHT
BRONX,2026-05-14 16:00:00,18.08,0.0,24100.0,0.0,0.0,0.0,10.8,2026-05-14,16,Thursday,False,True,False,5,SPRING,CLEAR,LIGHT
BRONX,2026-05-14 17:00:00,18.98,0.0,24100.0,0.0,0.0,0.0,9.03,2026-05-14,17,Thursday,False,True,False,5,SPRING,CLEAR,LIGHT
BRONX,2026-05-14 18:00:00,19.98,0.0,24100.0,0.0,0.0,0.0,4.39,2026-05-14,18,Thursday,False,True,False,5,SPRING,CLEAR,LIGHT
BRONX,2026-05-14 19:00:00,16.68,0.1,24100.0,0.1,0.0,0.0,20.66,2026-05-14,19,Thursday,False,True,False,5,SPRING,RAIN,LIGHT
BRONX,2026-05-14 20:00:00,16.78,0.1,24100.0,0.1,0.0,0.0,9.18,2026-05-14,20,Thursday,False,False,True,5,SPRING,RAIN,LIGHT
BRONX,2026-05-14 21:00:00,17.58,0.0,24100.0,0.0,0.0,0.0,4.84,2026-05-14,21,Thursday,False,False,True,5,SPRING,CLEAR,LIGHT
BRONX,2026-05-14 22:00:00,18.78,0.0,24100.0,0.0,0.0,0.0,9.2,2026-05-14,22,Thursday,False,False,True,5,SPRING,CLEAR,LIGHT
BRONX,2026-05-14 23:00:00,16.98,0.0,24100.0,0.0,0.0,0.0,20.88,2026-05-14,23,Thursday,False,False,True,5,SPRING,CLEAR,LIGHT
BRONX,2026-05-15 00:00:00,15.58,0.0,24100.0,0.0,0.0,0.0,19.08,2026-05-15,0,Friday,False,False,True,5,SPRING,CLEAR,LIGHT
BRONX,2026-05-15 01:00:00,15.48,0.0,24100.0,0.0,0.0,0.0,15.27,2026-05-15,1,Friday,False,False,True,5,SPRING,CLEAR,LIGHT
BRONX,2026-05-15 02:00:00,14.68,0.0,24100.0,0.0,0.0,0.0,15.53,2026-05-15,2,Friday,False,False,True,5,SPRING,CLEAR,LIGHT
BRONX,2026-05-15 03:00:00,13.38,0.0,24100.0,0.0,0.0,0.0,16.3,2026-05-15,3,Friday,False,False,True,5,SPRING,CLEAR,LIGHT
BRONX,2026-05-15 04:00:00,12.58,0.0,24100.0,0.0,0.0,0.0,16.09,2026-05-15,4,Friday,False,False,True,5,SPRING,CLEAR,LIGHT
BRONX,2026-05-15 05:00:00,11.58,0.0,24100.0,0.0,0.0,0.0,15.31,2026-05-15,5,Friday,False,False,True,5,SPRING,CLEAR,LIGHT
BRONX,2026-05-15 06:00:00,10.88,0.0,21500.0,0.0,0.0,0.0,13.48,2026-05-15,6,Friday,False,False,False,5,SPRING,CLEAR,LIGHT
BRONX,2026-05-15 07:00:00,10.38,0.0,22100.0,0.0,0.0,0.0,12.82,2026-05-15,7,Friday,False,True,False,5,SPRING,CLEAR,LIGHT
BRONX,2026-05-15 08:00:00,10.18,0.0,24100.0,0.0,0.0,0.0,12.54,2026-05-15,8,Friday,False,True,False,5,SPRING,CLEAR,LIGHT
BRONX,2026-05-15 09:00:00,10.08,0.0,24100.0,0.0,0.0,0.0,12.31,2026-05-15,9,Friday,False,True,False,5,SPRING,CLEAR,LIGHT
BRONX,2026-05-15 10:00:00,10.18,0.0,24100.0,0.0,0.0,0.0,12.39,2026-05-15,10,Friday,False,False,False,5,SPRING,CLEAR,LIGHT
BRONX,2026-05-15 11:00:00,10.98,0.0,24100.0,0.0,0.0,0.0,14.51,2026-05-15,11,Friday,False,False,False,5,SPRING,CLEAR,LIGHT
BRONX,2026-05-15 12:00:00,12.58,0.0,24100.0,0.0,0.0,0.0,14.39,2026-05-15,12,Friday,False,False,False,5,SPRING,CLEAR,LIGHT
BRONX,2026-05-15 13:00:00,14.68,0.0,24100.0,0.0,0.0,0.0,13.85,2026-05-15,13,Friday,False,False,False,5,SPRING,CLEAR,LIGHT
BRONX,2026-05-15 14:00:00,15.38,0.0,24100.0,0.0,0.0,0.0,16.85,2026-05-15,14,Friday,False,False,False,5,SPRING,CLEAR,LIGHT
BRONX,2026-05-15 15:00:00,15.58,0.0,24100.0,0.0,0.0,0.0,14.51,2026-05-15,15,Friday,False,False,False,5,SPRING,CLEAR,LIGHT
BRONX,2026-05-15 16:00:00,18.38,0.0,24100.0,0.0,0.0,0.0,13.28,2026-05-15,16,Friday,False,True,False,5,SPRING,CLEAR,LIGHT
BRONX,2026-05-15 17:00:00,19.28,0.0,24100.0,0.0,0.0,0.0,17.61,2026-05-15,17,Friday,False,True,False,5,SPRING,CLEAR,LIGHT
BRONX,2026-05-15 18:00:00,16.98,0.0,24100.0,0.0,0.0,0.0,20.97,2026-05-15,18,Friday,False,True,False,5,SPRING,CLEAR,LIGHT
BRONX,2026-05-15 19:00:00,17.68,0.0,24100.0,0.0,0.0,0.0,13.24,2026-05-15,19,Friday,False,True,False,5,SPRING,CLEAR,LIGHT
BRONX,2026-05-15 20:00:00,19.38,0.0,24100.0,0.0,0.0,0.0,12.98,2026-05-15,20,Friday,False,False,True,5,SPRING,CLEAR,LIGHT
BRONX,2026-05-15 21:00:00,19.58,0.0,24100.0,0.0,0.0,0.0,15.48,2026-05-15,21,Friday,False,False,True,5,SPRING,CLEAR,LIGHT
BRONX,2026-05-15 22:00:00,19.38,0.0,24100.0,0.0,0.0,0.0,14.41,2026-05-15,22,Friday,False,False,True,5,SPRING,CLEAR,LIGHT
BRONX,2026-05-15 23:00:00,18.88,0.0,24100.0,0.0,0.0,0.0,14.97,2026-05-15,23,Friday,False,False,True,5,SPRING,CLEAR,LIGHT
BRONX,2026-05-16 00:00:00,18.48,0.0,24100.0,0.0,0.0,0.0,10.24,2026-05-16,0,Saturday,True,False,True,5,SPRING,CLEAR,LIGHT
BRONX,2026-05-16 01:00:00,17.78,0.0,24100.0,0.0,0.0,0.0,6.52,2026-05-16,1,Saturday,True,False,True,5,SPRING,CLEAR,LIGHT
BRONX,2026-05-16 02:00:00,16.63,0.0,24100.0,0.0,0.0,0.0,5.48,2026-05-16,2,Saturday,True,False,True,5,SPRING,CLEAR,LIGHT
BRONX,2026-05-16 03:00:00,16.18,0.0,24100.0,0.0,0.0,0.0,2.28,2026-05-16,3,Saturday,True,False,True,5,SPRING,CLEAR,LIGHT
BRONX,2026-05-16 04:00:00,15.48,0.0,24100.0,0.0,0.0,0.0,3.83,2026-05-16,4,Saturday,True,False,True,5,SPRING,CLEAR,LIGHT
BRONX,2026-05-16 05:00:00,15.08,0.0,24100.0,0.0,0.0,0.0,1.14,2026-05-16,5,Saturday,True,False,True,5,SPRING,CLEAR,LIGHT
BRONX,2026-05-16 06:00:00,14.38,0.0,24100.0,0.0,0.0,0.0,3.08,2026-05-16,6,Saturday,True,False,False,5,SPRING,CLEAR,LIGHT
BRONX,2026-05-16 07:00:00,13.98,0.0,24100.0,0.0,0.0,0.0,5.86,2026-05-16,7,Saturday,True,True,False,5,SPRING,CLEAR,LIGHT
BRONX,2026-05-16 08:00:00,13.68,0.0,24100.0,0.0,0.0,0.0,6.85,2026-05-16,8,Saturday,True,True,False,5,SPRING,CLEAR,LIGHT
BRONX,2026-05-16 09:00:00,13.28,0.0,24100.0,0.0,0.0,0.0,6.29,2026-05-16,9,Saturday,True,True,False,5,SPRING,CLEAR,LIGHT
BRONX,2026-05-16 10:00:00,13.18,0.0,24100.0,0.0,0.0,0.0,6.21,2026-05-16,10,Saturday,True,False,False,5,SPRING,CLEAR,LIGHT
BRONX,2026-05-16 11:00:00,14.38,0.0,24100.0,0.0,0.0,0.0,6.99,2026-05-16,11,Saturday,True,False,False,5,SPRING,CLEAR,LIGHT
BRONX,2026-05-16 12:00:00,16.78,0.0,24100.0,0.0,0.0,0.0,8.21,2026-05-16,12,Saturday,True,False,False,5,SPRING,CLEAR,LIGHT
BRONX,2026-05-16 13:00:00,18.88,0.0,24100.0,0.0,0.0,0.0,11.53,2026-05-16,13,Saturday,True,False,False,5,SPRING,CLEAR,LIGHT
BRONX,2026-05-16 14:00:00,20.58,0.0,24100.0,0.0,0.0,0.0,14.2,2026-05-16,14,Saturday,True,False,False,5,SPRING,CLEAR,LIGHT
BRONX,2026-05-16 15:00:00,22.48,0.0,24100.0,0.0,0.0,0.0,16.3,2026-05-16,15,Saturday,True,False,False,5,SPRING,CLEAR,LIGHT
BRONX,2026-05-16 16:00:00,24.68,0.0,24100.0,0.0,0.0,0.0,19.8,2026-05-16,16,Saturday,True,True,False,5,SPRING,CLEAR,LIGHT
BRONX,2026-05-16 17:00:00,25.78,0.0,24100.0,0.0,0.0,0.0,21.89,2026-05-16,17,Saturday,True,True,False,5,SPRING,CLEAR,LIGHT
BRONX,2026-05-16 18:00:00,26.28,0.0,24100.0,0.0,0.0,0.0,21.89,2026-05-16,18,Saturday,True,True,False,5,SPRING,CLEAR,LIGHT
BRONX,2026-05-16 19:00:00,25.88,0.0,24100.0,0.0,0.0,0.0,22.18,2026-05-16,19,Saturday,True,True,False,5,SPRING,CLEAR,LIGHT
BRONX,2026-05-16 20:00:00,24.98,0.0,24100.0,0.0,0.0,0.0,21.32,2026-05-16,20,Saturday,True,False,True,5,SPRING,CLEAR,LIGHT
BRONX,2026-05-16 21:00:00,25.68,0.0,24100.0,0.0,0.0,0.0,19.39,2026-05-16,21,Saturday,True,False,True,5,SPRING,CLEAR,LIGHT
BRONX,2026-05-16 22:00:00,25.78,0.0,24100.0,0.0,0.0,0.0,20.01,2026-05-16,22,Saturday,True,False,True,5,SPRING,CLEAR,LIGHT
BRONX,2026-05-16 23:00:00,25.88,0.0,24100.0,0.0,0.0,0.0,18.47,2026-05-16,23,Saturday,True,False,True,5,SPRING,CLEAR,LIGHT
BRONX,2026-05-17 00:00:00,24.18,0.0,24100.0,0.0,0.0,0.0,16.58,2026-05-17,0,Sunday,True,False,True,5,SPRING,CLEAR,LIGHT
BRONX,2026-05-17 01:00:00,23.28,0.0,24100.0,0.0,0.0,0.0,13.83,2026-05-17,1,Sunday,True,False,True,5,SPRING,CLEAR,LIGHT
BRONX,2026-05-17 02:00:00,22.38,0.0,24100.0,0.0,0.0,0.0,13.36,2026-05-17,2,Sunday,True,False,True,5,SPRING,CLEAR,LIGHT
BRONX,2026-05-17 03:00:00,21.58,0.0,24100.0,0.0,0.0,0.0,15.0,2026-05-17,3,Sunday,True,False,True,5,SPRING,CLEAR,LIGHT
BRONX,2026-05-17 04:00:00,21.08,0.0,24100.0,0.0,0.0,0.0,17.34,2026-05-17,4,Sunday,True,False,True,5,SPRING,CLEAR,LIGHT
BRONX,2026-05-17 05:00:00,20.48,0.0,24100.0,0.0,0.0,0.0,14.29,2026-05-17,5,Sunday,True,False,True,5,SPRING,CLEAR,LIGHT
BRONX,2026-05-17 06:00:00,20.28,0.0,24100.0,0.0,0.0,0.0,14.69,2026-05-17,6,Sunday,True,False,False,5,SPRING,CLEAR,LIGHT
BRONX,2026-05-17 07:00:00,19.98,0.0,24100.0,0.0,0.0,0.0,14.06,2026-05-17,7,Sunday,True,True,False,5,SPRING,CLEAR,LIGHT
BRONX,2026-05-17 08:00:00,19.08,0.0,24100.0,0.0,0.0,0.0,12.29,2026-05-17,8,Sunday,True,True,False,5,SPRING,CLEAR,LIGHT
BRONX,2026-05-17 09:00:00,18.48,0.0,24100.0,0.0,0.0,0.0,10.25,2026-05-17,9,Sunday,True,True,False,5,SPRING,CLEAR,LIGHT
BRONX,2026-05-17 10:00:00,18.08,0.0,24100.0,0.0,0.0,0.0,8.83,2026-05-17,10,Sunday,True,False,False,5,SPRING,CLEAR,LIGHT
BRONX,2026-05-17 11:00:00,19.08,0.0,24100.0,0.0,0.0,0.0,9.61,2026-05-17,11,Sunday,True,False,False,5,SPRING,CLEAR,LIGHT
BRONX,2026-05-17 12:00:00,20.78,0.0,24100.0,0.0,0.0,0.0,11.04,2026-05-17,12,Sunday,True,False,False,5,SPRING,CLEAR,LIGHT
BRONX,2026-05-17 13:00:00,22.58,0.0,24100.0,0.0,0.0,0.0,10.32,2026-05-17,13,Sunday,True,False,False,5,SPRING,CLEAR,LIGHT
BRONX,2026-05-17 14:00:00,24.68,0.0,24100.0,0.0,0.0,0.0,10.19,2026-05-17,14,Sunday,True,False,False,5,SPRING,CLEAR,LIGHT
BRONX,2026-05-17 15:00:00,26.88,0.0,24100.0,0.0,0.0,0.0,9.73,2026-05-17,15,Sunday,True,False,False,5,SPRING,CLEAR,LIGHT
BRONX,2026-05-17 16:00:00,28.98,0.0,24100.0,0.0,0.0,0.0,8.4,2026-05-17,16,Sunday,True,True,False,5,SPRING,CLEAR,LIGHT
BRONX,2026-05-17 17:00:00,30.58,0.0,24100.0,0.0,0.0,0.0,9.78,2026-05-17,17,Sunday,True,True,False,5,SPRING,CLEAR,LIGHT
BRONX,2026-05-17 18:00:00,31.48,0.0,24100.0,0.0,0.0,0.0,15.55,2026-05-17,18,Sunday,True,True,False,5,SPRING,CLEAR,LIGHT
BRONX,2026-05-17 19:00:00,31.68,0.0,24100.0,0.0,0.0,0.0,18.89,2026-05-17,19,Sunday,True,True,False,5,SPRING,CLEAR,LIGHT
BRONX,2026-05-17 20:00:00,30.48,0.0,24100.0,0.0,0.0,0.0,21.79,2026-05-17,20,Sunday,True,False,True,5,SPRING,CLEAR,LIGHT
BRONX,2026-05-17 21:00:00,30.28,0.0,24100.0,0.0,0.0,0.0,18.97,2026-05-17,21,Sunday,True,False,True,5,SPRING,CLEAR,LIGHT
BRONX,2026-05-17 22:00:00,29.88,0.0,24100.0,0.0,0.0,0.0,16.68,2026-05-17,22,Sunday,True,False,True,5,SPRING,CLEAR,LIGHT
BRONX,2026-05-17 23:00:00,28.98,0.0,24100.0,0.0,0.0,0.0,13.39,2026-05-17,23,Sunday,True,False,True,5,SPRING,CLEAR,LIGHT
BRONX,2026-05-18 00:00:00,26.88,0.0,24100.0,0.0,0.0,0.0,10.09,2026-05-18,0,Monday,False,False,True,5,SPRING,CLEAR,LIGHT
BRONX,2026-05-18 01:00:00,26.18,0.0,24100.0,0.0,0.0,0.0,8.44,2026-05-18,1,Monday,False,False,True,5,SPRING,CLEAR,LIGHT
BRONX,2026-05-18 02:00:00,25.58,0.0,24100.0,0.0,0.0,0.0,9.42,2026-05-18,2,Monday,False,False,True,5,SPRING,CLEAR,LIGHT
BRONX,2026-05-18 03:00:00,24.88,0.0,24100.0,0.0,0.0,0.0,8.67,2026-05-18,3,Monday,False,False,True,5,SPRING,CLEAR,LIGHT
BRONX,2026-05-18 04:00:00,24.18,0.0,24100.0,0.0,0.0,0.0,9.93,2026-05-18,4,Monday,False,False,True,5,SPRING,CLEAR,LIGHT
BRONX,2026-05-18 05:00:00,23.58,0.0,24100.0,0.0,0.0,0.0,8.67,2026-05-18,5,Monday,False,False,True,5,SPRING,CLEAR,LIGHT
BRONX,2026-05-18 06:00:00,22.48,0.0,24100.0,0.0,0.0,0.0,6.76,2026-05-18,6,Monday,False,False,False,5,SPRING,CLEAR,LIGHT
BRONX,2026-05-18 07:00:00,21.98,0.0,24100.0,0.0,0.0,0.0,5.35,2026-05-18,7,Monday,False,True,False,5,SPRING,CLEAR,LIGHT
BRONX,2026-05-18 08:00:00,21.58,0.0,24100.0,0.0,0.0,0.0,7.13,2026-05-18,8,Monday,False,True,False,5,SPRING,CLEAR,LIGHT
BRONX,2026-05-18 09:00:00,21.08,0.0,24100.0,0.0,0.0,0.0,7.42,2026-05-18,9,Monday,False,True,False,5,SPRING,CLEAR,LIGHT
BRONX,2026-05-18 10:00:00,20.78,0.0,24100.0,0.0,0.0,0.0,6.3,2026-05-18,10,Monday,False,False,False,5,SPRING,CLEAR,LIGHT
BRONX,2026-05-18 11:00:00,21.88,0.0,24100.0,0.0,0.0,0.0,5.35,2026-05-18,11,Monday,False,False,False,5,SPRING,CLEAR,LIGHT
BRONX,2026-05-18 12:00:00,23.88,0.0,24100.0,0.0,0.0,0.0,5.0,2026-05-18,12,Monday,False,False,False,5,SPRING,CLEAR,LIGHT
BRONX,2026-05-18 13:00:00,25.88,0.0,24100.0,0.0,0.0,0.0,5.76,2026-05-18,13,Monday,False,False,False,5,SPRING,CLEAR,LIGHT
BRONX,2026-05-18 14:00:00,27.98,0.0,24100.0,0.0,0.0,0.0,7.86,2026-05-18,14,Monday,False,False,False,5,SPRING,CLEAR,LIGHT
BRONX,2026-05-18 15:00:00,29.48,0.0,24100.0,0.0,0.0,0.0,11.61,2026-05-18,15,Monday,False,False,False,5,SPRING,CLEAR,LIGHT
BRONX,2026-05-18 16:00:00,30.58,0.0,24100.0,0.0,0.0,0.0,14.62,2026-05-18,16,Monday,False,True,False,5,SPRING,CLEAR,LIGHT
BRONX,2026-05-18 17:00:00,31.38,0.0,24100.0,0.0,0.0,0.0,16.39,2026-05-18,17,Monday,False,True,False,5,SPRING,CLEAR,LIGHT
BRONX,2026-05-18 18:00:00,31.48,0.0,24100.0,0.0,0.0,0.0,18.37,2026-05-18,18,Monday,False,True,False,5,SPRING,CLEAR,LIGHT
BRONX,2026-05-18 19:00:00,30.88,0.0,24100.0,0.0,0.0,0.0,19.83,2026-05-18,19,Monday,False,True,False,5,SPRING,CLEAR,LIGHT
BRONX,2026-05-18 20:00:00,29.98,0.0,24100.0,0.0,0.0,0.0,19.47,2026-05-18,20,Monday,False,False,True,5,SPRING,CLEAR,LIGHT
BRONX,2026-05-18 21:00:00,28.78,0.0,24100.0,0.0,0.0,0.0,19.56,2026-05-18,21,Monday,False,False,True,5,SPRING,CLEAR,LIGHT
BRONX,2026-05-18 22:00:00,27.18,0.0,24100.0,0.0,0.0,0.0,19.56,2026-05-18,22,Monday,False,False,True,5,SPRING,CLEAR,LIGHT
BRONX,2026-05-18 23:00:00,25.58,0.0,24100.0,0.0,0.0,0.0,18.23,2026-05-18,23,Monday,False,False,True,5,SPRING,CLEAR,LIGHT
BRONX,2026-05-19 00:00:00,23.58,0.0,24100.0,0.0,0.0,0.0,18.03,2026-05-19,0,Tuesday,False,False,True,5,SPRING,CLEAR,LIGHT
BRONX,2026-05-19 01:00:00,23.98,0.0,24100.0,0.0,0.0,0.0,15.19,2026-05-19,1,Tuesday,False,False,True,5,SPRING,CLEAR,LIGHT
BRONX,2026-05-19 02:00:00,25.78,0.0,24100.0,0.0,0.0,0.0,15.14,2026-05-19,2,Tuesday,False,False,True,5,SPRING,CLEAR,LIGHT
BRONX,2026-05-19 03:00:00,24.98,0.0,24100.0,0.0,0.0,0.0,11.77,2026-05-19,3,Tuesday,False,False,True,5,SPRING,CLEAR,LIGHT
BRONX,2026-05-19 04:00:00,24.58,0.0,24100.0,0.0,0.0,0.0,14.39,2026-05-19,4,Tuesday,False,False,True,5,SPRING,CLEAR,LIGHT
BRONX,2026-05-19 05:00:00,24.38,0.0,24100.0,0.0,0.0,0.0,15.55,2026-05-19,5,Tuesday,False,False,True,5,SPRING,CLEAR,LIGHT
BRONX,2026-05-19 06:00:00,23.68,0.0,24100.0,0.0,0.0,0.0,12.48,2026-05-19,6,Tuesday,False,False,False,5,SPRING,CLEAR,LIGHT
BRONX,2026-05-19 07:00:00,23.08,0.0,24100.0,0.0,0.0,0.0,10.79,2026-05-19,7,Tuesday,False,True,False,5,SPRING,CLEAR,LIGHT
BRONX,2026-05-19 08:00:00,22.18,0.0,24100.0,0.0,0.0,0.0,11.97,2026-05-19,8,Tuesday,False,True,False,5,SPRING,CLEAR,LIGHT
BRONX,2026-05-19 09:00:00,21.68,0.0,24100.0,0.0,0.0,0.0,12.3,2026-05-19,9,Tuesday,False,True,False,5,SPRING,CLEAR,LIGHT
BRONX,2026-05-19 10:00:00,21.58,0.0,24100.0,0.0,0.0,0.0,12.41,2026-05-19,10,Tuesday,False,False,False,5,SPRING,CLEAR,LIGHT
BRONX,2026-05-19 11:00:00,22.68,0.0,24100.0,0.0,0.0,0.0,12.41,2026-05-19,11,Tuesday,False,False,False,5,SPRING,CLEAR,LIGHT
BRONX,2026-05-19 12:00:00,24.58,0.0,24100.0,0.0,0.0,0.0,16.29,2026-05-19,12,Tuesday,False,False,False,5,SPRING,CLEAR,LIGHT
BRONX,2026-05-19 13:00:00,26.68,0.0,24100.0,0.0,0.0,0.0,14.51,2026-05-19,13,Tuesday,False,False,False,5,SPRING,CLEAR,LIGHT
BRONX,2026-05-19 14:00:00,29.18,0.0,24100.0,0.0,0.0,0.0,14.57,2026-05-19,14,Tuesday,False,False,False,5,SPRING,CLEAR,LIGHT
BRONX,2026-05-19 15:00:00,31.68,0.0,24100.0,0.0,0.0,0.0,14.53,2026-05-19,15,Tuesday,False,False,False,5,SPRING,CLEAR,LIGHT
BRONX,2026-05-19 16:00:00,33.68,0.0,24100.0,0.0,0.0,0.0,17.31,2026-05-19,16,Tuesday,False,True,False,5,SPRING,CLEAR,LIGHT
BRONX,2026-05-19 17:00:00,35.08,0.0,24100.0,0.0,0.0,0.0,20.87,2026-05-19,17,Tuesday,False,True,False,5,SPRING,CLEAR,LIGHT
BRONX,2026-05-19 18:00:00,34.98,0.0,24100.0,0.0,0.0,0.0,22.7,2026-05-19,18,Tuesday,False,True,False,5,SPRING,CLEAR,LIGHT
BRONX,2026-05-19 19:00:00,33.98,0.0,24100.0,0.0,0.0,0.0,23.93,2026-05-19,19,Tuesday,False,True,False,5,SPRING,CLEAR,LIGHT
BRONX,2026-05-19 20:00:00,33.78,0.0,24100.0,0.0,0.0,0.0,22.77,2026-05-19,20,Tuesday,False,False,True,5,SPRING,CLEAR,LIGHT
BRONX,2026-05-19 21:00:00,34.38,0.0,24100.0,0.0,0.0,0.0,23.28,2026-05-19,21,Tuesday,False,False,True,5,SPRING,CLEAR,LIGHT
BRONX,2026-05-19 22:00:00,34.18,0.0,24100.0,0.0,0.0,0.0,24.68,2026-05-19,22,Tuesday,False,False,True,5,SPRING,CLEAR,LIGHT
BRONX,2026-05-19 23:00:00,33.28,0.0,24100.0,0.0,0.0,0.0,24.59,2026-05-19,23,Tuesday,False,False,True,5,SPRING,CLEAR,LIGHT
BRONX,2026-05-20 00:00:00,31.58,0.0,24100.0,0.0,0.0,0.0,22.1,2026-05-20,0,Wednesday,False,False,True,5,SPRING,CLEAR,LIGHT
BRONX,2026-05-20 01:00:00,30.48,0.0,24100.0,0.0,0.0,0.0,18.23,2026-05-20,1,Wednesday,False,False,True,5,SPRING,CLEAR,LIGHT
BRONX,2026-05-20 02:00:00,29.58,0.0,24100.0,0.0,0.0,0.0,16.97,2026-05-20,2,Wednesday,False,False,True,5,SPRING,CLEAR,LIGHT
BRONX,2026-05-20 03:00:00,28.78,0.0,24100.0,0.0,0.0,0.0,15.6,2026-05-20,3,Wednesday,False,False,True,5,SPRING,CLEAR,LIGHT
BRONX,2026-05-20 04:00:00,27.98,0.0,24100.0,0.0,0.0,0.0,14.58,2026-05-20,4,Wednesday,False,False,True,5,SPRING,CLEAR,LIGHT
BRONX,2026-05-20 05:00:00,27.18,0.0,24100.0,0.0,0.0,0.0,13.0,2026-05-20,5,Wednesday,False,False,True,5,SPRING,CLEAR,LIGHT
BRONX,2026-05-20 06:00:00,26.08,0.0,24100.0,0.0,0.0,0.0,13.55,2026-05-20,6,Wednesday,False,False,False,5,SPRING,CLEAR,LIGHT
BRONX,2026-05-20 07:00:00,25.38,0.0,24100.0,0.0,0.0,0.0,12.77,2026-05-20,7,Wednesday,False,True,False,5,SPRING,CLEAR,LIGHT
BRONX,2026-05-20 08:00:00,25.38,0.0,24100.0,0.0,0.0,0.0,13.1,2026-05-20,8,Wednesday,False,True,False,5,SPRING,CLEAR,LIGHT
BRONX,2026-05-20 09:00:00,24.78,0.0,24100.0,0.0,0.0,0.0,12.68,2026-05-20,9,Wednesday,False,True,False,5,SPRING,CLEAR,LIGHT
BRONX,2026-05-20 10:00:00,24.38,0.0,24100.0,0.0,0.0,0.0,12.89,2026-05-20,10,Wednesday,False,False,False,5,SPRING,CLEAR,LIGHT
BRONX,2026-05-20 11:00:00,25.18,0.0,24100.0,0.0,0.0,0.0,13.53,2026-05-20,11,Wednesday,False,False,False,5,SPRING,CLEAR,LIGHT
BRONX,2026-05-20 12:00:00,27.08,0.0,24100.0,0.0,0.0,0.0,16.42,2026-05-20,12,Wednesday,False,False,False,5,SPRING,CLEAR,LIGHT
BRONX,2026-05-20 13:00:00,29.18,0.0,24100.0,0.0,0.0,0.0,18.72,2026-05-20,13,Wednesday,False,False,False,5,SPRING,CLEAR,LIGHT
BRONX,2026-05-20 14:00:00,30.78,0.0,24100.0,0.0,0.0,0.0,18.86,2026-05-20,14,Wednesday,False,False,False,5,SPRING,CLEAR,LIGHT
BRONX,2026-05-20 15:00:00,31.68,0.0,24100.0,0.0,0.0,0.0,18.86,2026-05-20,15,Wednesday,False,False,False,5,SPRING,CLEAR,LIGHT
BRONX,2026-05-20 16:00:00,32.88,0.0,24100.0,0.0,0.0,0.0,17.78,2026-05-20,16,Wednesday,False,True,False,5,SPRING,CLEAR,LIGHT
BRONX,2026-05-20 17:00:00,34.08,0.0,24100.0,0.0,0.0,0.0,17.71,2026-05-20,17,Wednesday,False,True,False,5,SPRING,CLEAR,LIGHT
BRONX,2026-05-20 18:00:00,34.58,0.0,24100.0,0.0,0.0,0.0,17.23,2026-05-20,18,Wednesday,False,True,False,5,SPRING,CLEAR,LIGHT
BRONX,2026-05-20 19:00:00,34.98,0.0,24100.0,0.0,0.0,0.0,15.68,2026-05-20,19,Wednesday,False,True,False,5,SPRING,CLEAR,LIGHT
BRONX,2026-05-20 20:00:00,34.18,0.0,24100.0,0.0,0.0,0.0,22.38,2026-05-20,20,Wednesday,False,False,True,5,SPRING,CLEAR,LIGHT
BRONX,2026-05-20 21:00:00,30.28,0.1,16000.0,0.0,0.1,0.0,21.13,2026-05-20,21,Wednesday,False,False,True,5,SPRING,RAIN,LIGHT
BRONX,2026-05-20 22:00:00,31.18,0.0,19500.0,0.0,0.0,0.0,21.95,2026-05-20,22,Wednesday,False,False,True,5,SPRING,CLEAR,LIGHT
BRONX,2026-05-20 23:00:00,24.48,1.1,17700.0,0.0,1.1,0.0,25.01,2026-05-20,23,Wednesday,False,False,True,5,SPRING,RAIN,LIGHT
BRONX,2026-05-21 00:00:00,23.08,1.7,7500.0,0.0,1.7,0.0,18.58,2026-05-21,0,Thursday,False,False,True,5,SPRING,RAIN,LIGHT
BRONX,2026-05-21 01:00:00,21.78,1.6,18000.0,0.0,1.6,0.0,6.12,2026-05-21,1,Thursday,False,False,True,5,SPRING,RAIN,LIGHT
BRONX,2026-05-21 02:00:00,21.68,0.3,24100.0,0.0,0.3,0.0,12.29,2026-05-21,2,Thursday,False,False,True,5,SPRING,RAIN,LIGHT
BRONX,2026-05-21 03:00:00,21.58,0.0,24100.0,0.0,0.0,0.0,11.09,2026-05-21,3,Thursday,False,False,True,5,SPRING,CLEAR,LIGHT
BRONX,2026-05-21 04:00:00,20.38,0.0,24100.0,0.0,0.0,0.0,15.68,2026-05-21,4,Thursday,False,False,True,5,SPRING,CLEAR,LIGHT
BRONX,2026-05-21 05:00:00,19.38,0.0,24100.0,0.0,0.0,0.0,15.48,2026-05-21,5,Thursday,False,False,True,5,SPRING,CLEAR,LIGHT
BRONX,2026-05-21 06:00:00,18.78,0.2,24100.0,0.0,0.2,0.0,13.89,2026-05-21,6,Thursday,False,False,False,5,SPRING,RAIN,LIGHT
BRONX,2026-05-21 07:00:00,18.78,0.0,24100.0,0.0,0.0,0.0,10.95,2026-05-21,7,Thursday,False,True,False,5,SPRING,CLEAR,LIGHT
BRONX,2026-05-21 08:00:00,18.58,0.0,24100.0,0.0,0.0,0.0,7.92,2026-05-21,8,Thursday,False,True,False,5,SPRING,CLEAR,LIGHT
BRONX,2026-05-21 09:00:00,18.28,0.0,24100.0,0.0,0.0,0.0,10.24,2026-05-21,9,Thursday,False,True,False,5,SPRING,CLEAR,LIGHT
BRONX,2026-05-21 10:00:00,17.68,0.0,24100.0,0.0,0.0,0.0,11.17,2026-05-21,10,Thursday,False,False,False,5,SPRING,CLEAR,LIGHT
BRONX,2026-05-21 11:00:00,17.58,0.0,24100.0,0.0,0.0,0.0,12.57,2026-05-21,11,Thursday,False,False,False,5,SPRING,CLEAR,LIGHT
BRONX,2026-05-21 12:00:00,17.98,0.0,24100.0,0.0,0.0,0.0,16.62,2026-05-21,12,Thursday,False,False,False,5,SPRING,CLEAR,LIGHT
BRONX,2026-05-21 13:00:00,18.68,0.0,24100.0,0.0,0.0,0.0,18.46,2026-05-21,13,Thursday,False,False,False,5,SPRING,CLEAR,LIGHT
BRONX,2026-05-21 14:00:00,17.58,0.0,24100.0,0.0,0.0,0.0,18.08,2026-05-21,14,Thursday,False,False,False,5,SPRING,CLEAR,LIGHT
BRONX,2026-05-21 15:00:00,15.88,0.1,23700.0,0.1,0.0,0.0,16.95,2026-05-21,15,Thursday,False,False,False,5,SPRING,RAIN,LIGHT
BRONX,2026-05-21 16:00:00,14.78,0.7,19600.0,0.7,0.0,0.0,15.94,2026-05-21,16,Thursday,False,True,False,5,SPRING,RAIN,LIGHT
BRONX,2026-05-21 17:00:00,14.38,0.6,18300.0,0.6,0.0,0.0,10.9,2026-05-21,17,Thursday,False,True,False,5,SPRING,RAIN,LIGHT
BRONX,2026-05-21 18:00:00,14.48,0.7,22500.0,0.7,0.0,0.0,7.29,2026-05-21,18,Thursday,False,True,False,5,SPRING,RAIN,LIGHT
BRONX,2026-05-21 19:00:00,15.08,0.1,24100.0,0.1,0.0,0.0,0.8,2026-05-21,19,Thursday,False,True,False,5,SPRING,RAIN,LIGHT
BRONX,2026-05-21 20:00:00,15.48,0.1,24100.0,0.1,0.0,0.0,5.15,2026-05-21,20,Thursday,False,False,True,5,SPRING,RAIN,LIGHT
BRONX,2026-05-21 21:00:00,16.28,0.0,24100.0,0.0,0.0,0.0,4.2,2026-05-21,21,Thursday,False,False,True,5,SPRING,CLEAR,LIGHT
BRONX,2026-05-21 22:00:00,17.38,0.0,24100.0,0.0,0.0,0.0,3.76,2026-05-21,22,Thursday,False,False,True,5,SPRING,CLEAR,LIGHT
BRONX,2026-05-21 23:00:00,17.28,0.0,24100.0,0.0,0.0,0.0,4.1,2026-05-21,23,Thursday,False,False,True,5,SPRING,CLEAR,LIGHT
BRONX,2026-05-22 00:00:00,17.08,0.0,24100.0,0.0,0.0,0.0,5.05,2026-05-22,0,Friday,False,False,True,5,SPRING,CLEAR,LIGHT
BRONX,2026-05-22 01:00:00,16.88,0.0,24100.0,0.0,0.0,0.0,4.35,2026-05-22,1,Friday,False,False,True,5,SPRING,CLEAR,LIGHT
BRONX,2026-05-22 02:00:00,16.48,0.0,24100.0,0.0,0.0,0.0,5.01,2026-05-22,2,Friday,False,False,True,5,SPRING,CLEAR,LIGHT
BRONX,2026-05-22 03:00:00,16.08,0.0,24100.0,0.0,0.0,0.0,7.07,2026-05-22,3,Friday,False,False,True,5,SPRING,CLEAR,LIGHT
BRONX,2026-05-22 04:00:00,15.78,0.0,24100.0,0.0,0.0,0.0,8.65,2026-05-22,4,Friday,False,False,True,5,SPRING,CLEAR,LIGHT
BRONX,2026-05-22 05:00:00,15.48,0.0,24100.0,0.0,0.0,0.0,9.45,2026-05-22,5,Friday,False,False,True,5,SPRING,CLEAR,LIGHT
BRONX,2026-05-22 06:00:00,15.28,0.0,24100.0,0.0,0.0,0.0,10.79,2026-05-22,6,Friday,False,False,False,5,SPRING,CLEAR,LIGHT
BRONX,2026-05-22 07:00:00,15.08,0.0,24100.0,0.0,0.0,0.0,11.53,2026-05-22,7,Friday,False,True,False,5,SPRING,CLEAR,LIGHT
BRONX,2026-05-22 08:00:00,14.88,0.0,24100.0,0.0,0.0,0.0,12.82,2026-05-22,8,Friday,False,True,False,5,SPRING,CLEAR,LIGHT
BRONX,2026-05-22 09:00:00,14.58,0.0,24100.0,0.0,0.0,0.0,15.31,2026-05-22,9,Friday,False,True,False,5,SPRING,CLEAR,LIGHT
BRONX,2026-05-22 10:00:00,14.08,0.0,24100.0,0.0,0.0,0.0,17.06,2026-05-22,10,Friday,False,False,False,5,SPRING,CLEAR,LIGHT
BRONX,2026-05-22 11:00:00,14.48,0.0,24100.0,0.0,0.0,0.0,21.1,2026-05-22,11,Friday,False,False,False,5,SPRING,CLEAR,LIGHT
BRONX,2026-05-22 12:00:00,14.88,0.0,24100.0,0.0,0.0,0.0,22.42,2026-05-22,12,Friday,False,False,False,5,SPRING,CLEAR,LIGHT
BRONX,2026-05-22 13:00:00,15.38,0.0,24100.0,0.0,0.0,0.0,21.75,2026-05-22,13,Friday,False,False,False,5,SPRING,CLEAR,LIGHT
BRONX,2026-05-22 14:00:00,15.98,0.0,24100.0,0.0,0.0,0.0,22.91,2026-05-22,14,Friday,False,False,False,5,SPRING,CLEAR,LIGHT
BRONX,2026-05-22 15:00:00,16.38,0.0,24100.0,0.0,0.0,0.0,23.36,2026-05-22,15,Friday,False,False,False,5,SPRING,CLEAR,LIGHT
BRONX,2026-05-22 16:00:00,16.98,0.0,24100.0,0.0,0.0,0.0,22.42,2026-05-22,16,Friday,False,True,False,5,SPRING,CLEAR,LIGHT
BRONX,2026-05-22 17:00:00,18.88,0.0,24100.0,0.0,0.0,0.0,22.17,2026-05-22,17,Friday,False,True,False,5,SPRING,CLEAR,LIGHT
BRONX,2026-05-22 18:00:00,19.38,0.0,24100.0,0.0,0.0,0.0,20.3,2026-05-22,18,Friday,False,True,False,5,SPRING,CLEAR,LIGHT
BRONX,2026-05-22 19:00:00,19.98,0.0,24100.0,0.0,0.0,0.0,17.34,2026-05-22,19,Friday,False,True,False,5,SPRING,CLEAR,LIGHT
BRONX,2026-05-22 20:00:00,19.98,0.0,24100.0,0.0,0.0,0.0,15.78,2026-05-22,20,Friday,False,False,True,5,SPRING,CLEAR,LIGHT
BRONX,2026-05-22 21:00:00,19.68,0.0,24100.0,0.0,0.0,0.0,14.04,2026-05-22,21,Friday,False,False,True,5,SPRING,CLEAR,LIGHT
BRONX,2026-05-22 22:00:00,18.88,0.0,24100.0,0.0,0.0,0.0,13.0,2026-05-22,22,Friday,False,False,True,5,SPRING,CLEAR,LIGHT
BRONX,2026-05-22 23:00:00,18.28,0.0,24100.0,0.0,0.0,0.0,13.09,2026-05-22,23,Friday,False,False,True,5,SPRING,CLEAR,LIGHT
BRONX,2026-05-23 00:00:00,16.98,0.0,24100.0,0.0,0.0,0.0,14.19,2026-05-23,0,Saturday,True,False,True,5,SPRING,CLEAR,LIGHT
BRONX,2026-05-23 01:00:00,14.28,0.0,40400.0,0.0,0.0,0.0,12.57,2026-05-23,1,Saturday,True,False,True,5,SPRING,CLEAR,LIGHT
BRONX,2026-05-23 02:00:00,13.98,0.0,40900.0,0.0,0.0,0.0,5.94,2026-05-23,2,Saturday,True,False,True,5,SPRING,CLEAR,LIGHT
BRONX,2026-05-23 03:00:00,13.58,0.0,40400.0,0.0,0.0,0.0,8.37,2026-05-23,3,Saturday,True,False,True,5,SPRING,CLEAR,LIGHT
BRONX,2026-05-23 04:00:00,13.13,0.0,29300.0,0.0,0.0,0.0,9.42,2026-05-23,4,Saturday,True,False,True,5,SPRING,CLEAR,LIGHT
BRONX,2026-05-23 05:00:00,13.63,0.0,31000.0,0.0,0.0,0.0,6.41,2026-05-23,5,Saturday,True,False,True,5,SPRING,CLEAR,LIGHT
BRONX,2026-05-23 06:00:00,13.63,0.0,35000.0,0.0,0.0,0.0,6.7,2026-05-23,6,Saturday,True,False,False,5,SPRING,CLEAR,LIGHT
BRONX,2026-05-23 07:00:00,12.73,0.0,32400.0,0.0,0.0,0.0,5.69,2026-05-23,7,Saturday,True,True,False,5,SPRING,CLEAR,LIGHT
BRONX,2026-05-23 08:00:00,12.48,0.0,27900.0,0.0,0.0,0.0,6.61,2026-05-23,8,Saturday,True,True,False,5,SPRING,CLEAR,LIGHT
BRONX,2026-05-23 09:00:00,12.38,0.0,20400.0,0.0,0.0,0.0,8.85,2026-05-23,9,Saturday,True,True,False,5,SPRING,CLEAR,LIGHT
BRONX,2026-05-23 10:00:00,12.18,0.0,24300.0,0.0,0.0,0.0,7.59,2026-05-23,10,Saturday,True,False,False,5,SPRING,CLEAR,LIGHT
BRONX,2026-05-23 11:00:00,12.58,0.0,22900.0,0.0,0.0,0.0,3.05,2026-05-23,11,Saturday,True,False,False,5,SPRING,CLEAR,LIGHT
BRONX,2026-05-23 12:00:00,12.93,0.0,23500.0,0.0,0.0,0.0,6.88,2026-05-23,12,Saturday,True,False,False,5,SPRING,CLEAR,LIGHT
BRONX,2026-05-23 13:00:00,13.38,0.0,26900.0,0.0,0.0,0.0,8.09,2026-05-23,13,Saturday,True,False,False,5,SPRING,CLEAR,LIGHT
BRONX,2026-05-23 14:00:00,12.58,0.0,24600.0,0.0,0.0,0.0,8.09,2026-05-23,14,Saturday,True,False,False,5,SPRING,CLEAR,LIGHT
BRONX,2026-05-23 15:00:00,13.28,0.0,26400.0,0.0,0.0,0.0,10.44,2026-05-23,15,Saturday,True,False,False,5,SPRING,CLEAR,LIGHT
BRONX,2026-05-23 16:00:00,12.83,0.0,21000.0,0.0,0.0,0.0,10.3,2026-05-23,16,Saturday,True,True,False,5,SPRING,CLEAR,LIGHT
BRONX,2026-05-23 17:00:00,11.88,0.0,25300.0,0.0,0.0,0.0,19.37,2026-05-23,17,Saturday,True,True,False,5,SPRING,CLEAR,LIGHT
BRONX,2026-05-23 18:00:00,12.08,0.4,21100.0,0.4,0.0,0.0,14.19,2026-05-23,18,Saturday,True,True,False,5,SPRING,RAIN,LIGHT
BRONX,2026-05-23 19:00:00,11.38,0.4,18400.0,0.4,0.0,0.0,13.32,2026-05-23,19,Saturday,True,True,False,5,SPRING,RAIN,LIGHT
BRONX,2026-05-23 20:00:00,10.68,0.4,8700.0,0.4,0.0,0.0,14.58,2026-05-23,20,Saturday,True,False,True,5,SPRING,RAIN,LIGHT
BRONX,2026-05-23 21:00:00,11.18,1.4,6600.0,1.4,0.0,0.0,13.58,2026-05-23,21,Saturday,True,False,True,5,SPRING,RAIN,LIGHT
BRONX,2026-05-23 22:00:00,10.93,2.2,11000.0,2.2,0.0,0.0,15.08,2026-05-23,22,Saturday,True,False,True,5,SPRING,RAIN,LIGHT
BRONX,2026-05-23 23:00:00,10.38,0.4,8700.0,0.4,0.0,0.0,9.61,2026-05-23,23,Saturday,True,False,True,5,SPRING,RAIN,LIGHT
BRONX,2026-05-24 00:00:00,9.93,3.6,7400.0,3.6,0.0,0.0,11.38,2026-05-24,0,Sunday,True,False,True,5,SPRING,RAIN,MODERATE
BRONX,2026-05-24 01:00:00,10.13,0.0,14900.0,0.0,0.0,0.0,8.21,2026-05-24,1,Sunday,True,False,True,5,SPRING,CLEAR,LIGHT
BRONX,2026-05-24 02:00:00,10.28,0.0,14300.0,0.0,0.0,0.0,11.44,2026-05-24,2,Sunday,True,False,True,5,SPRING,CLEAR,LIGHT
BRONX,2026-05-24 03:00:00,10.38,0.0,16400.0,0.0,0.0,0.0,12.24,2026-05-24,3,Sunday,True,False,True,5,SPRING,CLEAR,LIGHT
BRONX,2026-05-24 04:00:00,10.58,0.0,15600.0,0.0,0.0,0.0,12.48,2026-05-24,4,Sunday,True,False,True,5,SPRING,CLEAR,LIGHT
BRONX,2026-05-24 05:00:00,10.28,0.0,14700.0,0.0,0.0,0.0,19.97,2026-05-24,5,Sunday,True,False,True,5,SPRING,CLEAR,LIGHT
BRONX,2026-05-24 06:00:00,10.43,0.0,14300.0,0.0,0.0,0.0,14.65,2026-05-24,6,Sunday,True,False,False,5,SPRING,CLEAR,LIGHT
BRONX,2026-05-24 07:00:00,10.88,0.4,15800.0,0.4,0.0,0.0,16.45,2026-05-24,7,Sunday,True,True,False,5,SPRING,RAIN,LIGHT
BRONX,2026-05-24 08:00:00,10.63,1.1,13600.0,1.1,0.0,0.0,14.12,2026-05-24,8,Sunday,True,True,False,5,SPRING,RAIN,LIGHT
BRONX,2026-05-24 09:00:00,10.68,0.4,12700.0,0.4,0.0,0.0,14.35,2026-05-24,9,Sunday,True,True,False,5,SPRING,RAIN,LIGHT
BRONX,2026-05-24 10:00:00,11.08,3.6,4800.0,3.6,0.0,0.0,13.1,2026-05-24,10,Sunday,True,False,False,5,SPRING,RAIN,MODERATE
BRONX,2026-05-24 11:00:00,11.03,1.8,13000.0,1.8,0.0,0.0,13.36,2026-05-24,11,Sunday,True,False,False,5,SPRING,RAIN,LIGHT
BRONX,2026-05-24 12:00:00,11.33,1.1,8900.0,1.1,0.0,0.0,17.4,2026-05-24,12,Sunday,True,False,False,5,SPRING,RAIN,LIGHT
BRONX,2026-05-24 13:00:00,11.38,0.4,12600.0,0.4,0.0,0.0,13.05,2026-05-24,13,Sunday,True,False,False,5,SPRING,RAIN,LIGHT
BRONX,2026-05-24 14:00:00,11.78,1.4,13000.0,1.4,0.0,0.0,13.71,2026-05-24,14,Sunday,True,False,False,5,SPRING,RAIN,LIGHT
BRONX,2026-05-24 15:00:00,12.03,0.7,7200.0,0.7,0.0,0.0,10.8,2026-05-24,15,Sunday,True,False,False,5,SPRING,RAIN,LIGHT
BRONX,2026-05-24 16:00:00,12.38,0.0,12600.0,0.0,0.0,0.0,13.25,2026-05-24,16,Sunday,True,True,False,5,SPRING,CLEAR,LIGHT
BRONX,2026-05-24 17:00:00,12.68,0.7,12200.0,0.7,0.0,0.0,11.46,2026-05-24,17,Sunday,True,True,False,5,SPRING,RAIN,LIGHT
BRONX,2026-05-24 18:00:00,13.23,0.0,2100.0,0.0,0.0,0.0,12.1,2026-05-24,18,Sunday,True,True,False,5,SPRING,FOG,MODERATE
BRONX,2026-05-24 19:00:00,13.38,0.0,2100.0,0.0,0.0,0.0,15.55,2026-05-24,19,Sunday,True,True,False,5,SPRING,FOG,MODERATE
BRONX,2026-05-24 20:00:00,13.68,0.0,2000.0,0.0,0.0,0.0,19.23,2026-05-24,20,Sunday,True,False,True,5,SPRING,FOG,MODERATE
BRONX,2026-05-24 21:00:00,13.73,0.0,1600.0,0.0,0.0,0.0,16.3,2026-05-24,21,Sunday,True,False,True,5,SPRING,FOG,MODERATE
BRONX,2026-05-24 22:00:00,13.68,0.0,1600.0,0.0,0.0,0.0,14.84,2026-05-24,22,Sunday,True,False,True,5,SPRING,FOG,MODERATE
BRONX,2026-05-24 23:00:00,13.43,0.0,12300.0,0.0,0.0,0.0,16.14,2026-05-24,23,Sunday,True,False,True,5,SPRING,CLEAR,LIGHT
BRONX,2026-05-25 00:00:00,13.28,0.0,12400.0,0.0,0.0,0.0,16.04,2026-05-25,0,Monday,False,False,True,5,SPRING,CLEAR,LIGHT
BRONX,2026-05-25 01:00:00,13.38,0.0,12200.0,0.0,0.0,0.0,12.39,2026-05-25,1,Monday,False,False,True,5,SPRING,CLEAR,LIGHT
BRONX,2026-05-25 02:00:00,13.38,0.0,12300.0,0.0,0.0,0.0,12.82,2026-05-25,2,Monday,False,False,True,5,SPRING,CLEAR,LIGHT
BRONX,2026-05-25 03:00:00,13.28,0.0,12200.0,0.0,0.0,0.0,10.23,2026-05-25,3,Monday,False,False,True,5,SPRING,CLEAR,LIGHT
BRONX,2026-05-25 04:00:00,13.33,0.0,100.0,0.0,0.0,0.0,9.93,2026-05-25,4,Monday,False,False,True,5,SPRING,FOG,SEVERE
BRONX,2026-05-25 05:00:00,13.18,0.0,12200.0,0.0,0.0,0.0,8.79,2026-05-25,5,Monday,False,False,True,5,SPRING,CLEAR,LIGHT
BRONX,2026-05-25 06:00:00,13.23,0.0,12200.0,0.0,0.0,0.0,6.13,2026-05-25,6,Monday,False,False,False,5,SPRING,CLEAR,LIGHT
BRONX,2026-05-25 07:00:00,13.43,0.0,12200.0,0.0,0.0,0.0,6.49,2026-05-25,7,Monday,False,True,False,5,SPRING,CLEAR,LIGHT
BRONX,2026-05-25 08:00:00,13.58,0.0,12200.0,0.0,0.0,0.0,4.33,2026-05-25,8,Monday,False,True,False,5,SPRING,CLEAR,LIGHT
BRONX,2026-05-25 09:00:00,13.53,0.0,12200.0,0.0,0.0,0.0,4.07,2026-05-25,9,Monday,False,True,False,5,SPRING,CLEAR,LIGHT
BRONX,2026-05-25 10:00:00,13.48,0.0,12200.0,0.0,0.0,0.0,2.81,2026-05-25,10,Monday,False,False,False,5,SPRING,CLEAR,LIGHT
BRONX,2026-05-25 11:00:00,13.48,0.0,12200.0,0.0,0.0,0.0,1.3,2026-05-25,11,Monday,False,False,False,5,SPRING,CLEAR,LIGHT
BRONX,2026-05-25 12:00:00,13.73,0.0,12200.0,0.0,0.0,0.0,4.1,2026-05-25,12,Monday,False,False,False,5,SPRING,CLEAR,LIGHT
BRONX,2026-05-25 13:00:00,14.13,1.1,12200.0,1.1,0.0,0.0,4.55,2026-05-25,13,Monday,False,False,False,5,SPRING,RAIN,LIGHT
BRONX,2026-05-25 14:00:00,14.98,0.0,12200.0,0.0,0.0,0.0,3.98,2026-05-25,14,Monday,False,False,False,5,SPRING,CLEAR,LIGHT
BRONX,2026-05-25 15:00:00,15.83,0.0,13300.0,0.0,0.0,0.0,6.73,2026-05-25,15,Monday,False,False,False,5,SPRING,CLEAR,LIGHT
BRONX,2026-05-25 16:00:00,16.28,0.4,13000.0,0.4,0.0,0.0,6.64,2026-05-25,16,Monday,False,True,False,5,SPRING,RAIN,LIGHT
BRONX,2026-05-25 17:00:00,17.63,0.0,14800.0,0.0,0.0,0.0,10.51,2026-05-25,17,Monday,False,True,False,5,SPRING,CLEAR,LIGHT
BRONX,2026-05-25 18:00:00,18.93,0.0,15900.0,0.0,0.0,0.0,8.67,2026-05-25,18,Monday,False,True,False,5,SPRING,CLEAR,LIGHT
BRONX,2026-05-25 19:00:00,21.13,0.0,19500.0,0.0,0.0,0.0,7.21,2026-05-25,19,Monday,False,True,False,5,SPRING,CLEAR,LIGHT
BRONX,2026-05-25 20:00:00,22.98,0.0,25000.0,0.0,0.0,0.0,8.47,2026-05-25,20,Monday,False,False,True,5,SPRING,CLEAR,LIGHT
BRONX,2026-05-25 21:00:00,24.48,0.0,30500.0,0.0,0.0,0.0,7.41,2026-05-25,21,Monday,False,False,True,5,SPRING,CLEAR,LIGHT
BRONX,2026-05-25 22:00:00,24.68,0.0,28500.0,0.0,0.0,0.0,3.62,2026-05-25,22,Monday,False,False,True,5,SPRING,CLEAR,LIGHT
BRONX,2026-05-25 23:00:00,22.88,0.0,22200.0,0.0,0.0,0.0,9.47,2026-05-25,23,Monday,False,False,True,5,SPRING,CLEAR,LIGHT
BRONX,2026-05-26 00:00:00,20.38,0.0,20000.0,0.0,0.0,0.0,9.57,2026-05-26,0,Tuesday,False,False,True,5,SPRING,CLEAR,LIGHT
BRONX,2026-05-26 01:00:00,18.88,0.0,16200.0,0.0,0.0,0.0,8.4,2026-05-26,1,Tuesday,False,False,True,5,SPRING,CLEAR,LIGHT
BRONX,2026-05-26 02:00:00,18.38,0.0,13400.0,0.0,0.0,0.0,8.09,2026-05-26,2,Tuesday,False,False,True,5,SPRING,CLEAR,LIGHT
BRONX,2026-05-26 03:00:00,17.73,0.0,12200.0,0.0,0.0,0.0,2.97,2026-05-26,3,Tuesday,False,False,True,5,SPRING,CLEAR,LIGHT
BRONX,2026-05-26 04:00:00,17.38,0.0,13100.0,0.0,0.0,0.0,5.82,2026-05-26,4,Tuesday,False,False,True,5,SPRING,CLEAR,LIGHT
BRONX,2026-05-26 05:00:00,16.68,0.0,14300.0,0.0,0.0,0.0,5.4,2026-05-26,5,Tuesday,False,False,True,5,SPRING,CLEAR,LIGHT
BRONX,2026-05-26 06:00:00,16.23,0.0,14900.0,0.0,0.0,0.0,7.64,2026-05-26,6,Tuesday,False,False,False,5,SPRING,CLEAR,LIGHT
BRONX,2026-05-26 07:00:00,15.43,0.0,16800.0,0.0,0.0,0.0,4.68,2026-05-26,7,Tuesday,False,True,False,5,SPRING,CLEAR,LIGHT
BRONX,2026-05-26 08:00:00,15.13,0.0,15200.0,0.0,0.0,0.0,6.7,2026-05-26,8,Tuesday,False,True,False,5,SPRING,CLEAR,LIGHT
BRONX,2026-05-26 09:00:00,14.68,0.0,13500.0,0.0,0.0,0.0,6.62,2026-05-26,9,Tuesday,False,True,False,5,SPRING,CLEAR,LIGHT
BRONX,2026-05-26 10:00:00,14.38,0.0,14100.0,0.0,0.0,0.0,5.8,2026-05-26,10,Tuesday,False,False,False,5,SPRING,CLEAR,LIGHT
BRONX,2026-05-26 11:00:00,15.93,0.0,16500.0,0.0,0.0,0.0,5.35,2026-05-26,11,Tuesday,False,False,False,5,SPRING,CLEAR,LIGHT
BRONX,2026-05-26 12:00:00,18.03,0.0,22000.0,0.0,0.0,0.0,9.98,2026-05-26,12,Tuesday,False,False,False,5,SPRING,CLEAR,LIGHT
BRONX,2026-05-26 13:00:00,20.13,0.0,27700.0,0.0,0.0,0.0,7.7,2026-05-26,13,Tuesday,False,False,False,5,SPRING,CLEAR,LIGHT
BRONX,2026-05-26 14:00:00,22.28,0.0,35000.0,0.0,0.0,0.0,6.73,2026-05-26,14,Tuesday,False,False,False,5,SPRING,CLEAR,LIGHT
BRONX,2026-05-26 15:00:00,24.18,0.0,42100.0,0.0,0.0,0.0,5.15,2026-05-26,15,Tuesday,False,False,False,5,SPRING,CLEAR,LIGHT
BRONX,2026-05-26 16:00:00,25.33,0.0,44800.0,0.0,0.0,0.0,7.42,2026-05-26,16,Tuesday,False,True,False,5,SPRING,CLEAR,LIGHT
BRONX,2026-05-26 17:00:00,26.88,0.0,60200.0,0.0,0.0,0.0,7.64,2026-05-26,17,Tuesday,False,True,False,5,SPRING,CLEAR,LIGHT
BRONX,2026-05-26 18:00:00,27.28,0.0,66900.0,0.0,0.0,0.0,8.31,2026-05-26,18,Tuesday,False,True,False,5,SPRING,CLEAR,LIGHT
BRONX,2026-05-26 19:00:00,28.63,0.0,66600.0,0.0,0.0,0.0,6.03,2026-05-26,19,Tuesday,False,True,False,5,SPRING,CLEAR,LIGHT
BRONX,2026-05-26 20:00:00,28.23,0.0,51500.0,0.0,0.0,0.0,11.72,2026-05-26,20,Tuesday,False,False,True,5,SPRING,CLEAR,LIGHT
BRONX,2026-05-26 21:00:00,27.78,0.0,48500.0,0.0,0.0,0.0,11.93,2026-05-26,21,Tuesday,False,False,True,5,SPRING,CLEAR,LIGHT
BRONX,2026-05-26 22:00:00,26.58,0.0,61300.0,0.0,0.0,0.0,16.45,2026-05-26,22,Tuesday,False,False,True,5,SPRING,CLEAR,LIGHT
BRONX,2026-05-26 23:00:00,24.23,0.0,48600.0,0.0,0.0,0.0,15.11,2026-05-26,23,Tuesday,False,False,True,5,SPRING,CLEAR,LIGHT
BRONX,2026-05-27 00:00:00,22.43,0.0,37000.0,0.0,0.0,0.0,13.0,2026-05-27,0,Wednesday,False,False,True,5,SPRING,CLEAR,LIGHT
BRONX,2026-05-27 01:00:00,20.93,0.0,34000.0,0.0,0.0,0.0,8.76,2026-05-27,1,Wednesday,False,False,True,5,SPRING,CLEAR,LIGHT
BRONX,2026-05-27 02:00:00,20.38,0.0,30900.0,0.0,0.0,0.0,4.69,2026-05-27,2,Wednesday,False,False,True,5,SPRING,CLEAR,LIGHT
BRONX,2026-05-27 03:00:00,19.53,0.0,21500.0,0.0,0.0,0.0,4.33,2026-05-27,3,Wednesday,False,False,True,5,SPRING,CLEAR,LIGHT
BRONX,2026-05-27 04:00:00,20.13,0.0,25100.0,0.0,0.0,0.0,6.76,2026-05-27,4,Wednesday,False,False,True,5,SPRING,CLEAR,LIGHT
BRONX,2026-05-27 05:00:00,19.28,0.0,26300.0,0.0,0.0,0.0,5.9,2026-05-27,5,Wednesday,False,False,True,5,SPRING,CLEAR,LIGHT
BRONX,2026-05-27 06:00:00,19.73,0.0,28200.0,0.0,0.0,0.0,10.97,2026-05-27,6,Wednesday,False,False,False,5,SPRING,CLEAR,LIGHT
BRONX,2026-05-27 07:00:00,19.23,0.0,24900.0,0.0,0.0,0.0,6.92,2026-05-27,7,Wednesday,False,True,False,5,SPRING,CLEAR,LIGHT
BRONX,2026-05-27 08:00:00,18.88,0.0,24500.0,0.0,0.0,0.0,5.35,2026-05-27,8,Wednesday,False,True,False,5,SPRING,CLEAR,LIGHT
BRONX,2026-05-27 09:00:00,18.73,0.0,22800.0,0.0,0.0,0.0,6.13,2026-05-27,9,Wednesday,False,True,False,5,SPRING,CLEAR,LIGHT
BRONX,2026-05-27 10:00:00,19.18,0.0,21800.0,0.0,0.0,0.0,6.95,2026-05-27,10,Wednesday,False,False,False,5,SPRING,CLEAR,LIGHT
BRONX,2026-05-27 11:00:00,20.03,0.0,20300.0,0.0,0.0,0.0,7.59,2026-05-27,11,Wednesday,False,False,False,5,SPRING,CLEAR,LIGHT
BRONX,2026-05-27 12:00:00,21.68,0.0,24600.0,0.0,0.0,0.0,10.38,2026-05-27,12,Wednesday,False,False,False,5,SPRING,CLEAR,LIGHT
BRONX,2026-05-27 13:00:00,22.33,0.0,22000.0,0.0,0.0,0.0,10.38,2026-05-27,13,Wednesday,False,False,False,5,SPRING,CLEAR,LIGHT
BRONX,2026-05-27 14:00:00,22.98,0.0,24300.0,0.0,0.0,0.0,7.57,2026-05-27,14,Wednesday,False,False,False,5,SPRING,CLEAR,LIGHT
BRONX,2026-05-27 15:00:00,22.48,0.0,21400.0,0.0,0.0,0.0,8.89,2026-05-27,15,Wednesday,False,False,False,5,SPRING,CLEAR,LIGHT
BRONX,2026-05-27 16:00:00,23.23,0.0,18800.0,0.0,0.0,0.0,7.24,2026-05-27,16,Wednesday,False,True,False,5,SPRING,CLEAR,LIGHT
BRONX,2026-05-27 17:00:00,26.38,0.0,24100.0,0.0,0.0,0.0,11.02,2026-05-27,17,Wednesday,False,True,False,5,SPRING,CLEAR,LIGHT
BRONX,2026-05-27 18:00:00,27.08,0.0,30200.0,0.0,0.0,0.0,14.26,2026-05-27,18,Wednesday,False,True,False,5,SPRING,CLEAR,LIGHT
BRONX,2026-05-27 19:00:00,27.43,0.0,29800.0,0.0,0.0,0.0,13.55,2026-05-27,19,Wednesday,False,True,False,5,SPRING,CLEAR,LIGHT
BRONX,2026-05-27 20:00:00,28.73,0.0,38800.0,0.0,0.0,0.0,14.06,2026-05-27,20,Wednesday,False,False,True,5,SPRING,CLEAR,LIGHT
BRONX,2026-05-27 21:00:00,29.68,0.0,40000.0,0.0,0.0,0.0,16.32,2026-05-27,21,Wednesday,False,False,True,5,SPRING,CLEAR,LIGHT
BRONX,2026-05-27 22:00:00,29.43,0.0,39600.0,0.0,0.0,0.0,18.36,2026-05-27,22,Wednesday,False,False,True,5,SPRING,CLEAR,LIGHT
BRONX,2026-05-27 23:00:00,29.03,0.0,43200.0,0.0,0.0,0.0,16.92,2026-05-27,23,Wednesday,False,False,True,5,SPRING,CLEAR,LIGHT
BRONX,2026-05-28 00:00:00,27.43,0.0,40000.0,0.0,0.0,0.0,12.1,2026-05-28,0,Thursday,False,False,True,5,SPRING,CLEAR,LIGHT
BRONX,2026-05-28 01:00:00,27.03,0.0,42700.0,0.0,0.0,0.0,16.7,2026-05-28,1,Thursday,False,False,True,5,SPRING,CLEAR,LIGHT
BRONX,2026-05-28 02:00:00,25.88,0.0,38000.0,0.0,0.0,0.0,14.34,2026-05-28,2,Thursday,False,False,True,5,SPRING,CLEAR,LIGHT
BRONX,2026-05-28 03:00:00,24.83,0.0,32800.0,0.0,0.0,0.0,5.76,2026-05-28,3,Thursday,False,False,True,5,SPRING,CLEAR,LIGHT
BRONX,2026-05-28 04:00:00,25.18,0.0,53200.0,0.0,0.0,0.0,16.75,2026-05-28,4,Thursday,False,False,True,5,SPRING,CLEAR,LIGHT
BRONX,2026-05-28 05:00:00,24.03,0.0,55900.0,0.0,0.0,0.0,14.77,2026-05-28,5,Thursday,False,False,True,5,SPRING,CLEAR,LIGHT
BRONX,2026-05-28 06:00:00,22.53,0.0,55200.0,0.0,0.0,0.0,15.48,2026-05-28,6,Thursday,False,False,False,5,SPRING,CLEAR,LIGHT
BRONX,2026-05-28 07:00:00,22.03,0.0,48600.0,0.0,0.0,0.0,14.69,2026-05-28,7,Thursday,False,True,False,5,SPRING,CLEAR,LIGHT
BRONX,2026-05-28 08:00:00,21.53,0.0,46200.0,0.0,0.0,0.0,11.92,2026-05-28,8,Thursday,False,True,False,5,SPRING,CLEAR,LIGHT
BRONX,2026-05-28 09:00:00,19.83,0.0,38000.0,0.0,0.0,0.0,9.35,2026-05-28,9,Thursday,False,True,False,5,SPRING,CLEAR,LIGHT
BRONX,2026-05-28 10:00:00,19.78,0.0,41000.0,0.0,0.0,0.0,11.3,2026-05-28,10,Thursday,False,False,False,5,SPRING,CLEAR,LIGHT
BRONX,2026-05-28 11:00:00,19.53,0.0,35300.0,0.0,0.0,0.0,12.98,2026-05-28,11,Thursday,False,False,False,5,SPRING,CLEAR,LIGHT
BRONX,2026-05-28 12:00:00,20.93,0.0,36900.0,0.0,0.0,0.0,14.34,2026-05-28,12,Thursday,False,False,False,5,SPRING,CLEAR,LIGHT
BRONX,2026-05-28 13:00:00,22.23,0.0,40900.0,0.0,0.0,0.0,15.46,2026-05-28,13,Thursday,False,False,False,5,SPRING,CLEAR,LIGHT
BRONX,2026-05-28 14:00:00,23.13,0.0,44900.0,0.0,0.0,0.0,14.92,2026-05-28,14,Thursday,False,False,False,5,SPRING,CLEAR,LIGHT
BRONX,2026-05-28 15:00:00,23.38,0.0,37800.0,0.0,0.0,0.0,12.39,2026-05-28,15,Thursday,False,False,False,5,SPRING,CLEAR,LIGHT
BRONX,2026-05-28 16:00:00,23.53,0.0,46100.0,0.0,0.0,0.0,17.58,2026-05-28,16,Thursday,False,True,False,5,SPRING,CLEAR,LIGHT
BRONX,2026-05-28 17:00:00,22.53,0.4,37300.0,0.4,0.0,0.0,16.3,2026-05-28,17,Thursday,False,True,False,5,SPRING,RAIN,LIGHT
BRONX,2026-05-28 18:00:00,21.93,11.2,33300.0,11.2,0.0,0.0,13.78,2026-05-28,18,Thursday,False,True,False,5,SPRING,RAIN,HEAVY
BRONX,2026-05-28 19:00:00,22.38,0.0,34500.0,0.0,0.0,0.0,13.22,2026-05-28,19,Thursday,False,True,False,5,SPRING,CLEAR,LIGHT
BRONX,2026-05-28 20:00:00,23.83,0.0,44900.0,0.0,0.0,0.0,22.42,2026-05-28,20,Thursday,False,False,True,5,SPRING,CLEAR,LIGHT
BRONX,2026-05-28 21:00:00,21.28,1.1,40500.0,1.1,0.0,0.0,23.19,2026-05-28,21,Thursday,False,False,True,5,SPRING,RAIN,LIGHT
BRONX,2026-05-28 22:00:00,21.68,0.0,39100.0,0.0,0.0,0.0,21.68,2026-05-28,22,Thursday,False,False,True,5,SPRING,CLEAR,LIGHT
BRONX,2026-05-28 23:00:00,19.93,0.4,9100.0,0.4,0.0,0.0,20.61,2026-05-28,23,Thursday,False,False,True,5,SPRING,RAIN,LIGHT
BRONX,2026-05-29 00:00:00,20.23,0.0,36400.0,0.0,0.0,0.0,12.54,2026-05-29,0,Friday,False,False,True,5,SPRING,CLEAR,LIGHT
BRONX,2026-05-29 01:00:00,18.93,0.0,37300.0,0.0,0.0,0.0,12.18,2026-05-29,1,Friday,False,False,True,5,SPRING,CLEAR,LIGHT
BRONX,2026-05-29 02:00:00,18.08,0.0,40600.0,0.0,0.0,0.0,14.57,2026-05-29,2,Friday,False,False,True,5,SPRING,CLEAR,LIGHT
BRONX,2026-05-29 03:00:00,17.23,0.0,38300.0,0.0,0.0,0.0,14.29,2026-05-29,3,Friday,False,False,True,5,SPRING,CLEAR,LIGHT
BRONX,2026-05-29 04:00:00,16.03,0.0,34000.0,0.0,0.0,0.0,9.11,2026-05-29,4,Friday,False,False,True,5,SPRING,CLEAR,LIGHT
BRONX,2026-05-29 05:00:00,15.38,0.0,34200.0,0.0,0.0,0.0,8.37,2026-05-29,5,Friday,False,False,True,5,SPRING,CLEAR,LIGHT
BRONX,2026-05-29 06:00:00,14.93,0.0,31000.0,0.0,0.0,0.0,11.68,2026-05-29,6,Friday,False,False,False,5,SPRING,CLEAR,LIGHT
BRONX,2026-05-29 07:00:00,14.23,0.0,28100.0,0.0,0.0,0.0,9.42,2026-05-29,7,Friday,False,True,False,5,SPRING,CLEAR,LIGHT
BRONX,2026-05-29 08:00:00,13.88,0.0,26700.0,0.0,0.0,0.0,11.49,2026-05-29,8,Friday,False,True,False,5,SPRING,CLEAR,LIGHT
BRONX,2026-05-29 09:00:00,13.48,0.0,25700.0,0.0,0.0,0.0,11.27,2026-05-29,9,Friday,False,True,False,5,SPRING,CLEAR,LIGHT
BRONX,2026-05-29 10:00:00,13.88,0.0,27100.0,0.0,0.0,0.0,11.92,2026-05-29,10,Friday,False,False,False,5,SPRING,CLEAR,LIGHT
BRONX,2026-05-29 11:00:00,14.98,0.0,24600.0,0.0,0.0,0.0,12.1,2026-05-29,11,Friday,False,False,False,5,SPRING,CLEAR,LIGHT
BRONX,2026-05-29 12:00:00,16.53,0.0,27500.0,0.0,0.0,0.0,13.78,2026-05-29,12,Friday,False,False,False,5,SPRING,CLEAR,LIGHT
BRONX,2026-05-29 13:00:00,17.63,0.0,26700.0,0.0,0.0,0.0,10.32,2026-05-29,13,Friday,False,False,False,5,SPRING,CLEAR,LIGHT
BRONX,2026-05-29 14:00:00,19.93,0.0,36600.0,0.0,0.0,0.0,11.71,2026-05-29,14,Friday,False,False,False,5,SPRING,CLEAR,LIGHT
BRONX,2026-05-29 15:00:00,21.23,0.0,42300.0,0.0,0.0,0.0,11.18,2026-05-29,15,Friday,False,False,False,5,SPRING,CLEAR,LIGHT
BRONX,2026-05-29 16:00:00,22.93,0.0,52400.0,0.0,0.0,0.0,9.0,2026-05-29,16,Friday,False,True,False,5,SPRING,CLEAR,LIGHT
BRONX,2026-05-29 17:00:00,24.03,0.0,57900.0,0.0,0.0,0.0,15.83,2026-05-29,17,Friday,False,True,False,5,SPRING,CLEAR,LIGHT
BRONX,2026-05-29 18:00:00,24.48,0.0,52000.0,0.0,0.0,0.0,14.42,2026-05-29,18,Friday,False,True,False,5,SPRING,CLEAR,LIGHT
BRONX,2026-05-29 19:00:00,25.18,0.0,54400.0,0.0,0.0,0.0,17.52,2026-05-29,19,Friday,False,True,False,5,SPRING,CLEAR,LIGHT
BRONX,2026-05-29 20:00:00,25.33,0.0,56800.0,0.0,0.0,0.0,18.35,2026-05-29,20,Friday,False,False,True,5,SPRING,CLEAR,LIGHT
BRONX,2026-05-29 21:00:00,25.33,0.0,62600.0,0.0,0.0,0.0,16.39,2026-05-29,21,Friday,False,False,True,5,SPRING,CLEAR,LIGHT
BRONX,2026-05-29 22:00:00,23.93,0.0,54600.0,0.0,0.0,0.0,10.95,2026-05-29,22,Friday,False,False,True,5,SPRING,CLEAR,LIGHT
BRONX,2026-05-29 23:00:00,22.98,0.0,48200.0,0.0,0.0,0.0,9.18,2026-05-29,23,Friday,False,False,True,5,SPRING,CLEAR,LIGHT
BRONX,2026-05-30 00:00:00,22.53,0.0,53200.0,0.0,0.0,0.0,15.14,2026-05-30,0,Saturday,True,False,True,5,SPRING,CLEAR,LIGHT
BRONX,2026-05-30 01:00:00,22.18,0.0,49100.0,0.0,0.0,0.0,11.09,2026-05-30,1,Saturday,True,False,True,5,SPRING,CLEAR,LIGHT
BRONX,2026-05-30 02:00:00,22.68,0.0,55200.0,0.0,0.0,0.0,12.77,2026-05-30,2,Saturday,True,False,True,5,SPRING,CLEAR,LIGHT
BRONX,2026-05-30 03:00:00,22.58,0.0,58700.0,0.0,0.0,0.0,13.24,2026-05-30,3,Saturday,True,False,True,5,SPRING,CLEAR,LIGHT
BRONX,2026-05-30 04:00:00,21.68,0.0,49900.0,0.0,0.0,0.0,13.71,2026-05-30,4,Saturday,True,False,True,5,SPRING,CLEAR,LIGHT
BRONX,2026-05-30 05:00:00,21.28,0.0,42500.0,0.0,0.0,0.0,14.88,2026-05-30,5,Saturday,True,False,True,5,SPRING,CLEAR,LIGHT
BRONX,2026-05-30 06:00:00,19.93,0.0,42800.0,0.0,0.0,0.0,8.56,2026-05-30,6,Saturday,True,False,False,5,SPRING,CLEAR,LIGHT
BRONX,2026-05-30 07:00:00,17.43,0.0,34400.0,0.0,0.0,0.0,22.32,2026-05-30,7,Saturday,True,True,False,5,SPRING,CLEAR,LIGHT
BRONX,2026-05-30 08:00:00,15.63,0.0,51100.0,0.0,0.0,0.0,30.38,2026-05-30,8,Saturday,True,True,False,5,SPRING,WIND,MODERATE
BRONX,2026-05-30 09:00:00,13.38,0.0,43600.0,0.0,0.0,0.0,24.48,2026-05-30,9,Saturday,True,True,False,5,SPRING,CLEAR,LIGHT
BRONX,2026-05-30 10:00:00,12.08,0.0,37900.0,0.0,0.0,0.0,22.77,2026-05-30,10,Saturday,True,False,False,5,SPRING,CLEAR,LIGHT
BRONX,2026-05-30 11:00:00,12.58,0.0,36900.0,0.0,0.0,0.0,23.69,2026-05-30,11,Saturday,True,False,False,5,SPRING,CLEAR,LIGHT
BRONX,2026-05-30 12:00:00,13.28,0.0,35700.0,0.0,0.0,0.0,31.1,2026-05-30,12,Saturday,True,False,False,5,SPRING,WIND,MODERATE
BRONX,2026-05-30 13:00:00,13.93,0.0,35000.0,0.0,0.0,0.0,27.0,2026-05-30,13,Saturday,True,False,False,5,SPRING,CLEAR,LIGHT
BRONX,2026-05-30 14:00:00,14.53,0.0,33700.0,0.0,0.0,0.0,28.04,2026-05-30,14,Saturday,True,False,False,5,SPRING,CLEAR,LIGHT
BRONX,2026-05-30 15:00:00,14.03,0.0,30800.0,0.0,0.0,0.0,29.14,2026-05-30,15,Saturday,True,False,False,5,SPRING,CLEAR,LIGHT
BRONX,2026-05-30 16:00:00,14.43,0.0,33200.0,0.0,0.0,0.0,29.66,2026-05-30,16,Saturday,True,True,False,5,SPRING,CLEAR,LIGHT
BRONX,2026-05-30 17:00:00,14.38,0.0,31800.0,0.0,0.0,0.0,25.1,2026-05-30,17,Saturday,True,True,False,5,SPRING,CLEAR,LIGHT
BRONX,2026-05-30 18:00:00,14.13,0.0,29000.0,0.0,0.0,0.0,32.06,2026-05-30,18,Saturday,True,True,False,5,SPRING,WIND,MODERATE
BRONX,2026-05-30 19:00:00,14.88,0.0,32000.0,0.0,0.0,0.0,24.61,2026-05-30,19,Saturday,True,True,False,5,SPRING,CLEAR,LIGHT
BRONX,2026-05-30 20:00:00,14.93,0.0,29700.0,0.0,0.0,0.0,22.33,2026-05-30,20,Saturday,True,False,True,5,SPRING,CLEAR,LIGHT
BRONX,2026-05-30 21:00:00,14.68,0.0,28300.0,0.0,0.0,0.0,19.08,2026-05-30,21,Saturday,True,False,True,5,SPRING,CLEAR,LIGHT
BRONX,2026-05-30 22:00:00,16.03,0.0,37200.0,0.0,0.0,0.0,17.92,2026-05-30,22,Saturday,True,False,True,5,SPRING,CLEAR,LIGHT
BRONX,2026-05-30 23:00:00,15.58,0.0,34400.0,0.0,0.0,0.0,11.38,2026-05-30,23,Saturday,True,False,True,5,SPRING,CLEAR,LIGHT
BRONX,2026-05-31 00:00:00,14.13,0.0,31300.0,0.0,0.0,0.0,10.04,2026-05-31,0,Sunday,True,False,True,5,SPRING,CLEAR,LIGHT
BRONX,2026-05-31 01:00:00,12.58,0.0,30100.0,0.0,0.0,0.0,7.15,2026-05-31,1,Sunday,True,False,True,5,SPRING,CLEAR,LIGHT
BRONX,2026-05-31 02:00:00,11.43,0.0,27900.0,0.0,0.0,0.0,8.43,2026-05-31,2,Sunday,True,False,True,5,SPRING,CLEAR,LIGHT
BRONX,2026-05-31 03:00:00,10.73,0.0,24300.0,0.0,0.0,0.0,2.41,2026-05-31,3,Sunday,True,False,True,5,SPRING,CLEAR,LIGHT
BRONX,2026-05-31 04:00:00,10.23,0.0,26100.0,0.0,0.0,0.0,5.0,2026-05-31,4,Sunday,True,False,True,5,SPRING,CLEAR,LIGHT
BRONX,2026-05-31 05:00:00,9.38,0.0,21700.0,0.0,0.0,0.0,3.76,2026-05-31,5,Sunday,True,False,True,5,SPRING,CLEAR,LIGHT
BRONX,2026-05-31 06:00:00,9.33,0.0,21400.0,0.0,0.0,0.0,5.82,2026-05-31,6,Sunday,True,False,False,5,SPRING,CLEAR,LIGHT
BRONX,2026-05-31 07:00:00,8.78,0.0,22200.0,0.0,0.0,0.0,5.24,2026-05-31,7,Sunday,True,True,False,5,SPRING,CLEAR,LIGHT
BRONX,2026-05-31 08:00:00,8.38,0.0,19900.0,0.0,0.0,0.0,5.4,2026-05-31,8,Sunday,True,True,False,5,SPRING,CLEAR,LIGHT
BRONX,2026-05-31 09:00:00,7.73,0.0,20900.0,0.0,0.0,0.0,6.57,2026-05-31,9,Sunday,True,True,False,5,SPRING,CLEAR,LIGHT
BRONX,2026-05-31 10:00:00,7.93,0.0,22500.0,0.0,0.0,0.0,6.12,2026-05-31,10,Sunday,True,False,False,5,SPRING,CLEAR,LIGHT
BRONX,2026-05-31 11:00:00,10.58,0.0,25400.0,0.0,0.0,0.0,6.95,2026-05-31,11,Sunday,True,False,False,5,SPRING,CLEAR,LIGHT
BRONX,2026-05-31 12:00:00,13.43,0.0,33200.0,0.0,0.0,0.0,5.51,2026-05-31,12,Sunday,True,False,False,5,SPRING,CLEAR,LIGHT
BRONX,2026-05-31 13:00:00,15.83,0.0,39300.0,0.0,0.0,0.0,7.56,2026-05-31,13,Sunday,True,False,False,5,SPRING,CLEAR,LIGHT
BRONX,2026-05-31 14:00:00,18.48,0.0,44700.0,0.0,0.0,0.0,7.7,2026-05-31,14,Sunday,True,False,False,5,SPRING,CLEAR,LIGHT
BRONX,2026-05-31 15:00:00,20.83,0.0,47800.0,0.0,0.0,0.0,7.7,2026-05-31,15,Sunday,True,False,False,5,SPRING,CLEAR,LIGHT
BRONX,2026-05-31 16:00:00,22.63,0.0,50500.0,0.0,0.0,0.0,12.07,2026-05-31,16,Sunday,True,True,False,5,SPRING,CLEAR,LIGHT
BRONX,2026-05-31 17:00:00,24.13,0.0,60800.0,0.0,0.0,0.0,16.31,2026-05-31,17,Sunday,True,True,False,5,SPRING,CLEAR,LIGHT
BRONX,2026-05-31 18:00:00,23.68,0.0,53600.0,0.0,0.0,0.0,14.44,2026-05-31,18,Sunday,True,True,False,5,SPRING,CLEAR,LIGHT
BRONX,2026-05-31 19:00:00,24.43,0.0,59500.0,0.0,0.0,0.0,17.06,2026-05-31,19,Sunday,True,True,False,5,SPRING,CLEAR,LIGHT
BRONX,2026-05-31 20:00:00,24.88,0.0,66500.0,0.0,0.0,0.0,18.72,2026-05-31,20,Sunday,True,False,True,5,SPRING,CLEAR,LIGHT
BRONX,2026-05-31 21:00:00,25.13,0.0,72500.0,0.0,0.0,0.0,19.69,2026-05-31,21,Sunday,True,False,True,5,SPRING,CLEAR,LIGHT
BRONX,2026-05-31 22:00:00,24.63,0.0,69000.0,0.0,0.0,0.0,16.52,2026-05-31,22,Sunday,True,False,True,5,SPRING,CLEAR,LIGHT
BRONX,2026-05-31 23:00:00,24.28,0.0,71100.0,0.0,0.0,0.0,15.38,2026-05-31,23,Sunday,True,False,True,5,SPRING,CLEAR,LIGHT
BRONX,2026-06-01 00:00:00,23.83,0.0,78400.0,0.0,0.0,0.0,10.37,2026-06-01,0,Monday,False,False,True,6,SUMMER,CLEAR,LIGHT
BRONX,2026-06-01 01:00:00,20.68,0.0,63800.0,0.0,0.0,0.0,7.13,2026-06-01,1,Monday,False,False,True,6,SUMMER,CLEAR,LIGHT
BRONX,2026-06-01 02:00:00,19.23,0.0,57600.0,0.0,0.0,0.0,8.44,2026-06-01,2,Monday,False,False,True,6,SUMMER,CLEAR,LIGHT
BRONX,2026-06-01 03:00:00,20.08,0.0,64700.0,0.0,0.0,0.0,4.38,2026-06-01,3,Monday,False,False,True,6,SUMMER,CLEAR,LIGHT
BRONX,2026-06-01 04:00:00,18.53,0.0,39900.0,0.0,0.0,0.0,10.64,2026-06-01,4,Monday,False,False,True,6,SUMMER,CLEAR,LIGHT
BRONX,2026-06-01 05:00:00,18.18,0.0,39600.0,0.0,0.0,0.0,13.0,2026-06-01,5,Monday,False,False,True,6,SUMMER,CLEAR,LIGHT
BRONX,2026-06-01 06:00:00,16.68,0.0,27200.0,0.0,0.0,0.0,16.75,2026-06-01,6,Monday,False,False,False,6,SUMMER,CLEAR,LIGHT
BRONX,2026-06-01 07:00:00,15.38,0.0,26100.0,0.0,0.0,0.0,10.46,2026-06-01,7,Monday,False,True,False,6,SUMMER,CLEAR,LIGHT
BRONX,2026-06-01 08:00:00,14.33,0.0,20300.0,0.0,0.0,0.0,4.51,2026-06-01,8,Monday,False,True,False,6,SUMMER,CLEAR,LIGHT
BRONX,2026-06-01 09:00:00,14.03,0.0,20700.0,0.0,0.0,0.0,0.36,2026-06-01,9,Monday,False,True,False,6,SUMMER,CLEAR,LIGHT
BRONX,2026-06-01 10:00:00,13.78,0.0,22400.0,0.0,0.0,0.0,2.1,2026-06-01,10,Monday,False,False,False,6,SUMMER,CLEAR,LIGHT
BRONX,2026-06-01 11:00:00,15.78,0.0,24600.0,0.0,0.0,0.0,5.59,2026-06-01,11,Monday,False,False,False,6,SUMMER,CLEAR,LIGHT
BRONX,2026-06-01 12:00:00,17.28,0.0,27800.0,0.0,0.0,0.0,8.91,2026-06-01,12,Monday,False,False,False,6,SUMMER,CLEAR,LIGHT
BRONX,2026-06-01 13:00:00,18.58,0.0,28800.0,0.0,0.0,0.0,10.3,2026-06-01,13,Monday,False,False,False,6,SUMMER,CLEAR,LIGHT
BRONX,2026-06-01 14:00:00,19.43,0.0,30000.0,0.0,0.0,0.0,10.31,2026-06-01,14,Monday,False,False,False,6,SUMMER,CLEAR,LIGHT
BRONX,2026-06-01 15:00:00,19.88,0.0,33500.0,0.0,0.0,0.0,12.48,2026-06-01,15,Monday,False,False,False,6,SUMMER,CLEAR,LIGHT
BRONX,2026-06-01 16:00:00,19.83,0.0,31400.0,0.0,0.0,0.0,16.86,2026-06-01,16,Monday,False,True,False,6,SUMMER,CLEAR,LIGHT
BRONX,2026-06-01 17:00:00,19.93,0.0,32900.0,0.0,0.0,0.0,18.22,2026-06-01,17,Monday,False,True,False,6,SUMMER,CLEAR,LIGHT
BRONX,2026-06-01 18:00:00,20.63,0.0,35100.0,0.0,0.0,0.0,18.04,2026-06-01,18,Monday,False,True,False,6,SUMMER,CLEAR,LIGHT
BRONX,2026-06-01 19:00:00,19.93,0.0,32300.0,0.0,0.0,0.0,22.93,2026-06-01,19,Monday,False,True,False,6,SUMMER,CLEAR,LIGHT
BRONX,2026-06-01 20:00:00,19.33,0.0,31600.0,0.0,0.0,0.0,19.73,2026-06-01,20,Monday,False,False,True,6,SUMMER,CLEAR,LIGHT
BRONX,2026-06-01 21:00:00,19.18,0.0,35400.0,0.0,0.0,0.0,18.08,2026-06-01,21,Monday,False,False,True,6,SUMMER,CLEAR,LIGHT
BRONX,2026-06-01 22:00:00,18.43,0.0,35000.0,0.0,0.0,0.0,15.62,2026-06-01,22,Monday,False,False,True,6,SUMMER,CLEAR,LIGHT
BRONX,2026-06-01 23:00:00,17.68,0.0,36300.0,0.0,0.0,0.0,11.97,2026-06-01,23,Monday,False,False,True,6,SUMMER,CLEAR,LIGHT
BRONX,2026-06-02 00:00:00,16.53,0.0,32800.0,0.0,0.0,0.0,11.93,2026-06-02,0,Tuesday,False,False,True,6,SUMMER,CLEAR,LIGHT
BRONX,2026-06-02 01:00:00,14.43,0.0,20200.0,0.0,0.0,0.0,9.45,2026-06-02,1,Tuesday,False,False,True,6,SUMMER,CLEAR,LIGHT
BRONX,2026-06-02 02:00:00,13.63,0.0,21800.0,0.0,0.0,0.0,4.35,2026-06-02,2,Tuesday,False,False,True,6,SUMMER,CLEAR,LIGHT
BRONX,2026-06-02 03:00:00,12.53,0.0,21300.0,0.0,0.0,0.0,6.83,2026-06-02,3,Tuesday,False,False,True,6,SUMMER,CLEAR,LIGHT
STATEN ISLAND,2026-05-03 04:00:00,0.0,0.0,0.0,0.0,0.0,0.0,0.0,2026-05-03,4,Sunday,True,False,True,5,SPRING,FOG,SEVERE
STATEN ISLAND,2026-05-03 05:00:00,0.0,0.0,0.0,0.0,0.0,0.0,0.0,2026-05-03,5,Sunday,True,False,True,5,SPRING,FOG,SEVERE
STATEN ISLAND,2026-05-03 06:00:00,0.0,0.0,0.0,0.0,0.0,0.0,0.0,2026-05-03,6,Sunday,True,False,False,5,SPRING,FOG,SEVERE
STATEN ISLAND,2026-05-03 07:00:00,0.0,0.0,0.0,0.0,0.0,0.0,0.0,2026-05-03,7,Sunday,True,True,False,5,SPRING,FOG,SEVERE
STATEN ISLAND,2026-05-03 08:00:00,0.0,0.0,0.0,0.0,0.0,0.0,0.0,2026-05-03,8,Sunday,True,True,False,5,SPRING,FOG,SEVERE
STATEN ISLAND,2026-05-03 09:00:00,0.0,0.0,0.0,0.0,0.0,0.0,0.0,2026-05-03,9,Sunday,True,True,False,5,SPRING,FOG,SEVERE
STATEN ISLAND,2026-05-03 10:00:00,0.0,0.0,0.0,0.0,0.0,0.0,0.0,2026-05-03,10,Sunday,True,False,False,5,SPRING,FOG,SEVERE
STATEN ISLAND,2026-05-03 11:00:00,0.0,0.0,0.0,0.0,0.0,0.0,0.0,2026-05-03,11,Sunday,True,False,False,5,SPRING,FOG,SEVERE
STATEN ISLAND,2026-05-03 12:00:00,0.0,0.0,0.0,0.0,0.0,0.0,0.0,2026-05-03,12,Sunday,True,False,False,5,SPRING,FOG,SEVERE
STATEN ISLAND,2026-05-03 13:00:00,0.0,0.0,0.0,0.0,0.0,0.0,0.0,2026-05-03,13,Sunday,True,False,False,5,SPRING,FOG,SEVERE
STATEN ISLAND,2026-05-03 14:00:00,0.0,0.0,0.0,0.0,0.0,0.0,0.0,2026-05-03,14,Sunday,True,False,False,5,SPRING,FOG,SEVERE
STATEN ISLAND,2026-05-03 15:00:00,0.0,0.0,0.0,0.0,0.0,0.0,0.0,2026-05-03,15,Sunday,True,False,False,5,SPRING,FOG,SEVERE
STATEN ISLAND,2026-05-03 16:00:00,0.0,0.0,0.0,0.0,0.0,0.0,0.0,2026-05-03,16,Sunday,True,True,False,5,SPRING,FOG,SEVERE
STATEN ISLAND,2026-05-03 17:00:00,0.0,0.0,0.0,0.0,0.0,0.0,0.0,2026-05-03,17,Sunday,True,True,False,5,SPRING,FOG,SEVERE
STATEN ISLAND,2026-05-03 18:00:00,0.0,0.0,0.0,0.0,0.0,0.0,0.0,2026-05-03,18,Sunday,True,True,False,5,SPRING,FOG,SEVERE
STATEN ISLAND,2026-05-03 19:00:00,0.0,0.0,0.0,0.0,0.0,0.0,0.0,2026-05-03,19,Sunday,True,True,False,5,SPRING,FOG,SEVERE
STATEN ISLAND,2026-05-03 20:00:00,0.0,0.0,0.0,0.0,0.0,0.0,0.0,2026-05-03,20,Sunday,True,False,True,5,SPRING,FOG,SEVERE
STATEN ISLAND,2026-05-03 21:00:00,0.0,0.0,0.0,0.0,0.0,0.0,0.0,2026-05-03,21,Sunday,True,False,True,5,SPRING,FOG,SEVERE
STATEN ISLAND,2026-05-03 22:00:00,0.0,0.0,0.0,0.0,0.0,0.0,0.0,2026-05-03,22,Sunday,True,False,True,5,SPRING,FOG,SEVERE
STATEN ISLAND,2026-05-03 23:00:00,0.0,0.0,0.0,0.0,0.0,0.0,0.0,2026-05-03,23,Sunday,True,False,True,5,SPRING,FOG,SEVERE
STATEN ISLAND,2026-05-04 00:00:00,0.0,0.0,0.0,0.0,0.0,0.0,0.0,2026-05-04,0,Monday,False,False,True,5,SPRING,FOG,SEVERE
STATEN ISLAND,2026-05-04 01:00:00,0.0,0.0,0.0,0.0,0.0,0.0,0.0,2026-05-04,1,Monday,False,False,True,5,SPRING,FOG,SEVERE
STATEN ISLAND,2026-05-04 02:00:00,0.0,0.0,0.0,0.0,0.0,0.0,0.0,2026-05-04,2,Monday,False,False,True,5,SPRING,FOG,SEVERE
STATEN ISLAND,2026-05-04 03:00:00,0.0,0.0,0.0,0.0,0.0,0.0,0.0,2026-05-04,3,Monday,False,False,True,5,SPRING,FOG,SEVERE
STATEN ISLAND,2026-05-04 04:00:00,0.0,0.0,0.0,0.0,0.0,0.0,0.0,2026-05-04,4,Monday,False,False,True,5,SPRING,FOG,SEVERE
STATEN ISLAND,2026-05-04 05:00:00,0.0,0.0,0.0,0.0,0.0,0.0,0.0,2026-05-04,5,Monday,False,False,True,5,SPRING,FOG,SEVERE
STATEN ISLAND,2026-05-04 06:00:00,0.0,0.0,0.0,0.0,0.0,0.0,0.0,2026-05-04,6,Monday,False,False,False,5,SPRING,FOG,SEVERE
STATEN ISLAND,2026-05-04 07:00:00,0.0,0.0,0.0,0.0,0.0,0.0,0.0,2026-05-04,7,Monday,False,True,False,5,SPRING,FOG,SEVERE
STATEN ISLAND,2026-05-04 08:00:00,0.0,0.0,0.0,0.0,0.0,0.0,0.0,2026-05-04,8,Monday,False,True,False,5,SPRING,FOG,SEVERE
STATEN ISLAND,2026-05-04 09:00:00,0.0,0.0,0.0,0.0,0.0,0.0,0.0,2026-05-04,9,Monday,False,True,False,5,SPRING,FOG,SEVERE
STATEN ISLAND,2026-05-04 10:00:00,0.0,0.0,0.0,0.0,0.0,0.0,0.0,2026-05-04,10,Monday,False,False,False,5,SPRING,FOG,SEVERE
STATEN ISLAND,2026-05-04 11:00:00,0.0,0.0,0.0,0.0,0.0,0.0,0.0,2026-05-04,11,Monday,False,False,False,5,SPRING,FOG,SEVERE
STATEN ISLAND,2026-05-04 12:00:00,0.0,0.0,0.0,0.0,0.0,0.0,0.0,2026-05-04,12,Monday,False,False,False,5,SPRING,FOG,SEVERE
STATEN ISLAND,2026-05-04 13:00:00,0.0,0.0,0.0,0.0,0.0,0.0,0.0,2026-05-04,13,Monday,False,False,False,5,SPRING,FOG,SEVERE
STATEN ISLAND,2026-05-04 14:00:00,0.0,0.0,0.0,0.0,0.0,0.0,0.0,2026-05-04,14,Monday,False,False,False,5,SPRING,FOG,SEVERE
STATEN ISLAND,2026-05-04 15:00:00,0.0,0.0,0.0,0.0,0.0,0.0,0.0,2026-05-04,15,Monday,False,False,False,5,SPRING,FOG,SEVERE
STATEN ISLAND,2026-05-04 16:00:00,0.0,0.0,0.0,0.0,0.0,0.0,0.0,2026-05-04,16,Monday,False,True,False,5,SPRING,FOG,SEVERE
STATEN ISLAND,2026-05-04 17:00:00,0.0,0.0,0.0,0.0,0.0,0.0,0.0,2026-05-04,17,Monday,False,True,False,5,SPRING,FOG,SEVERE
STATEN ISLAND,2026-05-04 18:00:00,0.0,0.0,0.0,0.0,0.0,0.0,0.0,2026-05-04,18,Monday,False,True,False,5,SPRING,FOG,SEVERE
STATEN ISLAND,2026-05-04 19:00:00,0.0,0.0,0.0,0.0,0.0,0.0,0.0,2026-05-04,19,Monday,False,True,False,5,SPRING,FOG,SEVERE
STATEN ISLAND,2026-05-04 20:00:00,0.0,0.0,0.0,0.0,0.0,0.0,0.0,2026-05-04,20,Monday,False,False,True,5,SPRING,FOG,SEVERE
STATEN ISLAND,2026-05-04 21:00:00,0.0,0.0,0.0,0.0,0.0,0.0,0.0,2026-05-04,21,Monday,False,False,True,5,SPRING,FOG,SEVERE
STATEN ISLAND,2026-05-04 22:00:00,0.0,0.0,0.0,0.0,0.0,0.0,0.0,2026-05-04,22,Monday,False,False,True,5,SPRING,FOG,SEVERE
STATEN ISLAND,2026-05-04 23:00:00,0.0,0.0,0.0,0.0,0.0,0.0,0.0,2026-05-04,23,Monday,False,False,True,5,SPRING,FOG,SEVERE
STATEN ISLAND,2026-05-05 00:00:00,0.0,0.0,0.0,0.0,0.0,0.0,0.0,2026-05-05,0,Tuesday,False,False,True,5,SPRING,FOG,SEVERE
STATEN ISLAND,2026-05-05 01:00:00,0.0,0.0,0.0,0.0,0.0,0.0,0.0,2026-05-05,1,Tuesday,False,False,True,5,SPRING,FOG,SEVERE
STATEN ISLAND,2026-05-05 02:00:00,0.0,0.0,0.0,0.0,0.0,0.0,0.0,2026-05-05,2,Tuesday,False,False,True,5,SPRING,FOG,SEVERE
STATEN ISLAND,2026-05-05 03:00:00,0.0,0.0,0.0,0.0,0.0,0.0,0.0,2026-05-05,3,Tuesday,False,False,True,5,SPRING,FOG,SEVERE
STATEN ISLAND,2026-05-05 04:00:00,0.0,0.0,0.0,0.0,0.0,0.0,0.0,2026-05-05,4,Tuesday,False,False,True,5,SPRING,FOG,SEVERE
STATEN ISLAND,2026-05-05 05:00:00,0.0,0.0,0.0,0.0,0.0,0.0,0.0,2026-05-05,5,Tuesday,False,False,True,5,SPRING,FOG,SEVERE
STATEN ISLAND,2026-05-05 06:00:00,0.0,0.0,0.0,0.0,0.0,0.0,0.0,2026-05-05,6,Tuesday,False,False,False,5,SPRING,FOG,SEVERE
STATEN ISLAND,2026-05-05 07:00:00,0.0,0.0,0.0,0.0,0.0,0.0,0.0,2026-05-05,7,Tuesday,False,True,False,5,SPRING,FOG,SEVERE
STATEN ISLAND,2026-05-05 08:00:00,0.0,0.0,0.0,0.0,0.0,0.0,0.0,2026-05-05,8,Tuesday,False,True,False,5,SPRING,FOG,SEVERE
STATEN ISLAND,2026-05-05 09:00:00,0.0,0.0,0.0,0.0,0.0,0.0,0.0,2026-05-05,9,Tuesday,False,True,False,5,SPRING,FOG,SEVERE
STATEN ISLAND,2026-05-05 10:00:00,0.0,0.0,0.0,0.0,0.0,0.0,0.0,2026-05-05,10,Tuesday,False,False,False,5,SPRING,FOG,SEVERE
STATEN ISLAND,2026-05-05 11:00:00,0.0,0.0,0.0,0.0,0.0,0.0,0.0,2026-05-05,11,Tuesday,False,False,False,5,SPRING,FOG,SEVERE
STATEN ISLAND,2026-05-05 12:00:00,0.0,0.0,0.0,0.0,0.0,0.0,0.0,2026-05-05,12,Tuesday,False,False,False,5,SPRING,FOG,SEVERE
STATEN ISLAND,2026-05-05 13:00:00,0.0,0.0,0.0,0.0,0.0,0.0,0.0,2026-05-05,13,Tuesday,False,False,False,5,SPRING,FOG,SEVERE
STATEN ISLAND,2026-05-05 14:00:00,0.0,0.0,0.0,0.0,0.0,0.0,0.0,2026-05-05,14,Tuesday,False,False,False,5,SPRING,FOG,SEVERE
STATEN ISLAND,2026-05-05 15:00:00,0.0,0.0,0.0,0.0,0.0,0.0,0.0,2026-05-05,15,Tuesday,False,False,False,5,SPRING,FOG,SEVERE
STATEN ISLAND,2026-05-05 16:00:00,0.0,0.0,0.0,0.0,0.0,0.0,0.0,2026-05-05,16,Tuesday,False,True,False,5,SPRING,FOG,SEVERE
STATEN ISLAND,2026-05-05 17:00:00,0.0,0.0,0.0,0.0,0.0,0.0,0.0,2026-05-05,17,Tuesday,False,True,False,5,SPRING,FOG,SEVERE
STATEN ISLAND,2026-05-05 18:00:00,0.0,0.0,0.0,0.0,0.0,0.0,0.0,2026-05-05,18,Tuesday,False,True,False,5,SPRING,FOG,SEVERE
STATEN ISLAND,2026-05-05 19:00:00,0.0,0.0,0.0,0.0,0.0,0.0,0.0,2026-05-05,19,Tuesday,False,True,False,5,SPRING,FOG,SEVERE
STATEN ISLAND,2026-05-05 20:00:00,0.0,0.0,0.0,0.0,0.0,0.0,0.0,2026-05-05,20,Tuesday,False,False,True,5,SPRING,FOG,SEVERE
STATEN ISLAND,2026-05-05 21:00:00,0.0,0.0,0.0,0.0,0.0,0.0,0.0,2026-05-05,21,Tuesday,False,False,True,5,SPRING,FOG,SEVERE
STATEN ISLAND,2026-05-05 22:00:00,0.0,0.0,0.0,0.0,0.0,0.0,0.0,2026-05-05,22,Tuesday,False,False,True,5,SPRING,FOG,SEVERE
STATEN ISLAND,2026-05-05 23:00:00,0.0,0.0,0.0,0.0,0.0,0.0,0.0,2026-05-05,23,Tuesday,False,False,True,5,SPRING,FOG,SEVERE
STATEN ISLAND,2026-05-06 00:00:00,0.0,0.0,0.0,0.0,0.0,0.0,0.0,2026-05-06,0,Wednesday,False,False,True,5,SPRING,FOG,SEVERE
STATEN ISLAND,2026-05-06 01:00:00,0.0,0.0,0.0,0.0,0.0,0.0,0.0,2026-05-06,1,Wednesday,False,False,True,5,SPRING,FOG,SEVERE
STATEN ISLAND,2026-05-06 02:00:00,0.0,0.0,0.0,0.0,0.0,0.0,0.0,2026-05-06,2,Wednesday,False,False,True,5,SPRING,FOG,SEVERE
STATEN ISLAND,2026-05-06 03:00:00,0.0,0.0,0.0,0.0,0.0,0.0,0.0,2026-05-06,3,Wednesday,False,False,True,5,SPRING,FOG,SEVERE
STATEN ISLAND,2026-05-06 04:00:00,0.0,0.0,0.0,0.0,0.0,0.0,0.0,2026-05-06,4,Wednesday,False,False,True,5,SPRING,FOG,SEVERE
STATEN ISLAND,2026-05-06 05:00:00,0.0,0.0,0.0,0.0,0.0,0.0,0.0,2026-05-06,5,Wednesday,False,False,True,5,SPRING,FOG,SEVERE
STATEN ISLAND,2026-05-06 06:00:00,0.0,0.0,0.0,0.0,0.0,0.0,0.0,2026-05-06,6,Wednesday,False,False,False,5,SPRING,FOG,SEVERE
STATEN ISLAND,2026-05-06 07:00:00,0.0,0.0,0.0,0.0,0.0,0.0,0.0,2026-05-06,7,Wednesday,False,True,False,5,SPRING,FOG,SEVERE
STATEN ISLAND,2026-05-06 08:00:00,0.0,0.0,0.0,0.0,0.0,0.0,0.0,2026-05-06,8,Wednesday,False,True,False,5,SPRING,FOG,SEVERE
STATEN ISLAND,2026-05-06 09:00:00,0.0,0.0,0.0,0.0,0.0,0.0,0.0,2026-05-06,9,Wednesday,False,True,False,5,SPRING,FOG,SEVERE
STATEN ISLAND,2026-05-06 10:00:00,0.0,0.0,0.0,0.0,0.0,0.0,0.0,2026-05-06,10,Wednesday,False,False,False,5,SPRING,FOG,SEVERE
STATEN ISLAND,2026-05-06 11:00:00,0.0,0.0,0.0,0.0,0.0,0.0,0.0,2026-05-06,11,Wednesday,False,False,False,5,SPRING,FOG,SEVERE
STATEN ISLAND,2026-05-06 12:00:00,0.0,0.0,0.0,0.0,0.0,0.0,0.0,2026-05-06,12,Wednesday,False,False,False,5,SPRING,FOG,SEVERE
STATEN ISLAND,2026-05-06 13:00:00,0.0,0.0,0.0,0.0,0.0,0.0,0.0,2026-05-06,13,Wednesday,False,False,False,5,SPRING,FOG,SEVERE
STATEN ISLAND,2026-05-06 14:00:00,0.0,0.0,0.0,0.0,0.0,0.0,0.0,2026-05-06,14,Wednesday,False,False,False,5,SPRING,FOG,SEVERE
STATEN ISLAND,2026-05-06 15:00:00,0.0,0.0,0.0,0.0,0.0,0.0,0.0,2026-05-06,15,Wednesday,False,False,False,5,SPRING,FOG,SEVERE
STATEN ISLAND,2026-05-06 16:00:00,0.0,0.0,0.0,0.0,0.0,0.0,0.0,2026-05-06,16,Wednesday,False,True,False,5,SPRING,FOG,SEVERE
STATEN ISLAND,2026-05-06 17:00:00,0.0,0.0,0.0,0.0,0.0,0.0,0.0,2026-05-06,17,Wednesday,False,True,False,5,SPRING,FOG,SEVERE
STATEN ISLAND,2026-05-06 18:00:00,0.0,0.0,0.0,0.0,0.0,0.0,0.0,2026-05-06,18,Wednesday,False,True,False,5,SPRING,FOG,SEVERE
STATEN ISLAND,2026-05-06 19:00:00,0.0,0.0,0.0,0.0,0.0,0.0,0.0,2026-05-06,19,Wednesday,False,True,False,5,SPRING,FOG,SEVERE
STATEN ISLAND,2026-05-06 20:00:00,0.0,0.0,0.0,0.0,0.0,0.0,0.0,2026-05-06,20,Wednesday,False,False,True,5,SPRING,FOG,SEVERE
STATEN ISLAND,2026-05-06 21:00:00,0.0,0.0,0.0,0.0,0.0,0.0,0.0,2026-05-06,21,Wednesday,False,False,True,5,SPRING,FOG,SEVERE
STATEN ISLAND,2026-05-06 22:00:00,0.0,0.0,0.0,0.0,0.0,0.0,0.0,2026-05-06,22,Wednesday,False,False,True,5,SPRING,FOG,SEVERE
STATEN ISLAND,2026-05-06 23:00:00,0.0,0.0,0.0,0.0,0.0,0.0,0.0,2026-05-06,23,Wednesday,False,False,True,5,SPRING,FOG,SEVERE
STATEN ISLAND,2026-05-07 00:00:00,0.0,0.0,0.0,0.0,0.0,0.0,0.0,2026-05-07,0,Thursday,False,False,True,5,SPRING,FOG,SEVERE
STATEN ISLAND,2026-05-07 01:00:00,0.0,0.0,0.0,0.0,0.0,0.0,0.0,2026-05-07,1,Thursday,False,False,True,5,SPRING,FOG,SEVERE
STATEN ISLAND,2026-05-07 02:00:00,0.0,0.0,0.0,0.0,0.0,0.0,0.0,2026-05-07,2,Thursday,False,False,True,5,SPRING,FOG,SEVERE
STATEN ISLAND,2026-05-07 03:00:00,0.0,0.0,0.0,0.0,0.0,0.0,0.0,2026-05-07,3,Thursday,False,False,True,5,SPRING,FOG,SEVERE
STATEN ISLAND,2026-05-07 04:00:00,0.0,0.0,0.0,0.0,0.0,0.0,0.0,2026-05-07,4,Thursday,False,False,True,5,SPRING,FOG,SEVERE
STATEN ISLAND,2026-05-07 05:00:00,0.0,0.0,0.0,0.0,0.0,0.0,0.0,2026-05-07,5,Thursday,False,False,True,5,SPRING,FOG,SEVERE
STATEN ISLAND,2026-05-07 06:00:00,0.0,0.0,0.0,0.0,0.0,0.0,0.0,2026-05-07,6,Thursday,False,False,False,5,SPRING,FOG,SEVERE
STATEN ISLAND,2026-05-07 07:00:00,0.0,0.0,0.0,0.0,0.0,0.0,0.0,2026-05-07,7,Thursday,False,True,False,5,SPRING,FOG,SEVERE
STATEN ISLAND,2026-05-07 08:00:00,0.0,0.0,0.0,0.0,0.0,0.0,0.0,2026-05-07,8,Thursday,False,True,False,5,SPRING,FOG,SEVERE
STATEN ISLAND,2026-05-07 09:00:00,0.0,0.0,0.0,0.0,0.0,0.0,0.0,2026-05-07,9,Thursday,False,True,False,5,SPRING,FOG,SEVERE
STATEN ISLAND,2026-05-07 10:00:00,0.0,0.0,0.0,0.0,0.0,0.0,0.0,2026-05-07,10,Thursday,False,False,False,5,SPRING,FOG,SEVERE
STATEN ISLAND,2026-05-07 11:00:00,0.0,0.0,0.0,0.0,0.0,0.0,0.0,2026-05-07,11,Thursday,False,False,False,5,SPRING,FOG,SEVERE
STATEN ISLAND,2026-05-07 12:00:00,0.0,0.0,0.0,0.0,0.0,0.0,0.0,2026-05-07,12,Thursday,False,False,False,5,SPRING,FOG,SEVERE
STATEN ISLAND,2026-05-07 13:00:00,0.0,0.0,0.0,0.0,0.0,0.0,0.0,2026-05-07,13,Thursday,False,False,False,5,SPRING,FOG,SEVERE
STATEN ISLAND,2026-05-07 14:00:00,0.0,0.0,0.0,0.0,0.0,0.0,0.0,2026-05-07,14,Thursday,False,False,False,5,SPRING,FOG,SEVERE
STATEN ISLAND,2026-05-07 15:00:00,0.0,0.0,0.0,0.0,0.0,0.0,0.0,2026-05-07,15,Thursday,False,False,False,5,SPRING,FOG,SEVERE
STATEN ISLAND,2026-05-07 16:00:00,0.0,0.0,0.0,0.0,0.0,0.0,0.0,2026-05-07,16,Thursday,False,True,False,5,SPRING,FOG,SEVERE
STATEN ISLAND,2026-05-07 17:00:00,0.0,0.0,0.0,0.0,0.0,0.0,0.0,2026-05-07,17,Thursday,False,True,False,5,SPRING,FOG,SEVERE
STATEN ISLAND,2026-05-07 18:00:00,0.0,0.0,0.0,0.0,0.0,0.0,0.0,2026-05-07,18,Thursday,False,True,False,5,SPRING,FOG,SEVERE
STATEN ISLAND,2026-05-07 19:00:00,0.0,0.0,0.0,0.0,0.0,0.0,0.0,2026-05-07,19,Thursday,False,True,False,5,SPRING,FOG,SEVERE
STATEN ISLAND,2026-05-07 20:00:00,0.0,0.0,0.0,0.0,0.0,0.0,0.0,2026-05-07,20,Thursday,False,False,True,5,SPRING,FOG,SEVERE
STATEN ISLAND,2026-05-07 21:00:00,0.0,0.0,0.0,0.0,0.0,0.0,0.0,2026-05-07,21,Thursday,False,False,True,5,SPRING,FOG,SEVERE
STATEN ISLAND,2026-05-07 22:00:00,0.0,0.0,0.0,0.0,0.0,0.0,0.0,2026-05-07,22,Thursday,False,False,True,5,SPRING,FOG,SEVERE
STATEN ISLAND,2026-05-07 23:00:00,0.0,0.0,0.0,0.0,0.0,0.0,0.0,2026-05-07,23,Thursday,False,False,True,5,SPRING,FOG,SEVERE
STATEN ISLAND,2026-05-08 00:00:00,0.0,0.0,0.0,0.0,0.0,0.0,0.0,2026-05-08,0,Friday,False,False,True,5,SPRING,FOG,SEVERE
STATEN ISLAND,2026-05-08 01:00:00,0.0,0.0,0.0,0.0,0.0,0.0,0.0,2026-05-08,1,Friday,False,False,True,5,SPRING,FOG,SEVERE
STATEN ISLAND,2026-05-08 02:00:00,0.0,0.0,0.0,0.0,0.0,0.0,0.0,2026-05-08,2,Friday,False,False,True,5,SPRING,FOG,SEVERE
STATEN ISLAND,2026-05-08 03:00:00,0.0,0.0,0.0,0.0,0.0,0.0,0.0,2026-05-08,3,Friday,False,False,True,5,SPRING,FOG,SEVERE
STATEN ISLAND,2026-05-08 04:00:00,0.0,0.0,0.0,0.0,0.0,0.0,0.0,2026-05-08,4,Friday,False,False,True,5,SPRING,FOG,SEVERE
STATEN ISLAND,2026-05-08 05:00:00,0.0,0.0,0.0,0.0,0.0,0.0,0.0,2026-05-08,5,Friday,False,False,True,5,SPRING,FOG,SEVERE
STATEN ISLAND,2026-05-08 06:00:00,0.0,0.0,0.0,0.0,0.0,0.0,0.0,2026-05-08,6,Friday,False,False,False,5,SPRING,FOG,SEVERE
STATEN ISLAND,2026-05-08 07:00:00,0.0,0.0,0.0,0.0,0.0,0.0,0.0,2026-05-08,7,Friday,False,True,False,5,SPRING,FOG,SEVERE
STATEN ISLAND,2026-05-08 08:00:00,0.0,0.0,0.0,0.0,0.0,0.0,0.0,2026-05-08,8,Friday,False,True,False,5,SPRING,FOG,SEVERE
STATEN ISLAND,2026-05-08 09:00:00,0.0,0.0,0.0,0.0,0.0,0.0,0.0,2026-05-08,9,Friday,False,True,False,5,SPRING,FOG,SEVERE
STATEN ISLAND,2026-05-08 10:00:00,0.0,0.0,0.0,0.0,0.0,0.0,0.0,2026-05-08,10,Friday,False,False,False,5,SPRING,FOG,SEVERE
STATEN ISLAND,2026-05-08 11:00:00,0.0,0.0,0.0,0.0,0.0,0.0,0.0,2026-05-08,11,Friday,False,False,False,5,SPRING,FOG,SEVERE
STATEN ISLAND,2026-05-08 12:00:00,0.0,0.0,0.0,0.0,0.0,0.0,0.0,2026-05-08,12,Friday,False,False,False,5,SPRING,FOG,SEVERE
STATEN ISLAND,2026-05-08 13:00:00,0.0,0.0,0.0,0.0,0.0,0.0,0.0,2026-05-08,13,Friday,False,False,False,5,SPRING,FOG,SEVERE
STATEN ISLAND,2026-05-08 14:00:00,0.0,0.0,0.0,0.0,0.0,0.0,0.0,2026-05-08,14,Friday,False,False,False,5,SPRING,FOG,SEVERE
STATEN ISLAND,2026-05-08 15:00:00,0.0,0.0,0.0,0.0,0.0,0.0,0.0,2026-05-08,15,Friday,False,False,False,5,SPRING,FOG,SEVERE
STATEN ISLAND,2026-05-08 16:00:00,0.0,0.0,0.0,0.0,0.0,0.0,0.0,2026-05-08,16,Friday,False,True,False,5,SPRING,FOG,SEVERE
STATEN ISLAND,2026-05-08 17:00:00,0.0,0.0,0.0,0.0,0.0,0.0,0.0,2026-05-08,17,Friday,False,True,False,5,SPRING,FOG,SEVERE
STATEN ISLAND,2026-05-08 18:00:00,0.0,0.0,0.0,0.0,0.0,0.0,0.0,2026-05-08,18,Friday,False,True,False,5,SPRING,FOG,SEVERE
STATEN ISLAND,2026-05-08 19:00:00,0.0,0.0,0.0,0.0,0.0,0.0,0.0,2026-05-08,19,Friday,False,True,False,5,SPRING,FOG,SEVERE
STATEN ISLAND,2026-05-08 20:00:00,0.0,0.0,0.0,0.0,0.0,0.0,0.0,2026-05-08,20,Friday,False,False,True,5,SPRING,FOG,SEVERE
STATEN ISLAND,2026-05-08 21:00:00,0.0,0.0,0.0,0.0,0.0,0.0,0.0,2026-05-08,21,Friday,False,False,True,5,SPRING,FOG,SEVERE
STATEN ISLAND,2026-05-08 22:00:00,0.0,0.0,0.0,0.0,0.0,0.0,0.0,2026-05-08,22,Friday,False,False,True,5,SPRING,FOG,SEVERE
STATEN ISLAND,2026-05-08 23:00:00,0.0,0.0,0.0,0.0,0.0,0.0,0.0,2026-05-08,23,Friday,False,False,True,5,SPRING,FOG,SEVERE
STATEN ISLAND,2026-05-09 00:00:00,0.0,0.0,0.0,0.0,0.0,0.0,0.0,2026-05-09,0,Saturday,True,False,True,5,SPRING,FOG,SEVERE
STATEN ISLAND,2026-05-09 01:00:00,0.0,0.0,0.0,0.0,0.0,0.0,0.0,2026-05-09,1,Saturday,True,False,True,5,SPRING,FOG,SEVERE
STATEN ISLAND,2026-05-09 02:00:00,0.0,0.0,0.0,0.0,0.0,0.0,0.0,2026-05-09,2,Saturday,True,False,True,5,SPRING,FOG,SEVERE
STATEN ISLAND,2026-05-09 03:00:00,0.0,0.0,0.0,0.0,0.0,0.0,0.0,2026-05-09,3,Saturday,True,False,True,5,SPRING,FOG,SEVERE
STATEN ISLAND,2026-05-09 04:00:00,0.0,0.0,0.0,0.0,0.0,0.0,0.0,2026-05-09,4,Saturday,True,False,True,5,SPRING,FOG,SEVERE
STATEN ISLAND,2026-05-09 05:00:00,0.0,0.0,0.0,0.0,0.0,0.0,0.0,2026-05-09,5,Saturday,True,False,True,5,SPRING,FOG,SEVERE
STATEN ISLAND,2026-05-09 06:00:00,0.0,0.0,0.0,0.0,0.0,0.0,0.0,2026-05-09,6,Saturday,True,False,False,5,SPRING,FOG,SEVERE
STATEN ISLAND,2026-05-09 07:00:00,0.0,0.0,0.0,0.0,0.0,0.0,0.0,2026-05-09,7,Saturday,True,True,False,5,SPRING,FOG,SEVERE
STATEN ISLAND,2026-05-09 08:00:00,0.0,0.0,0.0,0.0,0.0,0.0,0.0,2026-05-09,8,Saturday,True,True,False,5,SPRING,FOG,SEVERE
STATEN ISLAND,2026-05-09 09:00:00,0.0,0.0,0.0,0.0,0.0,0.0,0.0,2026-05-09,9,Saturday,True,True,False,5,SPRING,FOG,SEVERE
STATEN ISLAND,2026-05-09 10:00:00,0.0,0.0,0.0,0.0,0.0,0.0,0.0,2026-05-09,10,Saturday,True,False,False,5,SPRING,FOG,SEVERE
STATEN ISLAND,2026-05-09 11:00:00,0.0,0.0,0.0,0.0,0.0,0.0,0.0,2026-05-09,11,Saturday,True,False,False,5,SPRING,FOG,SEVERE
STATEN ISLAND,2026-05-09 12:00:00,0.0,0.0,0.0,0.0,0.0,0.0,0.0,2026-05-09,12,Saturday,True,False,False,5,SPRING,FOG,SEVERE
STATEN ISLAND,2026-05-09 13:00:00,0.0,0.0,0.0,0.0,0.0,0.0,0.0,2026-05-09,13,Saturday,True,False,False,5,SPRING,FOG,SEVERE
STATEN ISLAND,2026-05-09 14:00:00,0.0,0.0,0.0,0.0,0.0,0.0,0.0,2026-05-09,14,Saturday,True,False,False,5,SPRING,FOG,SEVERE
STATEN ISLAND,2026-05-09 15:00:00,0.0,0.0,0.0,0.0,0.0,0.0,0.0,2026-05-09,15,Saturday,True,False,False,5,SPRING,FOG,SEVERE
STATEN ISLAND,2026-05-09 16:00:00,0.0,0.0,0.0,0.0,0.0,0.0,0.0,2026-05-09,16,Saturday,True,True,False,5,SPRING,FOG,SEVERE
STATEN ISLAND,2026-05-09 17:00:00,0.0,0.0,0.0,0.0,0.0,0.0,0.0,2026-05-09,17,Saturday,True,True,False,5,SPRING,FOG,SEVERE
STATEN ISLAND,2026-05-09 18:00:00,0.0,0.0,0.0,0.0,0.0,0.0,0.0,2026-05-09,18,Saturday,True,True,False,5,SPRING,FOG,SEVERE
STATEN ISLAND,2026-05-09 19:00:00,15.35,0.4,24100.0,0.3,0.1,0.0,16.27,2026-05-09,19,Saturday,True,True,False,5,SPRING,RAIN,LIGHT
STATEN ISLAND,2026-05-09 20:00:00,15.55,0.0,24100.0,0.0,0.0,0.0,16.06,2026-05-09,20,Saturday,True,False,True,5,SPRING,CLEAR,LIGHT
STATEN ISLAND,2026-05-09 21:00:00,14.85,0.0,24100.0,0.0,0.0,0.0,11.79,2026-05-09,21,Saturday,True,False,True,5,SPRING,CLEAR,LIGHT
STATEN ISLAND,2026-05-09 22:00:00,14.95,0.1,17800.0,0.0,0.1,0.0,8.89,2026-05-09,22,Saturday,True,False,True,5,SPRING,RAIN,LIGHT
STATEN ISLAND,2026-05-09 23:00:00,14.95,0.0,24100.0,0.0,0.0,0.0,2.6,2026-05-09,23,Saturday,True,False,True,5,SPRING,CLEAR,LIGHT
STATEN ISLAND,2026-05-10 00:00:00,13.75,0.0,24100.0,0.0,0.0,0.0,7.1,2026-05-10,0,Sunday,True,False,True,5,SPRING,CLEAR,LIGHT
STATEN ISLAND,2026-05-10 01:00:00,13.45,0.0,24100.0,0.0,0.0,0.0,7.86,2026-05-10,1,Sunday,True,False,True,5,SPRING,CLEAR,LIGHT
STATEN ISLAND,2026-05-10 02:00:00,13.05,0.0,24100.0,0.0,0.0,0.0,9.03,2026-05-10,2,Sunday,True,False,True,5,SPRING,CLEAR,LIGHT
STATEN ISLAND,2026-05-10 03:00:00,12.65,0.0,24100.0,0.0,0.0,0.0,8.71,2026-05-10,3,Sunday,True,False,True,5,SPRING,CLEAR,LIGHT
STATEN ISLAND,2026-05-10 04:00:00,12.35,0.0,24100.0,0.0,0.0,0.0,4.2,2026-05-10,4,Sunday,True,False,True,5,SPRING,CLEAR,LIGHT
STATEN ISLAND,2026-05-10 05:00:00,12.05,0.0,24100.0,0.0,0.0,0.0,4.55,2026-05-10,5,Sunday,True,False,True,5,SPRING,CLEAR,LIGHT
STATEN ISLAND,2026-05-10 06:00:00,11.65,0.0,24100.0,0.0,0.0,0.0,2.6,2026-05-10,6,Sunday,True,False,False,5,SPRING,CLEAR,LIGHT
STATEN ISLAND,2026-05-10 07:00:00,11.45,0.0,24100.0,0.0,0.0,0.0,4.21,2026-05-10,7,Sunday,True,True,False,5,SPRING,CLEAR,LIGHT
STATEN ISLAND,2026-05-10 08:00:00,11.45,0.0,24100.0,0.0,0.0,0.0,2.55,2026-05-10,8,Sunday,True,True,False,5,SPRING,CLEAR,LIGHT
STATEN ISLAND,2026-05-10 09:00:00,11.35,0.0,24100.0,0.0,0.0,0.0,5.94,2026-05-10,9,Sunday,True,True,False,5,SPRING,CLEAR,LIGHT
STATEN ISLAND,2026-05-10 10:00:00,11.25,0.0,24100.0,0.0,0.0,0.0,6.79,2026-05-10,10,Sunday,True,False,False,5,SPRING,CLEAR,LIGHT
STATEN ISLAND,2026-05-10 11:00:00,12.05,0.0,24100.0,0.0,0.0,0.0,4.55,2026-05-10,11,Sunday,True,False,False,5,SPRING,CLEAR,LIGHT
STATEN ISLAND,2026-05-10 12:00:00,13.15,0.0,17000.0,0.0,0.0,0.0,8.16,2026-05-10,12,Sunday,True,False,False,5,SPRING,CLEAR,LIGHT
STATEN ISLAND,2026-05-10 13:00:00,13.65,0.0,24100.0,0.0,0.0,0.0,9.2,2026-05-10,13,Sunday,True,False,False,5,SPRING,CLEAR,LIGHT
STATEN ISLAND,2026-05-10 14:00:00,14.85,0.0,23200.0,0.0,0.0,0.0,7.59,2026-05-10,14,Sunday,True,False,False,5,SPRING,CLEAR,LIGHT
STATEN ISLAND,2026-05-10 15:00:00,17.15,0.0,22500.0,0.0,0.0,0.0,9.16,2026-05-10,15,Sunday,True,False,False,5,SPRING,CLEAR,LIGHT
STATEN ISLAND,2026-05-10 16:00:00,19.55,0.0,22100.0,0.0,0.0,0.0,8.4,2026-05-10,16,Sunday,True,True,False,5,SPRING,CLEAR,LIGHT
STATEN ISLAND,2026-05-10 17:00:00,21.05,0.0,15200.0,0.0,0.0,0.0,10.09,2026-05-10,17,Sunday,True,True,False,5,SPRING,CLEAR,LIGHT
STATEN ISLAND,2026-05-10 18:00:00,21.45,0.0,500.0,0.0,0.0,0.0,14.49,2026-05-10,18,Sunday,True,True,False,5,SPRING,FOG,SEVERE
STATEN ISLAND,2026-05-10 19:00:00,19.45,0.4,22300.0,0.0,0.4,0.0,12.65,2026-05-10,19,Sunday,True,True,False,5,SPRING,RAIN,LIGHT
STATEN ISLAND,2026-05-10 20:00:00,19.75,0.4,22300.0,0.0,0.4,0.0,11.12,2026-05-10,20,Sunday,True,False,True,5,SPRING,RAIN,LIGHT
STATEN ISLAND,2026-05-10 21:00:00,17.95,0.8,18000.0,0.0,0.8,0.0,10.97,2026-05-10,21,Sunday,True,False,True,5,SPRING,RAIN,LIGHT
STATEN ISLAND,2026-05-10 22:00:00,19.05,1.2,22000.0,0.0,1.2,0.0,13.55,2026-05-10,22,Sunday,True,False,True,5,SPRING,RAIN,LIGHT
STATEN ISLAND,2026-05-10 23:00:00,17.85,0.0,14600.0,0.0,0.0,0.0,6.03,2026-05-10,23,Sunday,True,False,True,5,SPRING,CLEAR,LIGHT
STATEN ISLAND,2026-05-11 00:00:00,16.85,0.0,24100.0,0.0,0.0,0.0,9.39,2026-05-11,0,Monday,False,False,True,5,SPRING,CLEAR,LIGHT
STATEN ISLAND,2026-05-11 01:00:00,17.25,0.1,24100.0,0.1,0.0,0.0,6.13,2026-05-11,1,Monday,False,False,True,5,SPRING,RAIN,LIGHT
STATEN ISLAND,2026-05-11 02:00:00,17.15,0.0,24100.0,0.0,0.0,0.0,12.66,2026-05-11,2,Monday,False,False,True,5,SPRING,CLEAR,LIGHT
STATEN ISLAND,2026-05-11 03:00:00,16.95,0.0,24100.0,0.0,0.0,0.0,10.44,2026-05-11,3,Monday,False,False,True,5,SPRING,CLEAR,LIGHT
STATEN ISLAND,2026-05-11 04:00:00,16.05,0.0,24100.0,0.0,0.0,0.0,18.06,2026-05-11,4,Monday,False,False,True,5,SPRING,CLEAR,LIGHT
STATEN ISLAND,2026-05-11 05:00:00,14.95,0.0,24100.0,0.0,0.0,0.0,20.43,2026-05-11,5,Monday,False,False,True,5,SPRING,CLEAR,LIGHT
STATEN ISLAND,2026-05-11 06:00:00,14.15,0.3,24100.0,0.3,0.0,0.0,20.14,2026-05-11,6,Monday,False,False,False,5,SPRING,RAIN,LIGHT
STATEN ISLAND,2026-05-11 07:00:00,13.85,0.0,24100.0,0.0,0.0,0.0,19.91,2026-05-11,7,Monday,False,True,False,5,SPRING,CLEAR,LIGHT
STATEN ISLAND,2026-05-11 08:00:00,13.45,0.0,24100.0,0.0,0.0,0.0,16.45,2026-05-11,8,Monday,False,True,False,5,SPRING,CLEAR,LIGHT
STATEN ISLAND,2026-05-11 09:00:00,12.75,0.0,24100.0,0.0,0.0,0.0,13.01,2026-05-11,9,Monday,False,True,False,5,SPRING,CLEAR,LIGHT
STATEN ISLAND,2026-05-11 10:00:00,12.65,0.0,24100.0,0.0,0.0,0.0,12.24,2026-05-11,10,Monday,False,False,False,5,SPRING,CLEAR,LIGHT
STATEN ISLAND,2026-05-11 11:00:00,12.55,0.0,24100.0,0.0,0.0,0.0,12.4,2026-05-11,11,Monday,False,False,False,5,SPRING,CLEAR,LIGHT
STATEN ISLAND,2026-05-11 12:00:00,12.95,0.0,24100.0,0.0,0.0,0.0,12.98,2026-05-11,12,Monday,False,False,False,5,SPRING,CLEAR,LIGHT
STATEN ISLAND,2026-05-11 13:00:00,13.75,0.0,24100.0,0.0,0.0,0.0,14.39,2026-05-11,13,Monday,False,False,False,5,SPRING,CLEAR,LIGHT
STATEN ISLAND,2026-05-11 14:00:00,14.65,0.0,24100.0,0.0,0.0,0.0,11.61,2026-05-11,14,Monday,False,False,False,5,SPRING,CLEAR,LIGHT
STATEN ISLAND,2026-05-11 15:00:00,14.65,0.0,24100.0,0.0,0.0,0.0,9.2,2026-05-11,15,Monday,False,False,False,5,SPRING,CLEAR,LIGHT
STATEN ISLAND,2026-05-11 16:00:00,15.85,0.0,24100.0,0.0,0.0,0.0,6.29,2026-05-11,16,Monday,False,True,False,5,SPRING,CLEAR,LIGHT
STATEN ISLAND,2026-05-11 17:00:00,16.15,0.0,24100.0,0.0,0.0,0.0,3.26,2026-05-11,17,Monday,False,True,False,5,SPRING,CLEAR,LIGHT
STATEN ISLAND,2026-05-11 18:00:00,16.45,0.0,24100.0,0.0,0.0,0.0,2.19,2026-05-11,18,Monday,False,True,False,5,SPRING,CLEAR,LIGHT
STATEN ISLAND,2026-05-11 19:00:00,17.45,0.0,24100.0,0.0,0.0,0.0,2.04,2026-05-11,19,Monday,False,True,False,5,SPRING,CLEAR,LIGHT
STATEN ISLAND,2026-05-11 20:00:00,17.05,0.0,24100.0,0.0,0.0,0.0,2.19,2026-05-11,20,Monday,False,False,True,5,SPRING,CLEAR,LIGHT
STATEN ISLAND,2026-05-11 21:00:00,16.75,0.0,24100.0,0.0,0.0,0.0,4.55,2026-05-11,21,Monday,False,False,True,5,SPRING,CLEAR,LIGHT
STATEN ISLAND,2026-05-11 22:00:00,16.85,0.0,24100.0,0.0,0.0,0.0,6.3,2026-05-11,22,Monday,False,False,True,5,SPRING,CLEAR,LIGHT
STATEN ISLAND,2026-05-11 23:00:00,16.45,0.0,24100.0,0.0,0.0,0.0,5.59,2026-05-11,23,Monday,False,False,True,5,SPRING,CLEAR,LIGHT
STATEN ISLAND,2026-05-12 00:00:00,14.85,0.0,24100.0,0.0,0.0,0.0,10.0,2026-05-12,0,Tuesday,False,False,True,5,SPRING,CLEAR,LIGHT
STATEN ISLAND,2026-05-12 01:00:00,13.75,0.0,24100.0,0.0,0.0,0.0,10.99,2026-05-12,1,Tuesday,False,False,True,5,SPRING,CLEAR,LIGHT
STATEN ISLAND,2026-05-12 02:00:00,13.85,0.0,24100.0,0.0,0.0,0.0,12.59,2026-05-12,2,Tuesday,False,False,True,5,SPRING,CLEAR,LIGHT
STATEN ISLAND,2026-05-12 03:00:00,13.55,0.0,24100.0,0.0,0.0,0.0,16.43,2026-05-12,3,Tuesday,False,False,True,5,SPRING,CLEAR,LIGHT
STATEN ISLAND,2026-05-12 04:00:00,13.05,0.0,24100.0,0.0,0.0,0.0,22.71,2026-05-12,4,Tuesday,False,False,True,5,SPRING,CLEAR,LIGHT
STATEN ISLAND,2026-05-12 05:00:00,10.95,0.0,24100.0,0.0,0.0,0.0,20.15,2026-05-12,5,Tuesday,False,False,True,5,SPRING,CLEAR,LIGHT
STATEN ISLAND,2026-05-12 06:00:00,11.75,0.0,24100.0,0.0,0.0,0.0,19.21,2026-05-12,6,Tuesday,False,False,False,5,SPRING,CLEAR,LIGHT
STATEN ISLAND,2026-05-12 07:00:00,10.65,0.0,24100.0,0.0,0.0,0.0,20.28,2026-05-12,7,Tuesday,False,True,False,5,SPRING,CLEAR,LIGHT
STATEN ISLAND,2026-05-12 08:00:00,9.65,0.0,24100.0,0.0,0.0,0.0,18.0,2026-05-12,8,Tuesday,False,True,False,5,SPRING,CLEAR,LIGHT
STATEN ISLAND,2026-05-12 09:00:00,9.05,0.0,24100.0,0.0,0.0,0.0,18.45,2026-05-12,9,Tuesday,False,True,False,5,SPRING,CLEAR,LIGHT
STATEN ISLAND,2026-05-12 10:00:00,8.55,0.0,24100.0,0.0,0.0,0.0,14.33,2026-05-12,10,Tuesday,False,False,False,5,SPRING,CLEAR,LIGHT
STATEN ISLAND,2026-05-12 11:00:00,9.05,0.0,24100.0,0.0,0.0,0.0,14.18,2026-05-12,11,Tuesday,False,False,False,5,SPRING,CLEAR,LIGHT
STATEN ISLAND,2026-05-12 12:00:00,10.75,0.0,24100.0,0.0,0.0,0.0,12.66,2026-05-12,12,Tuesday,False,False,False,5,SPRING,CLEAR,LIGHT
STATEN ISLAND,2026-05-12 13:00:00,12.55,0.0,24100.0,0.0,0.0,0.0,11.53,2026-05-12,13,Tuesday,False,False,False,5,SPRING,CLEAR,LIGHT
STATEN ISLAND,2026-05-12 14:00:00,14.05,0.0,24100.0,0.0,0.0,0.0,9.73,2026-05-12,14,Tuesday,False,False,False,5,SPRING,CLEAR,LIGHT
STATEN ISLAND,2026-05-12 15:00:00,15.45,0.0,24100.0,0.0,0.0,0.0,8.31,2026-05-12,15,Tuesday,False,False,False,5,SPRING,CLEAR,LIGHT
STATEN ISLAND,2026-05-12 16:00:00,17.35,0.0,24100.0,0.0,0.0,0.0,4.21,2026-05-12,16,Tuesday,False,True,False,5,SPRING,CLEAR,LIGHT
STATEN ISLAND,2026-05-12 17:00:00,18.75,0.0,24100.0,0.0,0.0,0.0,2.9,2026-05-12,17,Tuesday,False,True,False,5,SPRING,CLEAR,LIGHT
STATEN ISLAND,2026-05-12 18:00:00,18.95,0.0,24100.0,0.0,0.0,0.0,5.35,2026-05-12,18,Tuesday,False,True,False,5,SPRING,CLEAR,LIGHT
STATEN ISLAND,2026-05-12 19:00:00,18.85,0.0,24100.0,0.0,0.0,0.0,7.21,2026-05-12,19,Tuesday,False,True,False,5,SPRING,CLEAR,LIGHT
STATEN ISLAND,2026-05-12 20:00:00,18.95,0.0,24100.0,0.0,0.0,0.0,9.36,2026-05-12,20,Tuesday,False,False,True,5,SPRING,CLEAR,LIGHT
STATEN ISLAND,2026-05-12 21:00:00,18.75,0.0,24100.0,0.0,0.0,0.0,8.23,2026-05-12,21,Tuesday,False,False,True,5,SPRING,CLEAR,LIGHT
STATEN ISLAND,2026-05-12 22:00:00,18.35,0.0,24100.0,0.0,0.0,0.0,16.56,2026-05-12,22,Tuesday,False,False,True,5,SPRING,CLEAR,LIGHT
STATEN ISLAND,2026-05-12 23:00:00,17.75,0.0,24100.0,0.0,0.0,0.0,14.33,2026-05-12,23,Tuesday,False,False,True,5,SPRING,CLEAR,LIGHT
STATEN ISLAND,2026-05-13 00:00:00,16.25,0.0,24100.0,0.0,0.0,0.0,11.72,2026-05-13,0,Wednesday,False,False,True,5,SPRING,CLEAR,LIGHT
STATEN ISLAND,2026-05-13 01:00:00,15.35,0.0,24100.0,0.0,0.0,0.0,14.56,2026-05-13,1,Wednesday,False,False,True,5,SPRING,CLEAR,LIGHT
STATEN ISLAND,2026-05-13 02:00:00,13.45,0.0,24100.0,0.0,0.0,0.0,20.04,2026-05-13,2,Wednesday,False,False,True,5,SPRING,CLEAR,LIGHT
STATEN ISLAND,2026-05-13 03:00:00,13.15,0.0,24100.0,0.0,0.0,0.0,16.42,2026-05-13,3,Wednesday,False,False,True,5,SPRING,CLEAR,LIGHT
STATEN ISLAND,2026-05-13 04:00:00,12.85,0.0,24100.0,0.0,0.0,0.0,16.18,2026-05-13,4,Wednesday,False,False,True,5,SPRING,CLEAR,LIGHT
STATEN ISLAND,2026-05-13 05:00:00,12.65,0.0,24100.0,0.0,0.0,0.0,15.58,2026-05-13,5,Wednesday,False,False,True,5,SPRING,CLEAR,LIGHT
STATEN ISLAND,2026-05-13 06:00:00,11.85,0.0,24100.0,0.0,0.0,0.0,14.17,2026-05-13,6,Wednesday,False,False,False,5,SPRING,CLEAR,LIGHT
STATEN ISLAND,2026-05-13 07:00:00,11.85,0.0,24100.0,0.0,0.0,0.0,16.12,2026-05-13,7,Wednesday,False,True,False,5,SPRING,CLEAR,LIGHT
STATEN ISLAND,2026-05-13 08:00:00,11.65,0.0,24100.0,0.0,0.0,0.0,14.33,2026-05-13,8,Wednesday,False,True,False,5,SPRING,CLEAR,LIGHT
STATEN ISLAND,2026-05-13 09:00:00,11.95,0.0,24100.0,0.0,0.0,0.0,15.63,2026-05-13,9,Wednesday,False,True,False,5,SPRING,CLEAR,LIGHT
STATEN ISLAND,2026-05-13 10:00:00,12.45,0.0,24100.0,0.0,0.0,0.0,16.33,2026-05-13,10,Wednesday,False,False,False,5,SPRING,CLEAR,LIGHT
STATEN ISLAND,2026-05-13 11:00:00,13.25,0.0,24100.0,0.0,0.0,0.0,16.06,2026-05-13,11,Wednesday,False,False,False,5,SPRING,CLEAR,LIGHT
STATEN ISLAND,2026-05-13 12:00:00,14.45,0.0,24100.0,0.0,0.0,0.0,17.07,2026-05-13,12,Wednesday,False,False,False,5,SPRING,CLEAR,LIGHT
STATEN ISLAND,2026-05-13 13:00:00,16.25,0.0,24100.0,0.0,0.0,0.0,20.02,2026-05-13,13,Wednesday,False,False,False,5,SPRING,CLEAR,LIGHT
STATEN ISLAND,2026-05-13 14:00:00,18.55,0.0,24100.0,0.0,0.0,0.0,20.27,2026-05-13,14,Wednesday,False,False,False,5,SPRING,CLEAR,LIGHT
STATEN ISLAND,2026-05-13 15:00:00,20.35,0.0,24100.0,0.0,0.0,0.0,21.68,2026-05-13,15,Wednesday,False,False,False,5,SPRING,CLEAR,LIGHT
STATEN ISLAND,2026-05-13 16:00:00,21.65,0.0,24100.0,0.0,0.0,0.0,24.46,2026-05-13,16,Wednesday,False,True,False,5,SPRING,CLEAR,LIGHT
STATEN ISLAND,2026-05-13 17:00:00,22.75,0.0,24100.0,0.0,0.0,0.0,27.06,2026-05-13,17,Wednesday,False,True,False,5,SPRING,CLEAR,LIGHT
STATEN ISLAND,2026-05-13 18:00:00,23.05,0.0,24100.0,0.0,0.0,0.0,25.5,2026-05-13,18,Wednesday,False,True,False,5,SPRING,CLEAR,LIGHT
STATEN ISLAND,2026-05-13 19:00:00,22.95,0.0,24100.0,0.0,0.0,0.0,22.55,2026-05-13,19,Wednesday,False,True,False,5,SPRING,CLEAR,LIGHT
STATEN ISLAND,2026-05-13 20:00:00,22.25,0.0,24100.0,0.0,0.0,0.0,22.61,2026-05-13,20,Wednesday,False,False,True,5,SPRING,CLEAR,LIGHT
STATEN ISLAND,2026-05-13 21:00:00,21.65,0.0,24100.0,0.0,0.0,0.0,24.5,2026-05-13,21,Wednesday,False,False,True,5,SPRING,CLEAR,LIGHT
STATEN ISLAND,2026-05-13 22:00:00,20.55,0.0,24100.0,0.0,0.0,0.0,30.27,2026-05-13,22,Wednesday,False,False,True,5,SPRING,WIND,MODERATE
STATEN ISLAND,2026-05-13 23:00:00,18.75,0.0,24100.0,0.0,0.0,0.0,29.16,2026-05-13,23,Wednesday,False,False,True,5,SPRING,CLEAR,LIGHT
STATEN ISLAND,2026-05-14 00:00:00,17.35,0.0,24100.0,0.0,0.0,0.0,25.56,2026-05-14,0,Thursday,False,False,True,5,SPRING,CLEAR,LIGHT
STATEN ISLAND,2026-05-14 01:00:00,16.65,0.0,24100.0,0.0,0.0,0.0,24.58,2026-05-14,1,Thursday,False,False,True,5,SPRING,CLEAR,LIGHT
STATEN ISLAND,2026-05-14 02:00:00,16.45,0.0,24100.0,0.0,0.0,0.0,23.08,2026-05-14,2,Thursday,False,False,True,5,SPRING,CLEAR,LIGHT
STATEN ISLAND,2026-05-14 03:00:00,15.35,0.2,11800.0,0.0,0.2,0.0,20.43,2026-05-14,3,Thursday,False,False,True,5,SPRING,RAIN,LIGHT
STATEN ISLAND,2026-05-14 04:00:00,14.95,0.2,21700.0,0.0,0.2,0.0,16.94,2026-05-14,4,Thursday,False,False,True,5,SPRING,RAIN,LIGHT
STATEN ISLAND,2026-05-14 05:00:00,14.05,0.6,23500.0,0.5,0.1,0.0,13.8,2026-05-14,5,Thursday,False,False,True,5,SPRING,RAIN,LIGHT
STATEN ISLAND,2026-05-14 06:00:00,13.35,1.0,6500.0,0.9,0.1,0.0,15.02,2026-05-14,6,Thursday,False,False,False,5,SPRING,RAIN,LIGHT
STATEN ISLAND,2026-05-14 07:00:00,13.15,1.2,24100.0,1.2,0.0,0.0,7.29,2026-05-14,7,Thursday,False,True,False,5,SPRING,RAIN,LIGHT
STATEN ISLAND,2026-05-14 08:00:00,13.25,0.0,24100.0,0.0,0.0,0.0,5.4,2026-05-14,8,Thursday,False,True,False,5,SPRING,CLEAR,LIGHT
STATEN ISLAND,2026-05-14 09:00:00,12.95,0.0,24100.0,0.0,0.0,0.0,1.53,2026-05-14,9,Thursday,False,True,False,5,SPRING,CLEAR,LIGHT
STATEN ISLAND,2026-05-14 10:00:00,12.95,0.0,24100.0,0.0,0.0,0.0,4.07,2026-05-14,10,Thursday,False,False,False,5,SPRING,CLEAR,LIGHT
STATEN ISLAND,2026-05-14 11:00:00,13.25,0.0,24100.0,0.0,0.0,0.0,7.57,2026-05-14,11,Thursday,False,False,False,5,SPRING,CLEAR,LIGHT
STATEN ISLAND,2026-05-14 12:00:00,13.65,0.0,24100.0,0.0,0.0,0.0,9.79,2026-05-14,12,Thursday,False,False,False,5,SPRING,CLEAR,LIGHT
STATEN ISLAND,2026-05-14 13:00:00,14.15,0.0,24100.0,0.0,0.0,0.0,12.29,2026-05-14,13,Thursday,False,False,False,5,SPRING,CLEAR,LIGHT
STATEN ISLAND,2026-05-14 14:00:00,15.35,0.0,24100.0,0.0,0.0,0.0,13.89,2026-05-14,14,Thursday,False,False,False,5,SPRING,CLEAR,LIGHT
STATEN ISLAND,2026-05-14 15:00:00,16.55,0.0,24100.0,0.0,0.0,0.0,8.53,2026-05-14,15,Thursday,False,False,False,5,SPRING,CLEAR,LIGHT
STATEN ISLAND,2026-05-14 16:00:00,17.85,0.0,24100.0,0.0,0.0,0.0,4.35,2026-05-14,16,Thursday,False,True,False,5,SPRING,CLEAR,LIGHT
STATEN ISLAND,2026-05-14 17:00:00,19.45,0.0,24100.0,0.0,0.0,0.0,9.36,2026-05-14,17,Thursday,False,True,False,5,SPRING,CLEAR,LIGHT
STATEN ISLAND,2026-05-14 18:00:00,16.25,0.0,24100.0,0.0,0.0,0.0,13.53,2026-05-14,18,Thursday,False,True,False,5,SPRING,CLEAR,LIGHT
STATEN ISLAND,2026-05-14 19:00:00,16.45,0.0,24100.0,0.0,0.0,0.0,8.21,2026-05-14,19,Thursday,False,True,False,5,SPRING,CLEAR,LIGHT
STATEN ISLAND,2026-05-14 20:00:00,19.05,0.0,24100.0,0.0,0.0,0.0,5.99,2026-05-14,20,Thursday,False,False,True,5,SPRING,CLEAR,LIGHT
STATEN ISLAND,2026-05-14 21:00:00,18.05,0.0,24100.0,0.0,0.0,0.0,14.26,2026-05-14,21,Thursday,False,False,True,5,SPRING,CLEAR,LIGHT
STATEN ISLAND,2026-05-14 22:00:00,16.55,0.0,24100.0,0.0,0.0,0.0,24.48,2026-05-14,22,Thursday,False,False,True,5,SPRING,CLEAR,LIGHT
STATEN ISLAND,2026-05-14 23:00:00,15.75,0.0,24100.0,0.0,0.0,0.0,19.69,2026-05-14,23,Thursday,False,False,True,5,SPRING,CLEAR,LIGHT
STATEN ISLAND,2026-05-15 00:00:00,14.85,0.0,24100.0,0.0,0.0,0.0,16.58,2026-05-15,0,Friday,False,False,True,5,SPRING,CLEAR,LIGHT
STATEN ISLAND,2026-05-15 01:00:00,13.85,0.0,24100.0,0.0,0.0,0.0,17.28,2026-05-15,1,Friday,False,False,True,5,SPRING,CLEAR,LIGHT
STATEN ISLAND,2026-05-15 02:00:00,12.9,0.0,24100.0,0.0,0.0,0.0,17.83,2026-05-15,2,Friday,False,False,True,5,SPRING,CLEAR,LIGHT
STATEN ISLAND,2026-05-15 03:00:00,12.25,0.0,24100.0,0.0,0.0,0.0,17.34,2026-05-15,3,Friday,False,False,True,5,SPRING,CLEAR,LIGHT
STATEN ISLAND,2026-05-15 04:00:00,11.35,0.0,24100.0,0.0,0.0,0.0,17.85,2026-05-15,4,Friday,False,False,True,5,SPRING,CLEAR,LIGHT
STATEN ISLAND,2026-05-15 05:00:00,10.35,0.0,24100.0,0.0,0.0,0.0,16.87,2026-05-15,5,Friday,False,False,True,5,SPRING,CLEAR,LIGHT
STATEN ISLAND,2026-05-15 06:00:00,9.85,0.0,24100.0,0.0,0.0,0.0,15.7,2026-05-15,6,Friday,False,False,False,5,SPRING,CLEAR,LIGHT
STATEN ISLAND,2026-05-15 07:00:00,9.35,0.0,24100.0,0.0,0.0,0.0,15.12,2026-05-15,7,Friday,False,True,False,5,SPRING,CLEAR,LIGHT
STATEN ISLAND,2026-05-15 08:00:00,9.05,0.0,24100.0,0.0,0.0,0.0,15.12,2026-05-15,8,Friday,False,True,False,5,SPRING,CLEAR,LIGHT
STATEN ISLAND,2026-05-15 09:00:00,8.85,0.0,24100.0,0.0,0.0,0.0,13.98,2026-05-15,9,Friday,False,True,False,5,SPRING,CLEAR,LIGHT
STATEN ISLAND,2026-05-15 10:00:00,8.85,0.0,24100.0,0.0,0.0,0.0,13.98,2026-05-15,10,Friday,False,False,False,5,SPRING,CLEAR,LIGHT
STATEN ISLAND,2026-05-15 11:00:00,10.15,0.0,24100.0,0.0,0.0,0.0,14.02,2026-05-15,11,Friday,False,False,False,5,SPRING,CLEAR,LIGHT
STATEN ISLAND,2026-05-15 12:00:00,12.55,0.0,24100.0,0.0,0.0,0.0,16.58,2026-05-15,12,Friday,False,False,False,5,SPRING,CLEAR,LIGHT
STATEN ISLAND,2026-05-15 13:00:00,14.55,0.0,24100.0,0.0,0.0,0.0,15.65,2026-05-15,13,Friday,False,False,False,5,SPRING,CLEAR,LIGHT
STATEN ISLAND,2026-05-15 14:00:00,16.25,0.0,24100.0,0.0,0.0,0.0,16.75,2026-05-15,14,Friday,False,False,False,5,SPRING,CLEAR,LIGHT
STATEN ISLAND,2026-05-15 15:00:00,16.15,0.0,24100.0,0.0,0.0,0.0,20.19,2026-05-15,15,Friday,False,False,False,5,SPRING,CLEAR,LIGHT
STATEN ISLAND,2026-05-15 16:00:00,17.75,0.0,24100.0,0.0,0.0,0.0,16.55,2026-05-15,16,Friday,False,True,False,5,SPRING,CLEAR,LIGHT
STATEN ISLAND,2026-05-15 17:00:00,18.55,0.0,24100.0,0.0,0.0,0.0,18.86,2026-05-15,17,Friday,False,True,False,5,SPRING,CLEAR,LIGHT
STATEN ISLAND,2026-05-15 18:00:00,18.75,0.0,24100.0,0.0,0.0,0.0,17.78,2026-05-15,18,Friday,False,True,False,5,SPRING,CLEAR,LIGHT
STATEN ISLAND,2026-05-15 19:00:00,19.05,0.0,24100.0,0.0,0.0,0.0,15.78,2026-05-15,19,Friday,False,True,False,5,SPRING,CLEAR,LIGHT
STATEN ISLAND,2026-05-15 20:00:00,19.35,0.0,24100.0,0.0,0.0,0.0,13.71,2026-05-15,20,Friday,False,False,True,5,SPRING,CLEAR,LIGHT
STATEN ISLAND,2026-05-15 21:00:00,19.55,0.0,24100.0,0.0,0.0,0.0,14.65,2026-05-15,21,Friday,False,False,True,5,SPRING,CLEAR,LIGHT
STATEN ISLAND,2026-05-15 22:00:00,19.35,0.0,24100.0,0.0,0.0,0.0,16.49,2026-05-15,22,Friday,False,False,True,5,SPRING,CLEAR,LIGHT
STATEN ISLAND,2026-05-15 23:00:00,18.75,0.0,24100.0,0.0,0.0,0.0,14.78,2026-05-15,23,Friday,False,False,True,5,SPRING,CLEAR,LIGHT
STATEN ISLAND,2026-05-16 00:00:00,18.25,0.0,24100.0,0.0,0.0,0.0,11.38,2026-05-16,0,Saturday,True,False,True,5,SPRING,CLEAR,LIGHT
STATEN ISLAND,2026-05-16 01:00:00,17.45,0.0,24100.0,0.0,0.0,0.0,10.97,2026-05-16,1,Saturday,True,False,True,5,SPRING,CLEAR,LIGHT
STATEN ISLAND,2026-05-16 02:00:00,16.1,0.0,24100.0,0.0,0.0,0.0,7.63,2026-05-16,2,Saturday,True,False,True,5,SPRING,CLEAR,LIGHT
STATEN ISLAND,2026-05-16 03:00:00,15.35,0.0,24100.0,0.0,0.0,0.0,10.7,2026-05-16,3,Saturday,True,False,True,5,SPRING,CLEAR,LIGHT
STATEN ISLAND,2026-05-16 04:00:00,14.75,0.0,24100.0,0.0,0.0,0.0,5.69,2026-05-16,4,Saturday,True,False,True,5,SPRING,CLEAR,LIGHT
STATEN ISLAND,2026-05-16 05:00:00,14.35,0.0,24100.0,0.0,0.0,0.0,6.38,2026-05-16,5,Saturday,True,False,True,5,SPRING,CLEAR,LIGHT
STATEN ISLAND,2026-05-16 06:00:00,13.75,0.0,24100.0,0.0,0.0,0.0,8.31,2026-05-16,6,Saturday,True,False,False,5,SPRING,CLEAR,LIGHT
STATEN ISLAND,2026-05-16 07:00:00,13.25,0.0,24100.0,0.0,0.0,0.0,8.35,2026-05-16,7,Saturday,True,True,False,5,SPRING,CLEAR,LIGHT
STATEN ISLAND,2026-05-16 08:00:00,12.95,0.0,24100.0,0.0,0.0,0.0,7.92,2026-05-16,8,Saturday,True,True,False,5,SPRING,CLEAR,LIGHT
STATEN ISLAND,2026-05-16 09:00:00,12.75,0.0,24100.0,0.0,0.0,0.0,6.83,2026-05-16,9,Saturday,True,True,False,5,SPRING,CLEAR,LIGHT
STATEN ISLAND,2026-05-16 10:00:00,12.65,0.0,24100.0,0.0,0.0,0.0,8.31,2026-05-16,10,Saturday,True,False,False,5,SPRING,CLEAR,LIGHT
STATEN ISLAND,2026-05-16 11:00:00,13.85,0.0,24100.0,0.0,0.0,0.0,8.31,2026-05-16,11,Saturday,True,False,False,5,SPRING,CLEAR,LIGHT
STATEN ISLAND,2026-05-16 12:00:00,16.25,0.0,24100.0,0.0,0.0,0.0,9.67,2026-05-16,12,Saturday,True,False,False,5,SPRING,CLEAR,LIGHT
STATEN ISLAND,2026-05-16 13:00:00,18.25,0.0,24100.0,0.0,0.0,0.0,10.88,2026-05-16,13,Saturday,True,False,False,5,SPRING,CLEAR,LIGHT
STATEN ISLAND,2026-05-16 14:00:00,20.45,0.0,24100.0,0.0,0.0,0.0,12.82,2026-05-16,14,Saturday,True,False,False,5,SPRING,CLEAR,LIGHT
STATEN ISLAND,2026-05-16 15:00:00,22.65,0.0,24100.0,0.0,0.0,0.0,15.5,2026-05-16,15,Saturday,True,False,False,5,SPRING,CLEAR,LIGHT
STATEN ISLAND,2026-05-16 16:00:00,23.85,0.0,24100.0,0.0,0.0,0.0,16.42,2026-05-16,16,Saturday,True,True,False,5,SPRING,CLEAR,LIGHT
STATEN ISLAND,2026-05-16 17:00:00,24.95,0.0,24100.0,0.0,0.0,0.0,16.32,2026-05-16,17,Saturday,True,True,False,5,SPRING,CLEAR,LIGHT
STATEN ISLAND,2026-05-16 18:00:00,25.75,0.0,24100.0,0.0,0.0,0.0,15.07,2026-05-16,18,Saturday,True,True,False,5,SPRING,CLEAR,LIGHT
STATEN ISLAND,2026-05-16 19:00:00,26.15,0.0,24100.0,0.0,0.0,0.0,15.31,2026-05-16,19,Saturday,True,True,False,5,SPRING,CLEAR,LIGHT
STATEN ISLAND,2026-05-16 20:00:00,26.75,0.0,24100.0,0.0,0.0,0.0,17.57,2026-05-16,20,Saturday,True,False,True,5,SPRING,CLEAR,LIGHT
STATEN ISLAND,2026-05-16 21:00:00,26.85,0.0,24100.0,0.0,0.0,0.0,20.38,2026-05-16,21,Saturday,True,False,True,5,SPRING,CLEAR,LIGHT
STATEN ISLAND,2026-05-16 22:00:00,26.25,0.0,24100.0,0.0,0.0,0.0,20.29,2026-05-16,22,Saturday,True,False,True,5,SPRING,CLEAR,LIGHT
STATEN ISLAND,2026-05-16 23:00:00,24.85,0.0,24100.0,0.0,0.0,0.0,17.45,2026-05-16,23,Saturday,True,False,True,5,SPRING,CLEAR,LIGHT
STATEN ISLAND,2026-05-17 00:00:00,23.15,0.0,24100.0,0.0,0.0,0.0,13.48,2026-05-17,0,Sunday,True,False,True,5,SPRING,CLEAR,LIGHT
STATEN ISLAND,2026-05-17 01:00:00,22.05,0.0,24100.0,0.0,0.0,0.0,13.61,2026-05-17,1,Sunday,True,False,True,5,SPRING,CLEAR,LIGHT
STATEN ISLAND,2026-05-17 02:00:00,21.35,0.0,24100.0,0.0,0.0,0.0,15.81,2026-05-17,2,Sunday,True,False,True,5,SPRING,CLEAR,LIGHT
STATEN ISLAND,2026-05-17 03:00:00,19.95,0.0,24100.0,0.0,0.0,0.0,16.12,2026-05-17,3,Sunday,True,False,True,5,SPRING,CLEAR,LIGHT
STATEN ISLAND,2026-05-17 04:00:00,20.15,0.0,24100.0,0.0,0.0,0.0,17.31,2026-05-17,4,Sunday,True,False,True,5,SPRING,CLEAR,LIGHT
STATEN ISLAND,2026-05-17 05:00:00,19.85,0.0,24100.0,0.0,0.0,0.0,14.18,2026-05-17,5,Sunday,True,False,True,5,SPRING,CLEAR,LIGHT
STATEN ISLAND,2026-05-17 06:00:00,19.95,0.0,24100.0,0.0,0.0,0.0,15.04,2026-05-17,6,Sunday,True,False,False,5,SPRING,CLEAR,LIGHT
STATEN ISLAND,2026-05-17 07:00:00,19.15,0.0,24100.0,0.0,0.0,0.0,13.71,2026-05-17,7,Sunday,True,True,False,5,SPRING,CLEAR,LIGHT
STATEN ISLAND,2026-05-17 08:00:00,18.35,0.0,24100.0,0.0,0.0,0.0,12.02,2026-05-17,8,Sunday,True,True,False,5,SPRING,CLEAR,LIGHT
STATEN ISLAND,2026-05-17 09:00:00,17.55,0.0,24100.0,0.0,0.0,0.0,10.14,2026-05-17,9,Sunday,True,True,False,5,SPRING,CLEAR,LIGHT
STATEN ISLAND,2026-05-17 10:00:00,17.15,0.0,24100.0,0.0,0.0,0.0,10.08,2026-05-17,10,Sunday,True,False,False,5,SPRING,CLEAR,LIGHT
STATEN ISLAND,2026-05-17 11:00:00,18.35,0.0,24100.0,0.0,0.0,0.0,9.83,2026-05-17,11,Sunday,True,False,False,5,SPRING,CLEAR,LIGHT
STATEN ISLAND,2026-05-17 12:00:00,20.75,0.0,24100.0,0.0,0.0,0.0,11.28,2026-05-17,12,Sunday,True,False,False,5,SPRING,CLEAR,LIGHT
STATEN ISLAND,2026-05-17 13:00:00,22.65,0.0,24100.0,0.0,0.0,0.0,9.69,2026-05-17,13,Sunday,True,False,False,5,SPRING,CLEAR,LIGHT
STATEN ISLAND,2026-05-17 14:00:00,24.65,0.0,24100.0,0.0,0.0,0.0,8.56,2026-05-17,14,Sunday,True,False,False,5,SPRING,CLEAR,LIGHT
STATEN ISLAND,2026-05-17 15:00:00,26.85,0.0,24100.0,0.0,0.0,0.0,6.21,2026-05-17,15,Sunday,True,False,False,5,SPRING,CLEAR,LIGHT
STATEN ISLAND,2026-05-17 16:00:00,28.95,0.0,24100.0,0.0,0.0,0.0,5.62,2026-05-17,16,Sunday,True,True,False,5,SPRING,CLEAR,LIGHT
STATEN ISLAND,2026-05-17 17:00:00,29.45,0.0,24100.0,0.0,0.0,0.0,11.59,2026-05-17,17,Sunday,True,True,False,5,SPRING,CLEAR,LIGHT
STATEN ISLAND,2026-05-17 18:00:00,29.95,0.0,24100.0,0.0,0.0,0.0,12.82,2026-05-17,18,Sunday,True,True,False,5,SPRING,CLEAR,LIGHT
STATEN ISLAND,2026-05-17 19:00:00,30.05,0.0,24100.0,0.0,0.0,0.0,13.49,2026-05-17,19,Sunday,True,True,False,5,SPRING,CLEAR,LIGHT
STATEN ISLAND,2026-05-17 20:00:00,30.05,0.0,24100.0,0.0,0.0,0.0,13.91,2026-05-17,20,Sunday,True,False,True,5,SPRING,CLEAR,LIGHT
STATEN ISLAND,2026-05-17 21:00:00,29.75,0.0,24100.0,0.0,0.0,0.0,14.46,2026-05-17,21,Sunday,True,False,True,5,SPRING,CLEAR,LIGHT
STATEN ISLAND,2026-05-17 22:00:00,29.05,0.0,24100.0,0.0,0.0,0.0,14.81,2026-05-17,22,Sunday,True,False,True,5,SPRING,CLEAR,LIGHT
STATEN ISLAND,2026-05-17 23:00:00,28.25,0.0,24100.0,0.0,0.0,0.0,16.27,2026-05-17,23,Sunday,True,False,True,5,SPRING,CLEAR,LIGHT
STATEN ISLAND,2026-05-18 00:00:00,26.15,0.0,24100.0,0.0,0.0,0.0,11.53,2026-05-18,0,Monday,False,False,True,5,SPRING,CLEAR,LIGHT
STATEN ISLAND,2026-05-18 01:00:00,24.75,0.0,24100.0,0.0,0.0,0.0,9.35,2026-05-18,1,Monday,False,False,True,5,SPRING,CLEAR,LIGHT
STATEN ISLAND,2026-05-18 02:00:00,24.15,0.0,24100.0,0.0,0.0,0.0,11.27,2026-05-18,2,Monday,False,False,True,5,SPRING,CLEAR,LIGHT
STATEN ISLAND,2026-05-18 03:00:00,23.35,0.0,24100.0,0.0,0.0,0.0,12.68,2026-05-18,3,Monday,False,False,True,5,SPRING,CLEAR,LIGHT
STATEN ISLAND,2026-05-18 04:00:00,22.55,0.0,24100.0,0.0,0.0,0.0,11.68,2026-05-18,4,Monday,False,False,True,5,SPRING,CLEAR,LIGHT
STATEN ISLAND,2026-05-18 05:00:00,21.85,0.0,24100.0,0.0,0.0,0.0,11.17,2026-05-18,5,Monday,False,False,True,5,SPRING,CLEAR,LIGHT
STATEN ISLAND,2026-05-18 06:00:00,21.25,0.0,24100.0,0.0,0.0,0.0,10.03,2026-05-18,6,Monday,False,False,False,5,SPRING,CLEAR,LIGHT
STATEN ISLAND,2026-05-18 07:00:00,20.55,0.0,24100.0,0.0,0.0,0.0,8.53,2026-05-18,7,Monday,False,True,False,5,SPRING,CLEAR,LIGHT
STATEN ISLAND,2026-05-18 08:00:00,20.15,0.0,24100.0,0.0,0.0,0.0,7.7,2026-05-18,8,Monday,False,True,False,5,SPRING,CLEAR,LIGHT
STATEN ISLAND,2026-05-18 09:00:00,19.65,0.0,24100.0,0.0,0.0,0.0,8.05,2026-05-18,9,Monday,False,True,False,5,SPRING,CLEAR,LIGHT
STATEN ISLAND,2026-05-18 10:00:00,19.35,0.0,24100.0,0.0,0.0,0.0,5.99,2026-05-18,10,Monday,False,False,False,5,SPRING,CLEAR,LIGHT
STATEN ISLAND,2026-05-18 11:00:00,20.65,0.0,24100.0,0.0,0.0,0.0,6.61,2026-05-18,11,Monday,False,False,False,5,SPRING,CLEAR,LIGHT
STATEN ISLAND,2026-05-18 12:00:00,22.95,0.0,24100.0,0.0,0.0,0.0,4.83,2026-05-18,12,Monday,False,False,False,5,SPRING,CLEAR,LIGHT
STATEN ISLAND,2026-05-18 13:00:00,25.35,0.0,24100.0,0.0,0.0,0.0,5.99,2026-05-18,13,Monday,False,False,False,5,SPRING,CLEAR,LIGHT
STATEN ISLAND,2026-05-18 14:00:00,27.15,0.0,24100.0,0.0,0.0,0.0,7.64,2026-05-18,14,Monday,False,False,False,5,SPRING,CLEAR,LIGHT
STATEN ISLAND,2026-05-18 15:00:00,27.55,0.0,24100.0,0.0,0.0,0.0,11.89,2026-05-18,15,Monday,False,False,False,5,SPRING,CLEAR,LIGHT
STATEN ISLAND,2026-05-18 16:00:00,27.55,0.0,22200.0,0.0,0.0,0.0,13.76,2026-05-18,16,Monday,False,True,False,5,SPRING,CLEAR,LIGHT
STATEN ISLAND,2026-05-18 17:00:00,27.35,0.0,22100.0,0.0,0.0,0.0,16.99,2026-05-18,17,Monday,False,True,False,5,SPRING,CLEAR,LIGHT
STATEN ISLAND,2026-05-18 18:00:00,26.75,0.0,22500.0,0.0,0.0,0.0,16.26,2026-05-18,18,Monday,False,True,False,5,SPRING,CLEAR,LIGHT
STATEN ISLAND,2026-05-18 19:00:00,27.65,0.0,24100.0,0.0,0.0,0.0,14.24,2026-05-18,19,Monday,False,True,False,5,SPRING,CLEAR,LIGHT
STATEN ISLAND,2026-05-18 20:00:00,29.35,0.0,24100.0,0.0,0.0,0.0,13.05,2026-05-18,20,Monday,False,False,True,5,SPRING,CLEAR,LIGHT
STATEN ISLAND,2026-05-18 21:00:00,29.85,0.0,24100.0,0.0,0.0,0.0,17.06,2026-05-18,21,Monday,False,False,True,5,SPRING,CLEAR,LIGHT
STATEN ISLAND,2026-05-18 22:00:00,29.45,0.0,24100.0,0.0,0.0,0.0,13.76,2026-05-18,22,Monday,False,False,True,5,SPRING,CLEAR,LIGHT
STATEN ISLAND,2026-05-18 23:00:00,28.75,0.0,24100.0,0.0,0.0,0.0,9.69,2026-05-18,23,Monday,False,False,True,5,SPRING,CLEAR,LIGHT
STATEN ISLAND,2026-05-19 00:00:00,27.45,0.0,24100.0,0.0,0.0,0.0,12.85,2026-05-19,0,Tuesday,False,False,True,5,SPRING,CLEAR,LIGHT
STATEN ISLAND,2026-05-19 01:00:00,26.45,0.0,24100.0,0.0,0.0,0.0,17.19,2026-05-19,1,Tuesday,False,False,True,5,SPRING,CLEAR,LIGHT
STATEN ISLAND,2026-05-19 02:00:00,25.75,0.0,24100.0,0.0,0.0,0.0,15.99,2026-05-19,2,Tuesday,False,False,True,5,SPRING,CLEAR,LIGHT
STATEN ISLAND,2026-05-19 03:00:00,24.85,0.0,24100.0,0.0,0.0,0.0,14.88,2026-05-19,3,Tuesday,False,False,True,5,SPRING,CLEAR,LIGHT
STATEN ISLAND,2026-05-19 04:00:00,24.75,0.0,24100.0,0.0,0.0,0.0,15.07,2026-05-19,4,Tuesday,False,False,True,5,SPRING,CLEAR,LIGHT
STATEN ISLAND,2026-05-19 05:00:00,24.45,0.0,24100.0,0.0,0.0,0.0,15.02,2026-05-19,5,Tuesday,False,False,True,5,SPRING,CLEAR,LIGHT
STATEN ISLAND,2026-05-19 06:00:00,23.65,0.0,24100.0,0.0,0.0,0.0,13.18,2026-05-19,6,Tuesday,False,False,False,5,SPRING,CLEAR,LIGHT
STATEN ISLAND,2026-05-19 07:00:00,22.95,0.0,24100.0,0.0,0.0,0.0,11.72,2026-05-19,7,Tuesday,False,True,False,5,SPRING,CLEAR,LIGHT
STATEN ISLAND,2026-05-19 08:00:00,22.35,0.0,24100.0,0.0,0.0,0.0,11.75,2026-05-19,8,Tuesday,False,True,False,5,SPRING,CLEAR,LIGHT
STATEN ISLAND,2026-05-19 09:00:00,21.75,0.0,24100.0,0.0,0.0,0.0,11.02,2026-05-19,9,Tuesday,False,True,False,5,SPRING,CLEAR,LIGHT
STATEN ISLAND,2026-05-19 10:00:00,21.75,0.0,24100.0,0.0,0.0,0.0,11.71,2026-05-19,10,Tuesday,False,False,False,5,SPRING,CLEAR,LIGHT
STATEN ISLAND,2026-05-19 11:00:00,22.55,0.0,24100.0,0.0,0.0,0.0,12.73,2026-05-19,11,Tuesday,False,False,False,5,SPRING,CLEAR,LIGHT
STATEN ISLAND,2026-05-19 12:00:00,24.55,0.0,24100.0,0.0,0.0,0.0,14.28,2026-05-19,12,Tuesday,False,False,False,5,SPRING,CLEAR,LIGHT
STATEN ISLAND,2026-05-19 13:00:00,26.85,0.0,24100.0,0.0,0.0,0.0,13.78,2026-05-19,13,Tuesday,False,False,False,5,SPRING,CLEAR,LIGHT
STATEN ISLAND,2026-05-19 14:00:00,28.95,0.0,24100.0,0.0,0.0,0.0,14.33,2026-05-19,14,Tuesday,False,False,False,5,SPRING,CLEAR,LIGHT
STATEN ISLAND,2026-05-19 15:00:00,31.05,0.0,24100.0,0.0,0.0,0.0,13.68,2026-05-19,15,Tuesday,False,False,False,5,SPRING,CLEAR,LIGHT
STATEN ISLAND,2026-05-19 16:00:00,32.65,0.0,24100.0,0.0,0.0,0.0,15.79,2026-05-19,16,Tuesday,False,True,False,5,SPRING,CLEAR,LIGHT
STATEN ISLAND,2026-05-19 17:00:00,33.45,0.0,24100.0,0.0,0.0,0.0,16.58,2026-05-19,17,Tuesday,False,True,False,5,SPRING,CLEAR,LIGHT
STATEN ISLAND,2026-05-19 18:00:00,33.65,0.0,24100.0,0.0,0.0,0.0,16.32,2026-05-19,18,Tuesday,False,True,False,5,SPRING,CLEAR,LIGHT
STATEN ISLAND,2026-05-19 19:00:00,33.65,0.0,24100.0,0.0,0.0,0.0,19.16,2026-05-19,19,Tuesday,False,True,False,5,SPRING,CLEAR,LIGHT
STATEN ISLAND,2026-05-19 20:00:00,33.45,0.0,24100.0,0.0,0.0,0.0,22.18,2026-05-19,20,Tuesday,False,False,True,5,SPRING,CLEAR,LIGHT
STATEN ISLAND,2026-05-19 21:00:00,33.35,0.0,24100.0,0.0,0.0,0.0,23.69,2026-05-19,21,Tuesday,False,False,True,5,SPRING,CLEAR,LIGHT
STATEN ISLAND,2026-05-19 22:00:00,32.95,0.0,24100.0,0.0,0.0,0.0,23.57,2026-05-19,22,Tuesday,False,False,True,5,SPRING,CLEAR,LIGHT
STATEN ISLAND,2026-05-19 23:00:00,31.55,0.0,24100.0,0.0,0.0,0.0,20.97,2026-05-19,23,Tuesday,False,False,True,5,SPRING,CLEAR,LIGHT
STATEN ISLAND,2026-05-20 00:00:00,30.05,0.0,24100.0,0.0,0.0,0.0,17.02,2026-05-20,0,Wednesday,False,False,True,5,SPRING,CLEAR,LIGHT
STATEN ISLAND,2026-05-20 01:00:00,28.75,0.0,24100.0,0.0,0.0,0.0,14.87,2026-05-20,1,Wednesday,False,False,True,5,SPRING,CLEAR,LIGHT
STATEN ISLAND,2026-05-20 02:00:00,27.85,0.0,24100.0,0.0,0.0,0.0,15.03,2026-05-20,2,Wednesday,False,False,True,5,SPRING,CLEAR,LIGHT
STATEN ISLAND,2026-05-20 03:00:00,27.15,0.0,24100.0,0.0,0.0,0.0,14.83,2026-05-20,3,Wednesday,False,False,True,5,SPRING,CLEAR,LIGHT
STATEN ISLAND,2026-05-20 04:00:00,26.45,0.0,24100.0,0.0,0.0,0.0,14.48,2026-05-20,4,Wednesday,False,False,True,5,SPRING,CLEAR,LIGHT
STATEN ISLAND,2026-05-20 05:00:00,25.45,0.0,24100.0,0.0,0.0,0.0,14.77,2026-05-20,5,Wednesday,False,False,True,5,SPRING,CLEAR,LIGHT
STATEN ISLAND,2026-05-20 06:00:00,24.85,0.0,24100.0,0.0,0.0,0.0,13.32,2026-05-20,6,Wednesday,False,False,False,5,SPRING,CLEAR,LIGHT
STATEN ISLAND,2026-05-20 07:00:00,24.75,0.0,24100.0,0.0,0.0,0.0,11.3,2026-05-20,7,Wednesday,False,True,False,5,SPRING,CLEAR,LIGHT
STATEN ISLAND,2026-05-20 08:00:00,23.85,0.0,24100.0,0.0,0.0,0.0,10.38,2026-05-20,8,Wednesday,False,True,False,5,SPRING,CLEAR,LIGHT
STATEN ISLAND,2026-05-20 09:00:00,23.45,0.0,24100.0,0.0,0.0,0.0,11.63,2026-05-20,9,Wednesday,False,True,False,5,SPRING,CLEAR,LIGHT
STATEN ISLAND,2026-05-20 10:00:00,23.15,0.0,24100.0,0.0,0.0,0.0,12.88,2026-05-20,10,Wednesday,False,False,False,5,SPRING,CLEAR,LIGHT
STATEN ISLAND,2026-05-20 11:00:00,23.95,0.0,24100.0,0.0,0.0,0.0,13.24,2026-05-20,11,Wednesday,False,False,False,5,SPRING,CLEAR,LIGHT
STATEN ISLAND,2026-05-20 12:00:00,25.95,0.0,24100.0,0.0,0.0,0.0,15.23,2026-05-20,12,Wednesday,False,False,False,5,SPRING,CLEAR,LIGHT
STATEN ISLAND,2026-05-20 13:00:00,28.15,0.0,24100.0,0.0,0.0,0.0,16.56,2026-05-20,13,Wednesday,False,False,False,5,SPRING,CLEAR,LIGHT
STATEN ISLAND,2026-05-20 14:00:00,30.05,0.0,24100.0,0.0,0.0,0.0,17.28,2026-05-20,14,Wednesday,False,False,False,5,SPRING,CLEAR,LIGHT
STATEN ISLAND,2026-05-20 15:00:00,31.15,0.0,24100.0,0.0,0.0,0.0,18.42,2026-05-20,15,Wednesday,False,False,False,5,SPRING,CLEAR,LIGHT
STATEN ISLAND,2026-05-20 16:00:00,32.05,0.0,24100.0,0.0,0.0,0.0,16.58,2026-05-20,16,Wednesday,False,True,False,5,SPRING,CLEAR,LIGHT
STATEN ISLAND,2026-05-20 17:00:00,33.15,0.0,24100.0,0.0,0.0,0.0,17.87,2026-05-20,17,Wednesday,False,True,False,5,SPRING,CLEAR,LIGHT
STATEN ISLAND,2026-05-20 18:00:00,33.45,0.0,24100.0,0.0,0.0,0.0,20.19,2026-05-20,18,Wednesday,False,True,False,5,SPRING,CLEAR,LIGHT
STATEN ISLAND,2026-05-20 19:00:00,33.35,0.0,24100.0,0.0,0.0,0.0,21.61,2026-05-20,19,Wednesday,False,True,False,5,SPRING,CLEAR,LIGHT
STATEN ISLAND,2026-05-20 20:00:00,33.05,0.0,24100.0,0.0,0.0,0.0,19.85,2026-05-20,20,Wednesday,False,False,True,5,SPRING,CLEAR,LIGHT
STATEN ISLAND,2026-05-20 21:00:00,32.45,0.0,24100.0,0.0,0.0,0.0,16.2,2026-05-20,21,Wednesday,False,False,True,5,SPRING,CLEAR,LIGHT
STATEN ISLAND,2026-05-20 22:00:00,28.15,0.7,17800.0,0.0,0.7,0.0,16.14,2026-05-20,22,Wednesday,False,False,True,5,SPRING,RAIN,LIGHT
STATEN ISLAND,2026-05-20 23:00:00,27.85,0.4,24100.0,0.0,0.4,0.0,20.75,2026-05-20,23,Wednesday,False,False,True,5,SPRING,RAIN,LIGHT
STATEN ISLAND,2026-05-21 00:00:00,23.95,0.1,24100.0,0.0,0.1,0.0,20.52,2026-05-21,0,Thursday,False,False,True,5,SPRING,RAIN,LIGHT
STATEN ISLAND,2026-05-21 01:00:00,21.25,1.6,20000.0,0.0,1.6,0.0,9.53,2026-05-21,1,Thursday,False,False,True,5,SPRING,RAIN,LIGHT
STATEN ISLAND,2026-05-21 02:00:00,21.35,0.2,18100.0,0.0,0.2,0.0,9.18,2026-05-21,2,Thursday,False,False,True,5,SPRING,RAIN,LIGHT
STATEN ISLAND,2026-05-21 03:00:00,20.95,0.1,24100.0,0.0,0.1,0.0,12.14,2026-05-21,3,Thursday,False,False,True,5,SPRING,RAIN,LIGHT
STATEN ISLAND,2026-05-21 04:00:00,19.65,0.0,24100.0,0.0,0.0,0.0,15.68,2026-05-21,4,Thursday,False,False,True,5,SPRING,CLEAR,LIGHT
STATEN ISLAND,2026-05-21 05:00:00,18.95,0.0,24100.0,0.0,0.0,0.0,15.88,2026-05-21,5,Thursday,False,False,True,5,SPRING,CLEAR,LIGHT
STATEN ISLAND,2026-05-21 06:00:00,19.15,0.0,24100.0,0.0,0.0,0.0,15.0,2026-05-21,6,Thursday,False,False,False,5,SPRING,CLEAR,LIGHT
STATEN ISLAND,2026-05-21 07:00:00,18.65,0.0,24100.0,0.0,0.0,0.0,13.39,2026-05-21,7,Thursday,False,True,False,5,SPRING,CLEAR,LIGHT
STATEN ISLAND,2026-05-21 08:00:00,17.95,0.0,24100.0,0.0,0.0,0.0,15.83,2026-05-21,8,Thursday,False,True,False,5,SPRING,CLEAR,LIGHT
STATEN ISLAND,2026-05-21 09:00:00,17.75,0.0,24100.0,0.0,0.0,0.0,13.05,2026-05-21,9,Thursday,False,True,False,5,SPRING,CLEAR,LIGHT
STATEN ISLAND,2026-05-21 10:00:00,17.35,0.0,24100.0,0.0,0.0,0.0,12.98,2026-05-21,10,Thursday,False,False,False,5,SPRING,CLEAR,LIGHT
STATEN ISLAND,2026-05-21 11:00:00,17.65,0.0,24100.0,0.0,0.0,0.0,13.68,2026-05-21,11,Thursday,False,False,False,5,SPRING,CLEAR,LIGHT
STATEN ISLAND,2026-05-21 12:00:00,18.15,0.0,24100.0,0.0,0.0,0.0,13.63,2026-05-21,12,Thursday,False,False,False,5,SPRING,CLEAR,LIGHT
STATEN ISLAND,2026-05-21 13:00:00,18.75,0.0,24100.0,0.0,0.0,0.0,10.23,2026-05-21,13,Thursday,False,False,False,5,SPRING,CLEAR,LIGHT
STATEN ISLAND,2026-05-21 14:00:00,19.25,0.0,24100.0,0.0,0.0,0.0,13.09,2026-05-21,14,Thursday,False,False,False,5,SPRING,CLEAR,LIGHT
STATEN ISLAND,2026-05-21 15:00:00,17.15,0.1,23400.0,0.1,0.0,0.0,19.21,2026-05-21,15,Thursday,False,False,False,5,SPRING,RAIN,LIGHT
STATEN ISLAND,2026-05-21 16:00:00,14.65,0.3,24100.0,0.3,0.0,0.0,17.87,2026-05-21,16,Thursday,False,True,False,5,SPRING,RAIN,LIGHT
STATEN ISLAND,2026-05-21 17:00:00,14.85,0.7,8900.0,0.7,0.0,0.0,15.12,2026-05-21,17,Thursday,False,True,False,5,SPRING,RAIN,LIGHT
STATEN ISLAND,2026-05-21 18:00:00,14.65,1.1,24100.0,1.1,0.0,0.0,9.11,2026-05-21,18,Thursday,False,True,False,5,SPRING,RAIN,LIGHT
STATEN ISLAND,2026-05-21 19:00:00,15.45,0.1,24100.0,0.1,0.0,0.0,8.65,2026-05-21,19,Thursday,False,True,False,5,SPRING,RAIN,LIGHT
STATEN ISLAND,2026-05-21 20:00:00,15.75,0.0,24100.0,0.0,0.0,0.0,5.86,2026-05-21,20,Thursday,False,False,True,5,SPRING,CLEAR,LIGHT
STATEN ISLAND,2026-05-21 21:00:00,15.65,0.1,24100.0,0.1,0.0,0.0,5.9,2026-05-21,21,Thursday,False,False,True,5,SPRING,RAIN,LIGHT
STATEN ISLAND,2026-05-21 22:00:00,16.05,0.0,24100.0,0.0,0.0,0.0,4.9,2026-05-21,22,Thursday,False,False,True,5,SPRING,CLEAR,LIGHT
STATEN ISLAND,2026-05-21 23:00:00,16.45,0.0,24100.0,0.0,0.0,0.0,3.62,2026-05-21,23,Thursday,False,False,True,5,SPRING,CLEAR,LIGHT
STATEN ISLAND,2026-05-22 00:00:00,15.95,0.0,24100.0,0.0,0.0,0.0,6.3,2026-05-22,0,Friday,False,False,True,5,SPRING,CLEAR,LIGHT
STATEN ISLAND,2026-05-22 01:00:00,15.35,0.0,24100.0,0.0,0.0,0.0,6.3,2026-05-22,1,Friday,False,False,True,5,SPRING,CLEAR,LIGHT
STATEN ISLAND,2026-05-22 02:00:00,15.05,0.0,24100.0,0.0,0.0,0.0,4.68,2026-05-22,2,Friday,False,False,True,5,SPRING,CLEAR,LIGHT
STATEN ISLAND,2026-05-22 03:00:00,14.85,0.0,24100.0,0.0,0.0,0.0,3.55,2026-05-22,3,Friday,False,False,True,5,SPRING,CLEAR,LIGHT
STATEN ISLAND,2026-05-22 04:00:00,15.15,0.0,24100.0,0.0,0.0,0.0,3.6,2026-05-22,4,Friday,False,False,True,5,SPRING,CLEAR,LIGHT
STATEN ISLAND,2026-05-22 05:00:00,15.45,0.0,24100.0,0.0,0.0,0.0,8.65,2026-05-22,5,Friday,False,False,True,5,SPRING,CLEAR,LIGHT
STATEN ISLAND,2026-05-22 06:00:00,15.65,0.0,24100.0,0.0,0.0,0.0,11.37,2026-05-22,6,Friday,False,False,False,5,SPRING,CLEAR,LIGHT
STATEN ISLAND,2026-05-22 07:00:00,15.35,0.0,24100.0,0.0,0.0,0.0,11.44,2026-05-22,7,Friday,False,True,False,5,SPRING,CLEAR,LIGHT
STATEN ISLAND,2026-05-22 08:00:00,15.35,0.0,24100.0,0.0,0.0,0.0,12.68,2026-05-22,8,Friday,False,True,False,5,SPRING,CLEAR,LIGHT
STATEN ISLAND,2026-05-22 09:00:00,15.15,0.0,24100.0,0.0,0.0,0.0,16.08,2026-05-22,9,Friday,False,True,False,5,SPRING,CLEAR,LIGHT
STATEN ISLAND,2026-05-22 10:00:00,14.75,0.0,24100.0,0.0,0.0,0.0,18.16,2026-05-22,10,Friday,False,False,False,5,SPRING,CLEAR,LIGHT
STATEN ISLAND,2026-05-22 11:00:00,15.05,0.0,24100.0,0.0,0.0,0.0,20.75,2026-05-22,11,Friday,False,False,False,5,SPRING,CLEAR,LIGHT
STATEN ISLAND,2026-05-22 12:00:00,15.95,0.0,24100.0,0.0,0.0,0.0,23.21,2026-05-22,12,Friday,False,False,False,5,SPRING,CLEAR,LIGHT
STATEN ISLAND,2026-05-22 13:00:00,16.65,0.0,24100.0,0.0,0.0,0.0,21.42,2026-05-22,13,Friday,False,False,False,5,SPRING,CLEAR,LIGHT
STATEN ISLAND,2026-05-22 14:00:00,17.65,0.0,24100.0,0.0,0.0,0.0,19.34,2026-05-22,14,Friday,False,False,False,5,SPRING,CLEAR,LIGHT
STATEN ISLAND,2026-05-22 15:00:00,18.55,0.0,24100.0,0.0,0.0,0.0,19.73,2026-05-22,15,Friday,False,False,False,5,SPRING,CLEAR,LIGHT
STATEN ISLAND,2026-05-22 16:00:00,19.15,0.0,24100.0,0.0,0.0,0.0,18.03,2026-05-22,16,Friday,False,True,False,5,SPRING,CLEAR,LIGHT
STATEN ISLAND,2026-05-22 17:00:00,18.75,0.0,24100.0,0.0,0.0,0.0,20.52,2026-05-22,17,Friday,False,True,False,5,SPRING,CLEAR,LIGHT
STATEN ISLAND,2026-05-22 18:00:00,17.75,0.0,24100.0,0.0,0.0,0.0,23.47,2026-05-22,18,Friday,False,True,False,5,SPRING,CLEAR,LIGHT
STATEN ISLAND,2026-05-22 19:00:00,17.35,0.0,24100.0,0.0,0.0,0.0,24.46,2026-05-22,19,Friday,False,True,False,5,SPRING,CLEAR,LIGHT
STATEN ISLAND,2026-05-22 20:00:00,17.25,0.0,24100.0,0.0,0.0,0.0,22.98,2026-05-22,20,Friday,False,False,True,5,SPRING,CLEAR,LIGHT
STATEN ISLAND,2026-05-22 21:00:00,16.55,0.0,24100.0,0.0,0.0,0.0,22.9,2026-05-22,21,Friday,False,False,True,5,SPRING,CLEAR,LIGHT
STATEN ISLAND,2026-05-22 22:00:00,15.75,0.0,24100.0,0.0,0.0,0.0,21.2,2026-05-22,22,Friday,False,False,True,5,SPRING,CLEAR,LIGHT
STATEN ISLAND,2026-05-22 23:00:00,15.35,0.0,24100.0,0.0,0.0,0.0,20.88,2026-05-22,23,Friday,False,False,True,5,SPRING,CLEAR,LIGHT
STATEN ISLAND,2026-05-23 00:00:00,14.85,0.0,24100.0,0.0,0.0,0.0,19.23,2026-05-23,0,Saturday,True,False,True,5,SPRING,CLEAR,LIGHT
STATEN ISLAND,2026-05-23 01:00:00,13.96,0.0,30000.0,0.0,0.0,0.0,15.88,2026-05-23,1,Saturday,True,False,True,5,SPRING,CLEAR,LIGHT
STATEN ISLAND,2026-05-23 02:00:00,13.52,0.0,30700.0,0.0,0.0,0.0,12.29,2026-05-23,2,Saturday,True,False,True,5,SPRING,CLEAR,LIGHT
STATEN ISLAND,2026-05-23 03:00:00,13.62,0.0,32600.0,0.0,0.0,0.0,9.45,2026-05-23,3,Saturday,True,False,True,5,SPRING,CLEAR,LIGHT
STATEN ISLAND,2026-05-23 04:00:00,14.06,0.0,38200.0,0.0,0.0,0.0,11.97,2026-05-23,4,Saturday,True,False,True,5,SPRING,CLEAR,LIGHT
STATEN ISLAND,2026-05-23 05:00:00,13.21,0.0,37000.0,0.0,0.0,0.0,9.42,2026-05-23,5,Saturday,True,False,True,5,SPRING,CLEAR,LIGHT
STATEN ISLAND,2026-05-23 06:00:00,13.06,0.0,34600.0,0.0,0.0,0.0,9.83,2026-05-23,6,Saturday,True,False,False,5,SPRING,CLEAR,LIGHT
STATEN ISLAND,2026-05-23 07:00:00,12.62,0.0,29200.0,0.0,0.0,0.0,10.31,2026-05-23,7,Saturday,True,True,False,5,SPRING,CLEAR,LIGHT
STATEN ISLAND,2026-05-23 08:00:00,12.42,0.0,36900.0,0.0,0.0,0.0,9.59,2026-05-23,8,Saturday,True,True,False,5,SPRING,CLEAR,LIGHT
STATEN ISLAND,2026-05-23 09:00:00,11.76,0.0,30800.0,0.0,0.0,0.0,9.11,2026-05-23,9,Saturday,True,True,False,5,SPRING,CLEAR,LIGHT
STATEN ISLAND,2026-05-23 10:00:00,11.56,0.0,27500.0,0.0,0.0,0.0,9.73,2026-05-23,10,Saturday,True,False,False,5,SPRING,CLEAR,LIGHT
STATEN ISLAND,2026-05-23 11:00:00,11.92,0.0,29500.0,0.0,0.0,0.0,9.89,2026-05-23,11,Saturday,True,False,False,5,SPRING,CLEAR,LIGHT
STATEN ISLAND,2026-05-23 12:00:00,12.52,0.0,33400.0,0.0,0.0,0.0,9.89,2026-05-23,12,Saturday,True,False,False,5,SPRING,CLEAR,LIGHT
STATEN ISLAND,2026-05-23 13:00:00,11.82,0.0,27000.0,0.0,0.0,0.0,11.21,2026-05-23,13,Saturday,True,False,False,5,SPRING,CLEAR,LIGHT
STATEN ISLAND,2026-05-23 14:00:00,13.21,0.0,37600.0,0.0,0.0,0.0,15.08,2026-05-23,14,Saturday,True,False,False,5,SPRING,CLEAR,LIGHT
STATEN ISLAND,2026-05-23 15:00:00,13.06,0.0,32300.0,0.0,0.0,0.0,14.59,2026-05-23,15,Saturday,True,False,False,5,SPRING,CLEAR,LIGHT
STATEN ISLAND,2026-05-23 16:00:00,13.16,0.4,20600.0,0.4,0.0,0.0,13.76,2026-05-23,16,Saturday,True,True,False,5,SPRING,RAIN,LIGHT
STATEN ISLAND,2026-05-23 17:00:00,12.52,0.0,26500.0,0.0,0.0,0.0,16.52,2026-05-23,17,Saturday,True,True,False,5,SPRING,CLEAR,LIGHT
STATEN ISLAND,2026-05-23 18:00:00,12.52,0.4,25300.0,0.4,0.0,0.0,19.69,2026-05-23,18,Saturday,True,True,False,5,SPRING,RAIN,LIGHT
STATEN ISLAND,2026-05-23 19:00:00,11.71,0.0,12200.0,0.0,0.0,0.0,15.62,2026-05-23,19,Saturday,True,True,False,5,SPRING,CLEAR,LIGHT
STATEN ISLAND,2026-05-23 20:00:00,11.52,0.7,9100.0,0.7,0.0,0.0,13.32,2026-05-23,20,Saturday,True,False,True,5,SPRING,RAIN,LIGHT
STATEN ISLAND,2026-05-23 21:00:00,11.26,4.0,6500.0,4.0,0.0,0.0,18.53,2026-05-23,21,Saturday,True,False,True,5,SPRING,RAIN,MODERATE
STATEN ISLAND,2026-05-23 22:00:00,10.92,5.4,4100.0,5.4,0.0,0.0,19.2,2026-05-23,22,Saturday,True,False,True,5,SPRING,RAIN,HEAVY
STATEN ISLAND,2026-05-23 23:00:00,10.36,5.8,12300.0,5.8,0.0,0.0,17.03,2026-05-23,23,Saturday,True,False,True,5,SPRING,RAIN,HEAVY
STATEN ISLAND,2026-05-24 00:00:00,9.92,0.0,14600.0,0.0,0.0,0.0,17.76,2026-05-24,0,Sunday,True,False,True,5,SPRING,CLEAR,LIGHT
STATEN ISLAND,2026-05-24 01:00:00,10.12,0.4,13700.0,0.4,0.0,0.0,19.93,2026-05-24,1,Sunday,True,False,True,5,SPRING,RAIN,LIGHT
STATEN ISLAND,2026-05-24 02:00:00,10.32,0.0,14000.0,0.0,0.0,0.0,16.49,2026-05-24,2,Sunday,True,False,True,5,SPRING,CLEAR,LIGHT
STATEN ISLAND,2026-05-24 03:00:00,10.21,0.0,14400.0,0.0,0.0,0.0,19.59,2026-05-24,3,Sunday,True,False,True,5,SPRING,CLEAR,LIGHT
STATEN ISLAND,2026-05-24 04:00:00,10.76,0.0,12800.0,0.0,0.0,0.0,15.5,2026-05-24,4,Sunday,True,False,True,5,SPRING,CLEAR,LIGHT
STATEN ISLAND,2026-05-24 05:00:00,10.82,0.0,12200.0,0.0,0.0,0.0,13.32,2026-05-24,5,Sunday,True,False,True,5,SPRING,CLEAR,LIGHT
STATEN ISLAND,2026-05-24 06:00:00,11.12,0.4,14100.0,0.4,0.0,0.0,15.78,2026-05-24,6,Sunday,True,False,False,5,SPRING,RAIN,LIGHT
STATEN ISLAND,2026-05-24 07:00:00,10.92,3.2,12900.0,3.2,0.0,0.0,13.98,2026-05-24,7,Sunday,True,True,False,5,SPRING,RAIN,MODERATE
STATEN ISLAND,2026-05-24 08:00:00,11.36,0.4,14300.0,0.4,0.0,0.0,14.33,2026-05-24,8,Sunday,True,True,False,5,SPRING,RAIN,LIGHT
STATEN ISLAND,2026-05-24 09:00:00,11.42,1.4,4700.0,1.4,0.0,0.0,18.45,2026-05-24,9,Sunday,True,True,False,5,SPRING,RAIN,LIGHT
STATEN ISLAND,2026-05-24 10:00:00,11.76,2.2,13100.0,2.2,0.0,0.0,18.58,2026-05-24,10,Sunday,True,False,False,5,SPRING,RAIN,LIGHT
STATEN ISLAND,2026-05-24 11:00:00,11.86,2.2,11900.0,2.2,0.0,0.0,22.61,2026-05-24,11,Sunday,True,False,False,5,SPRING,RAIN,LIGHT
STATEN ISLAND,2026-05-24 12:00:00,11.86,3.6,11500.0,3.6,0.0,0.0,18.39,2026-05-24,12,Sunday,True,False,False,5,SPRING,RAIN,MODERATE
STATEN ISLAND,2026-05-24 13:00:00,11.92,14.0,3600.0,14.0,0.0,0.0,16.42,2026-05-24,13,Sunday,True,False,False,5,SPRING,RAIN,HEAVY
STATEN ISLAND,2026-05-24 14:00:00,12.06,2.2,12200.0,2.2,0.0,0.0,15.83,2026-05-24,14,Sunday,True,False,False,5,SPRING,RAIN,LIGHT
STATEN ISLAND,2026-05-24 15:00:00,12.32,1.4,8500.0,1.4,0.0,0.0,13.28,2026-05-24,15,Sunday,True,False,False,5,SPRING,RAIN,LIGHT
STATEN ISLAND,2026-05-24 16:00:00,12.66,0.4,9100.0,0.4,0.0,0.0,15.78,2026-05-24,16,Sunday,True,True,False,5,SPRING,RAIN,LIGHT
STATEN ISLAND,2026-05-24 17:00:00,13.12,0.0,12200.0,0.0,0.0,0.0,10.8,2026-05-24,17,Sunday,True,True,False,5,SPRING,CLEAR,LIGHT
STATEN ISLAND,2026-05-24 18:00:00,13.52,0.0,12600.0,0.0,0.0,0.0,12.77,2026-05-24,18,Sunday,True,True,False,5,SPRING,CLEAR,LIGHT
STATEN ISLAND,2026-05-24 19:00:00,14.16,0.0,13200.0,0.0,0.0,0.0,10.74,2026-05-24,19,Sunday,True,True,False,5,SPRING,CLEAR,LIGHT
STATEN ISLAND,2026-05-24 20:00:00,13.92,0.0,12200.0,0.0,0.0,0.0,12.1,2026-05-24,20,Sunday,True,False,True,5,SPRING,CLEAR,LIGHT
STATEN ISLAND,2026-05-24 21:00:00,14.12,0.0,3200.0,0.0,0.0,0.0,11.75,2026-05-24,21,Sunday,True,False,True,5,SPRING,FOG,LIGHT
STATEN ISLAND,2026-05-24 22:00:00,13.96,0.0,12200.0,0.0,0.0,0.0,12.22,2026-05-24,22,Sunday,True,False,True,5,SPRING,CLEAR,LIGHT
STATEN ISLAND,2026-05-24 23:00:00,13.86,0.0,12500.0,0.0,0.0,0.0,8.4,2026-05-24,23,Sunday,True,False,True,5,SPRING,CLEAR,LIGHT
STATEN ISLAND,2026-05-25 00:00:00,13.71,0.0,12200.0,0.0,0.0,0.0,10.51,2026-05-25,0,Monday,False,False,True,5,SPRING,CLEAR,LIGHT
STATEN ISLAND,2026-05-25 01:00:00,13.46,0.0,12400.0,0.0,0.0,0.0,9.18,2026-05-25,1,Monday,False,False,True,5,SPRING,CLEAR,LIGHT
STATEN ISLAND,2026-05-25 02:00:00,13.16,0.0,12200.0,0.0,0.0,0.0,8.4,2026-05-25,2,Monday,False,False,True,5,SPRING,CLEAR,LIGHT
STATEN ISLAND,2026-05-25 03:00:00,12.96,0.0,12200.0,0.0,0.0,0.0,5.62,2026-05-25,3,Monday,False,False,True,5,SPRING,CLEAR,LIGHT
STATEN ISLAND,2026-05-25 04:00:00,13.06,0.0,12200.0,0.0,0.0,0.0,6.11,2026-05-25,4,Monday,False,False,True,5,SPRING,CLEAR,LIGHT
STATEN ISLAND,2026-05-25 05:00:00,12.96,0.0,12200.0,0.0,0.0,0.0,2.55,2026-05-25,5,Monday,False,False,True,5,SPRING,CLEAR,LIGHT
STATEN ISLAND,2026-05-25 06:00:00,13.16,0.0,2100.0,0.0,0.0,0.0,3.08,2026-05-25,6,Monday,False,False,False,5,SPRING,FOG,MODERATE
STATEN ISLAND,2026-05-25 07:00:00,13.12,0.0,12200.0,0.0,0.0,0.0,3.55,2026-05-25,7,Monday,False,True,False,5,SPRING,CLEAR,LIGHT
STATEN ISLAND,2026-05-25 08:00:00,13.12,0.0,100.0,0.0,0.0,0.0,4.07,2026-05-25,8,Monday,False,True,False,5,SPRING,FOG,SEVERE
STATEN ISLAND,2026-05-25 09:00:00,13.06,0.0,100.0,0.0,0.0,0.0,2.31,2026-05-25,9,Monday,False,True,False,5,SPRING,FOG,SEVERE
STATEN ISLAND,2026-05-25 10:00:00,13.12,0.0,100.0,0.0,0.0,0.0,0.51,2026-05-25,10,Monday,False,False,False,5,SPRING,FOG,SEVERE
STATEN ISLAND,2026-05-25 11:00:00,13.36,0.0,200.0,0.0,0.0,0.0,3.67,2026-05-25,11,Monday,False,False,False,5,SPRING,FOG,SEVERE
STATEN ISLAND,2026-05-25 12:00:00,13.66,0.0,200.0,0.0,0.0,0.0,8.05,2026-05-25,12,Monday,False,False,False,5,SPRING,FOG,SEVERE
STATEN ISLAND,2026-05-25 13:00:00,14.16,0.4,12200.0,0.4,0.0,0.0,5.86,2026-05-25,13,Monday,False,False,False,5,SPRING,RAIN,LIGHT
STATEN ISLAND,2026-05-25 14:00:00,15.06,0.0,12200.0,0.0,0.0,0.0,6.15,2026-05-25,14,Monday,False,False,False,5,SPRING,CLEAR,LIGHT
STATEN ISLAND,2026-05-25 15:00:00,15.32,0.0,12200.0,0.0,0.0,0.0,5.86,2026-05-25,15,Monday,False,False,False,5,SPRING,CLEAR,LIGHT
STATEN ISLAND,2026-05-25 16:00:00,16.02,0.0,12400.0,0.0,0.0,0.0,6.11,2026-05-25,16,Monday,False,True,False,5,SPRING,CLEAR,LIGHT
STATEN ISLAND,2026-05-25 17:00:00,18.12,0.0,14100.0,0.0,0.0,0.0,10.95,2026-05-25,17,Monday,False,True,False,5,SPRING,CLEAR,LIGHT
STATEN ISLAND,2026-05-25 18:00:00,18.96,0.0,15800.0,0.0,0.0,0.0,9.36,2026-05-25,18,Monday,False,True,False,5,SPRING,CLEAR,LIGHT
STATEN ISLAND,2026-05-25 19:00:00,20.72,0.0,19000.0,0.0,0.0,0.0,6.57,2026-05-25,19,Monday,False,True,False,5,SPRING,CLEAR,LIGHT
STATEN ISLAND,2026-05-25 20:00:00,21.56,0.0,19100.0,0.0,0.0,0.0,6.95,2026-05-25,20,Monday,False,False,True,5,SPRING,CLEAR,LIGHT
STATEN ISLAND,2026-05-25 21:00:00,23.56,0.0,22500.0,0.0,0.0,0.0,4.69,2026-05-25,21,Monday,False,False,True,5,SPRING,CLEAR,LIGHT
STATEN ISLAND,2026-05-25 22:00:00,23.06,0.0,23200.0,0.0,0.0,0.0,4.38,2026-05-25,22,Monday,False,False,True,5,SPRING,CLEAR,LIGHT
STATEN ISLAND,2026-05-25 23:00:00,21.82,0.0,23400.0,0.0,0.0,0.0,3.88,2026-05-25,23,Monday,False,False,True,5,SPRING,CLEAR,LIGHT
STATEN ISLAND,2026-05-26 00:00:00,20.66,0.0,20700.0,0.0,0.0,0.0,6.37,2026-05-26,0,Tuesday,False,False,True,5,SPRING,CLEAR,LIGHT
STATEN ISLAND,2026-05-26 01:00:00,19.46,0.0,17600.0,0.0,0.0,0.0,4.61,2026-05-26,1,Tuesday,False,False,True,5,SPRING,CLEAR,LIGHT
STATEN ISLAND,2026-05-26 02:00:00,18.82,0.0,14100.0,0.0,0.0,0.0,8.12,2026-05-26,2,Tuesday,False,False,True,5,SPRING,CLEAR,LIGHT
STATEN ISLAND,2026-05-26 03:00:00,18.06,0.0,13600.0,0.0,0.0,0.0,8.91,2026-05-26,3,Tuesday,False,False,True,5,SPRING,CLEAR,LIGHT
STATEN ISLAND,2026-05-26 04:00:00,17.52,0.0,13700.0,0.0,0.0,0.0,6.62,2026-05-26,4,Tuesday,False,False,True,5,SPRING,CLEAR,LIGHT
STATEN ISLAND,2026-05-26 05:00:00,16.82,0.0,14300.0,0.0,0.0,0.0,4.83,2026-05-26,5,Tuesday,False,False,True,5,SPRING,CLEAR,LIGHT
STATEN ISLAND,2026-05-26 06:00:00,16.52,0.0,14000.0,0.0,0.0,0.0,6.79,2026-05-26,6,Tuesday,False,False,False,5,SPRING,CLEAR,LIGHT
STATEN ISLAND,2026-05-26 07:00:00,16.17,0.0,13400.0,0.0,0.0,0.0,5.62,2026-05-26,7,Tuesday,False,True,False,5,SPRING,CLEAR,LIGHT
STATEN ISLAND,2026-05-26 08:00:00,15.46,0.0,16500.0,0.0,0.0,0.0,7.24,2026-05-26,8,Tuesday,False,True,False,5,SPRING,CLEAR,LIGHT
STATEN ISLAND,2026-05-26 09:00:00,15.06,0.0,16100.0,0.0,0.0,0.0,8.31,2026-05-26,9,Tuesday,False,True,False,5,SPRING,CLEAR,LIGHT
STATEN ISLAND,2026-05-26 10:00:00,14.32,0.0,18100.0,0.0,0.0,0.0,7.75,2026-05-26,10,Tuesday,False,False,False,5,SPRING,CLEAR,LIGHT
STATEN ISLAND,2026-05-26 11:00:00,15.56,0.0,16300.0,0.0,0.0,0.0,4.32,2026-05-26,11,Tuesday,False,False,False,5,SPRING,CLEAR,LIGHT
STATEN ISLAND,2026-05-26 12:00:00,17.96,0.0,21000.0,0.0,0.0,0.0,7.63,2026-05-26,12,Tuesday,False,False,False,5,SPRING,CLEAR,LIGHT
STATEN ISLAND,2026-05-26 13:00:00,19.92,0.0,26400.0,0.0,0.0,0.0,6.13,2026-05-26,13,Tuesday,False,False,False,5,SPRING,CLEAR,LIGHT
STATEN ISLAND,2026-05-26 14:00:00,21.66,0.0,36500.0,0.0,0.0,0.0,10.5,2026-05-26,14,Tuesday,False,False,False,5,SPRING,CLEAR,LIGHT
STATEN ISLAND,2026-05-26 15:00:00,23.56,0.0,45800.0,0.0,0.0,0.0,8.21,2026-05-26,15,Tuesday,False,False,False,5,SPRING,CLEAR,LIGHT
STATEN ISLAND,2026-05-26 16:00:00,24.56,0.0,40300.0,0.0,0.0,0.0,5.86,2026-05-26,16,Tuesday,False,True,False,5,SPRING,CLEAR,LIGHT
STATEN ISLAND,2026-05-26 17:00:00,24.72,0.0,35900.0,0.0,0.0,0.0,10.83,2026-05-26,17,Tuesday,False,True,False,5,SPRING,CLEAR,LIGHT
STATEN ISLAND,2026-05-26 18:00:00,24.86,0.0,37000.0,0.0,0.0,0.0,10.8,2026-05-26,18,Tuesday,False,True,False,5,SPRING,CLEAR,LIGHT
STATEN ISLAND,2026-05-26 19:00:00,25.77,0.0,40300.0,0.0,0.0,0.0,11.71,2026-05-26,19,Tuesday,False,True,False,5,SPRING,CLEAR,LIGHT
STATEN ISLAND,2026-05-26 20:00:00,25.96,0.0,44700.0,0.0,0.0,0.0,9.93,2026-05-26,20,Tuesday,False,False,True,5,SPRING,CLEAR,LIGHT
STATEN ISLAND,2026-05-26 21:00:00,26.16,0.0,54000.0,0.0,0.0,0.0,10.38,2026-05-26,21,Tuesday,False,False,True,5,SPRING,CLEAR,LIGHT
STATEN ISLAND,2026-05-26 22:00:00,23.42,0.0,30600.0,0.0,0.0,0.0,11.72,2026-05-26,22,Tuesday,False,False,True,5,SPRING,CLEAR,LIGHT
STATEN ISLAND,2026-05-26 23:00:00,24.02,0.0,37700.0,0.0,0.0,0.0,10.63,2026-05-26,23,Tuesday,False,False,True,5,SPRING,CLEAR,LIGHT
STATEN ISLAND,2026-05-27 00:00:00,21.06,0.0,28100.0,0.0,0.0,0.0,10.8,2026-05-27,0,Wednesday,False,False,True,5,SPRING,CLEAR,LIGHT
STATEN ISLAND,2026-05-27 01:00:00,20.02,0.0,29200.0,0.0,0.0,0.0,5.8,2026-05-27,1,Wednesday,False,False,True,5,SPRING,CLEAR,LIGHT
STATEN ISLAND,2026-05-27 02:00:00,18.46,0.0,22300.0,0.0,0.0,0.0,5.01,2026-05-27,2,Wednesday,False,False,True,5,SPRING,CLEAR,LIGHT
STATEN ISLAND,2026-05-27 03:00:00,17.46,0.0,12400.0,0.0,0.0,0.0,1.44,2026-05-27,3,Wednesday,False,False,True,5,SPRING,CLEAR,LIGHT
STATEN ISLAND,2026-05-27 04:00:00,18.02,0.0,25200.0,0.0,0.0,0.0,9.98,2026-05-27,4,Wednesday,False,False,True,5,SPRING,CLEAR,LIGHT
STATEN ISLAND,2026-05-27 05:00:00,17.02,0.0,19100.0,0.0,0.0,0.0,5.86,2026-05-27,5,Wednesday,False,False,True,5,SPRING,CLEAR,LIGHT
STATEN ISLAND,2026-05-27 06:00:00,17.96,0.0,19400.0,0.0,0.0,0.0,8.5,2026-05-27,6,Wednesday,False,False,False,5,SPRING,CLEAR,LIGHT
STATEN ISLAND,2026-05-27 07:00:00,17.86,0.0,22800.0,0.0,0.0,0.0,7.93,2026-05-27,7,Wednesday,False,True,False,5,SPRING,CLEAR,LIGHT
STATEN ISLAND,2026-05-27 08:00:00,18.12,0.0,20200.0,0.0,0.0,0.0,7.63,2026-05-27,8,Wednesday,False,True,False,5,SPRING,CLEAR,LIGHT
STATEN ISLAND,2026-05-27 09:00:00,17.77,0.0,18600.0,0.0,0.0,0.0,5.8,2026-05-27,9,Wednesday,False,True,False,5,SPRING,CLEAR,LIGHT
STATEN ISLAND,2026-05-27 10:00:00,18.06,0.0,18200.0,0.0,0.0,0.0,7.13,2026-05-27,10,Wednesday,False,False,False,5,SPRING,CLEAR,LIGHT
STATEN ISLAND,2026-05-27 11:00:00,19.32,0.0,18600.0,0.0,0.0,0.0,6.03,2026-05-27,11,Wednesday,False,False,False,5,SPRING,CLEAR,LIGHT
STATEN ISLAND,2026-05-27 12:00:00,20.32,0.0,15000.0,0.0,0.0,0.0,9.45,2026-05-27,12,Wednesday,False,False,False,5,SPRING,CLEAR,LIGHT
STATEN ISLAND,2026-05-27 13:00:00,21.32,0.0,17700.0,0.0,0.0,0.0,10.03,2026-05-27,13,Wednesday,False,False,False,5,SPRING,CLEAR,LIGHT
STATEN ISLAND,2026-05-27 14:00:00,23.02,0.0,18600.0,0.0,0.0,0.0,11.92,2026-05-27,14,Wednesday,False,False,False,5,SPRING,CLEAR,LIGHT
STATEN ISLAND,2026-05-27 15:00:00,22.27,0.0,18800.0,0.0,0.0,0.0,12.43,2026-05-27,15,Wednesday,False,False,False,5,SPRING,CLEAR,LIGHT
STATEN ISLAND,2026-05-27 16:00:00,23.56,0.0,20000.0,0.0,0.0,0.0,13.22,2026-05-27,16,Wednesday,False,True,False,5,SPRING,CLEAR,LIGHT
STATEN ISLAND,2026-05-27 17:00:00,25.27,0.0,21100.0,0.0,0.0,0.0,13.89,2026-05-27,17,Wednesday,False,True,False,5,SPRING,CLEAR,LIGHT
STATEN ISLAND,2026-05-27 18:00:00,25.86,0.0,23200.0,0.0,0.0,0.0,11.89,2026-05-27,18,Wednesday,False,True,False,5,SPRING,CLEAR,LIGHT
STATEN ISLAND,2026-05-27 19:00:00,26.72,0.0,27400.0,0.0,0.0,0.0,13.1,2026-05-27,19,Wednesday,False,True,False,5,SPRING,CLEAR,LIGHT
STATEN ISLAND,2026-05-27 20:00:00,28.12,0.0,32600.0,0.0,0.0,0.0,13.28,2026-05-27,20,Wednesday,False,False,True,5,SPRING,CLEAR,LIGHT
STATEN ISLAND,2026-05-27 21:00:00,29.42,0.0,41600.0,0.0,0.0,0.0,13.85,2026-05-27,21,Wednesday,False,False,True,5,SPRING,CLEAR,LIGHT
STATEN ISLAND,2026-05-27 22:00:00,28.86,0.0,38200.0,0.0,0.0,0.0,15.35,2026-05-27,22,Wednesday,False,False,True,5,SPRING,CLEAR,LIGHT
STATEN ISLAND,2026-05-27 23:00:00,28.27,0.0,42100.0,0.0,0.0,0.0,13.4,2026-05-27,23,Wednesday,False,False,True,5,SPRING,CLEAR,LIGHT
STATEN ISLAND,2026-05-28 00:00:00,26.72,0.0,41900.0,0.0,0.0,0.0,7.9,2026-05-28,0,Thursday,False,False,True,5,SPRING,CLEAR,LIGHT
STATEN ISLAND,2026-05-28 01:00:00,25.06,0.0,35100.0,0.0,0.0,0.0,10.19,2026-05-28,1,Thursday,False,False,True,5,SPRING,CLEAR,LIGHT
STATEN ISLAND,2026-05-28 02:00:00,24.22,0.0,31600.0,0.0,0.0,0.0,8.67,2026-05-28,2,Thursday,False,False,True,5,SPRING,CLEAR,LIGHT
STATEN ISLAND,2026-05-28 03:00:00,24.12,0.0,32200.0,0.0,0.0,0.0,9.01,2026-05-28,3,Thursday,False,False,True,5,SPRING,CLEAR,LIGHT
STATEN ISLAND,2026-05-28 04:00:00,23.42,0.0,33500.0,0.0,0.0,0.0,11.97,2026-05-28,4,Thursday,False,False,True,5,SPRING,CLEAR,LIGHT
STATEN ISLAND,2026-05-28 05:00:00,23.86,0.0,60900.0,0.0,0.0,0.0,16.52,2026-05-28,5,Thursday,False,False,True,5,SPRING,CLEAR,LIGHT
STATEN ISLAND,2026-05-28 06:00:00,22.56,0.0,56800.0,0.0,0.0,0.0,17.91,2026-05-28,6,Thursday,False,False,False,5,SPRING,CLEAR,LIGHT
STATEN ISLAND,2026-05-28 07:00:00,21.32,0.0,53500.0,0.0,0.0,0.0,15.04,2026-05-28,7,Thursday,False,True,False,5,SPRING,CLEAR,LIGHT
STATEN ISLAND,2026-05-28 08:00:00,20.42,0.0,49200.0,0.0,0.0,0.0,14.24,2026-05-28,8,Thursday,False,True,False,5,SPRING,CLEAR,LIGHT
STATEN ISLAND,2026-05-28 09:00:00,19.56,0.0,42400.0,0.0,0.0,0.0,10.25,2026-05-28,9,Thursday,False,True,False,5,SPRING,CLEAR,LIGHT
STATEN ISLAND,2026-05-28 10:00:00,19.06,0.0,37600.0,0.0,0.0,0.0,8.4,2026-05-28,10,Thursday,False,False,False,5,SPRING,CLEAR,LIGHT
STATEN ISLAND,2026-05-28 11:00:00,19.52,0.0,32600.0,0.0,0.0,0.0,7.09,2026-05-28,11,Thursday,False,False,False,5,SPRING,CLEAR,LIGHT
STATEN ISLAND,2026-05-28 12:00:00,21.27,0.0,42500.0,0.0,0.0,0.0,12.9,2026-05-28,12,Thursday,False,False,False,5,SPRING,CLEAR,LIGHT
STATEN ISLAND,2026-05-28 13:00:00,22.27,0.0,41900.0,0.0,0.0,0.0,14.92,2026-05-28,13,Thursday,False,False,False,5,SPRING,CLEAR,LIGHT
STATEN ISLAND,2026-05-28 14:00:00,23.46,0.0,37000.0,0.0,0.0,0.0,13.57,2026-05-28,14,Thursday,False,False,False,5,SPRING,CLEAR,LIGHT
STATEN ISLAND,2026-05-28 15:00:00,24.02,0.0,42900.0,0.0,0.0,0.0,10.16,2026-05-28,15,Thursday,False,False,False,5,SPRING,CLEAR,LIGHT
STATEN ISLAND,2026-05-28 16:00:00,24.06,0.0,43400.0,0.0,0.0,0.0,19.86,2026-05-28,16,Thursday,False,True,False,5,SPRING,CLEAR,LIGHT
STATEN ISLAND,2026-05-28 17:00:00,23.96,0.0,53600.0,0.0,0.0,0.0,23.07,2026-05-28,17,Thursday,False,True,False,5,SPRING,CLEAR,LIGHT
STATEN ISLAND,2026-05-28 18:00:00,24.86,0.0,52200.0,0.0,0.0,0.0,25.77,2026-05-28,18,Thursday,False,True,False,5,SPRING,CLEAR,LIGHT
STATEN ISLAND,2026-05-28 19:00:00,24.06,0.0,50700.0,0.0,0.0,0.0,27.71,2026-05-28,19,Thursday,False,True,False,5,SPRING,CLEAR,LIGHT
STATEN ISLAND,2026-05-28 20:00:00,21.82,0.0,45900.0,0.0,0.0,0.0,18.63,2026-05-28,20,Thursday,False,False,True,5,SPRING,CLEAR,LIGHT
STATEN ISLAND,2026-05-28 21:00:00,22.56,0.0,47600.0,0.0,0.0,0.0,21.76,2026-05-28,21,Thursday,False,False,True,5,SPRING,CLEAR,LIGHT
STATEN ISLAND,2026-05-28 22:00:00,23.06,0.0,56500.0,0.0,0.0,0.0,27.29,2026-05-28,22,Thursday,False,False,True,5,SPRING,CLEAR,LIGHT
STATEN ISLAND,2026-05-28 23:00:00,21.62,0.0,52000.0,0.0,0.0,0.0,26.49,2026-05-28,23,Thursday,False,False,True,5,SPRING,CLEAR,LIGHT
STATEN ISLAND,2026-05-29 00:00:00,19.52,0.0,41500.0,0.0,0.0,0.0,22.57,2026-05-29,0,Friday,False,False,True,5,SPRING,CLEAR,LIGHT
STATEN ISLAND,2026-05-29 01:00:00,18.67,0.0,42000.0,0.0,0.0,0.0,14.77,2026-05-29,1,Friday,False,False,True,5,SPRING,CLEAR,LIGHT
STATEN ISLAND,2026-05-29 02:00:00,17.67,0.0,40800.0,0.0,0.0,0.0,12.48,2026-05-29,2,Friday,False,False,True,5,SPRING,CLEAR,LIGHT
STATEN ISLAND,2026-05-29 03:00:00,16.52,0.0,40400.0,0.0,0.0,0.0,9.0,2026-05-29,3,Friday,False,False,True,5,SPRING,CLEAR,LIGHT
STATEN ISLAND,2026-05-29 04:00:00,15.76,0.0,37100.0,0.0,0.0,0.0,12.77,2026-05-29,4,Friday,False,False,True,5,SPRING,CLEAR,LIGHT
STATEN ISLAND,2026-05-29 05:00:00,15.36,0.0,35700.0,0.0,0.0,0.0,9.69,2026-05-29,5,Friday,False,False,True,5,SPRING,CLEAR,LIGHT
STATEN ISLAND,2026-05-29 06:00:00,14.82,0.0,31100.0,0.0,0.0,0.0,11.46,2026-05-29,6,Friday,False,False,False,5,SPRING,CLEAR,LIGHT
STATEN ISLAND,2026-05-29 07:00:00,14.16,0.0,30100.0,0.0,0.0,0.0,10.32,2026-05-29,7,Friday,False,True,False,5,SPRING,CLEAR,LIGHT
STATEN ISLAND,2026-05-29 08:00:00,13.66,0.0,28000.0,0.0,0.0,0.0,8.71,2026-05-29,8,Friday,False,True,False,5,SPRING,CLEAR,LIGHT
STATEN ISLAND,2026-05-29 09:00:00,13.02,0.0,27800.0,0.0,0.0,0.0,10.2,2026-05-29,9,Friday,False,True,False,5,SPRING,CLEAR,LIGHT
STATEN ISLAND,2026-05-29 10:00:00,13.26,0.0,26800.0,0.0,0.0,0.0,9.29,2026-05-29,10,Friday,False,False,False,5,SPRING,CLEAR,LIGHT
STATEN ISLAND,2026-05-29 11:00:00,14.86,0.0,28200.0,0.0,0.0,0.0,9.51,2026-05-29,11,Friday,False,False,False,5,SPRING,CLEAR,LIGHT
STATEN ISLAND,2026-05-29 12:00:00,16.72,0.0,30600.0,0.0,0.0,0.0,12.73,2026-05-29,12,Friday,False,False,False,5,SPRING,CLEAR,LIGHT
STATEN ISLAND,2026-05-29 13:00:00,18.52,0.0,33900.0,0.0,0.0,0.0,14.49,2026-05-29,13,Friday,False,False,False,5,SPRING,CLEAR,LIGHT
STATEN ISLAND,2026-05-29 14:00:00,20.52,0.0,36800.0,0.0,0.0,0.0,11.63,2026-05-29,14,Friday,False,False,False,5,SPRING,CLEAR,LIGHT
STATEN ISLAND,2026-05-29 15:00:00,22.06,0.0,48300.0,0.0,0.0,0.0,14.62,2026-05-29,15,Friday,False,False,False,5,SPRING,CLEAR,LIGHT
STATEN ISLAND,2026-05-29 16:00:00,23.22,0.0,53900.0,0.0,0.0,0.0,10.95,2026-05-29,16,Friday,False,True,False,5,SPRING,CLEAR,LIGHT
STATEN ISLAND,2026-05-29 17:00:00,23.77,0.0,52100.0,0.0,0.0,0.0,14.4,2026-05-29,17,Friday,False,True,False,5,SPRING,CLEAR,LIGHT
STATEN ISLAND,2026-05-29 18:00:00,24.46,0.0,53400.0,0.0,0.0,0.0,17.02,2026-05-29,18,Friday,False,True,False,5,SPRING,CLEAR,LIGHT
STATEN ISLAND,2026-05-29 19:00:00,24.96,0.0,55800.0,0.0,0.0,0.0,16.74,2026-05-29,19,Friday,False,True,False,5,SPRING,CLEAR,LIGHT
STATEN ISLAND,2026-05-29 20:00:00,24.96,0.0,55600.0,0.0,0.0,0.0,19.2,2026-05-29,20,Friday,False,False,True,5,SPRING,CLEAR,LIGHT
STATEN ISLAND,2026-05-29 21:00:00,25.62,0.0,60300.0,0.0,0.0,0.0,19.42,2026-05-29,21,Friday,False,False,True,5,SPRING,CLEAR,LIGHT
STATEN ISLAND,2026-05-29 22:00:00,25.12,0.0,59000.0,0.0,0.0,0.0,14.41,2026-05-29,22,Friday,False,False,True,5,SPRING,CLEAR,LIGHT
STATEN ISLAND,2026-05-29 23:00:00,24.27,0.0,59300.0,0.0,0.0,0.0,15.04,2026-05-29,23,Friday,False,False,True,5,SPRING,CLEAR,LIGHT
STATEN ISLAND,2026-05-30 00:00:00,22.46,0.0,51600.0,0.0,0.0,0.0,13.61,2026-05-30,0,Saturday,True,False,True,5,SPRING,CLEAR,LIGHT
STATEN ISLAND,2026-05-30 01:00:00,21.46,0.0,53800.0,0.0,0.0,0.0,12.5,2026-05-30,1,Saturday,True,False,True,5,SPRING,CLEAR,LIGHT
STATEN ISLAND,2026-05-30 02:00:00,20.86,0.0,46600.0,0.0,0.0,0.0,11.46,2026-05-30,2,Saturday,True,False,True,5,SPRING,CLEAR,LIGHT
STATEN ISLAND,2026-05-30 03:00:00,19.77,0.0,36600.0,0.0,0.0,0.0,13.49,2026-05-30,3,Saturday,True,False,True,5,SPRING,CLEAR,LIGHT
STATEN ISLAND,2026-05-30 04:00:00,19.32,0.0,36000.0,0.0,0.0,0.0,8.23,2026-05-30,4,Saturday,True,False,True,5,SPRING,CLEAR,LIGHT
STATEN ISLAND,2026-05-30 05:00:00,18.12,0.0,32900.0,0.0,0.0,0.0,13.09,2026-05-30,5,Saturday,True,False,True,5,SPRING,CLEAR,LIGHT
STATEN ISLAND,2026-05-30 06:00:00,17.52,0.0,31600.0,0.0,0.0,0.0,10.99,2026-05-30,6,Saturday,True,False,False,5,SPRING,CLEAR,LIGHT
STATEN ISLAND,2026-05-30 07:00:00,17.17,0.0,38900.0,0.0,0.0,0.0,15.46,2026-05-30,7,Saturday,True,True,False,5,SPRING,CLEAR,LIGHT
STATEN ISLAND,2026-05-30 08:00:00,15.82,0.0,48100.0,0.0,0.0,0.0,21.92,2026-05-30,8,Saturday,True,True,False,5,SPRING,CLEAR,LIGHT
STATEN ISLAND,2026-05-30 09:00:00,13.16,0.0,43400.0,0.0,0.0,0.0,28.76,2026-05-30,9,Saturday,True,True,False,5,SPRING,CLEAR,LIGHT
STATEN ISLAND,2026-05-30 10:00:00,11.92,0.0,38600.0,0.0,0.0,0.0,28.26,2026-05-30,10,Saturday,True,False,False,5,SPRING,CLEAR,LIGHT
STATEN ISLAND,2026-05-30 11:00:00,12.32,0.0,36300.0,0.0,0.0,0.0,30.25,2026-05-30,11,Saturday,True,False,False,5,SPRING,WIND,MODERATE
STATEN ISLAND,2026-05-30 12:00:00,13.32,0.0,35100.0,0.0,0.0,0.0,29.24,2026-05-30,12,Saturday,True,False,False,5,SPRING,CLEAR,LIGHT
STATEN ISLAND,2026-05-30 13:00:00,14.21,0.0,36400.0,0.0,0.0,0.0,25.97,2026-05-30,13,Saturday,True,False,False,5,SPRING,CLEAR,LIGHT
STATEN ISLAND,2026-05-30 14:00:00,15.32,0.0,35300.0,0.0,0.0,0.0,25.97,2026-05-30,14,Saturday,True,False,False,5,SPRING,CLEAR,LIGHT
STATEN ISLAND,2026-05-30 15:00:00,15.52,0.0,33300.0,0.0,0.0,0.0,21.03,2026-05-30,15,Saturday,True,False,False,5,SPRING,CLEAR,LIGHT
STATEN ISLAND,2026-05-30 16:00:00,15.32,0.0,32000.0,0.0,0.0,0.0,23.66,2026-05-30,16,Saturday,True,True,False,5,SPRING,CLEAR,LIGHT
STATEN ISLAND,2026-05-30 17:00:00,16.67,0.0,43000.0,0.0,0.0,0.0,26.42,2026-05-30,17,Saturday,True,True,False,5,SPRING,CLEAR,LIGHT
STATEN ISLAND,2026-05-30 18:00:00,16.46,0.0,40800.0,0.0,0.0,0.0,25.15,2026-05-30,18,Saturday,True,True,False,5,SPRING,CLEAR,LIGHT
STATEN ISLAND,2026-05-30 19:00:00,16.12,0.0,34100.0,0.0,0.0,0.0,27.12,2026-05-30,19,Saturday,True,True,False,5,SPRING,CLEAR,LIGHT
STATEN ISLAND,2026-05-30 20:00:00,16.22,0.0,39100.0,0.0,0.0,0.0,24.5,2026-05-30,20,Saturday,True,False,True,5,SPRING,CLEAR,LIGHT
STATEN ISLAND,2026-05-30 21:00:00,15.76,0.0,34700.0,0.0,0.0,0.0,20.52,2026-05-30,21,Saturday,True,False,True,5,SPRING,CLEAR,LIGHT
STATEN ISLAND,2026-05-30 22:00:00,16.62,0.0,38300.0,0.0,0.0,0.0,18.6,2026-05-30,22,Saturday,True,False,True,5,SPRING,CLEAR,LIGHT
STATEN ISLAND,2026-05-30 23:00:00,15.96,0.0,36700.0,0.0,0.0,0.0,11.68,2026-05-30,23,Saturday,True,False,True,5,SPRING,CLEAR,LIGHT
STATEN ISLAND,2026-05-31 00:00:00,14.71,0.0,33200.0,0.0,0.0,0.0,10.2,2026-05-31,0,Sunday,True,False,True,5,SPRING,CLEAR,LIGHT
STATEN ISLAND,2026-05-31 01:00:00,12.66,0.0,25200.0,0.0,0.0,0.0,7.21,2026-05-31,1,Sunday,True,False,True,5,SPRING,CLEAR,LIGHT
STATEN ISLAND,2026-05-31 02:00:00,11.62,0.0,22900.0,0.0,0.0,0.0,4.68,2026-05-31,2,Sunday,True,False,True,5,SPRING,CLEAR,LIGHT
STATEN ISLAND,2026-05-31 03:00:00,11.32,0.0,25700.0,0.0,0.0,0.0,9.36,2026-05-31,3,Sunday,True,False,True,5,SPRING,CLEAR,LIGHT
STATEN ISLAND,2026-05-31 04:00:00,10.26,0.0,21500.0,0.0,0.0,0.0,1.08,2026-05-31,4,Sunday,True,False,True,5,SPRING,CLEAR,LIGHT
STATEN ISLAND,2026-05-31 05:00:00,9.62,0.0,21000.0,0.0,0.0,0.0,5.41,2026-05-31,5,Sunday,True,False,True,5,SPRING,CLEAR,LIGHT
STATEN ISLAND,2026-05-31 06:00:00,8.81,0.0,13700.0,0.0,0.0,0.0,6.52,2026-05-31,6,Sunday,True,False,False,5,SPRING,CLEAR,LIGHT
STATEN ISLAND,2026-05-31 07:00:00,8.62,0.0,14600.0,0.0,0.0,0.0,8.65,2026-05-31,7,Sunday,True,True,False,5,SPRING,CLEAR,LIGHT
STATEN ISLAND,2026-05-31 08:00:00,8.46,0.0,17300.0,0.0,0.0,0.0,8.12,2026-05-31,8,Sunday,True,True,False,5,SPRING,CLEAR,LIGHT
STATEN ISLAND,2026-05-31 09:00:00,8.06,0.0,16400.0,0.0,0.0,0.0,6.85,2026-05-31,9,Sunday,True,True,False,5,SPRING,CLEAR,LIGHT
STATEN ISLAND,2026-05-31 10:00:00,7.92,0.0,18000.0,0.0,0.0,0.0,6.16,2026-05-31,10,Sunday,True,False,False,5,SPRING,CLEAR,LIGHT
STATEN ISLAND,2026-05-31 11:00:00,9.96,0.0,20100.0,0.0,0.0,0.0,7.64,2026-05-31,11,Sunday,True,False,False,5,SPRING,CLEAR,LIGHT
STATEN ISLAND,2026-05-31 12:00:00,12.71,0.0,27400.0,0.0,0.0,0.0,4.69,2026-05-31,12,Sunday,True,False,False,5,SPRING,CLEAR,LIGHT
STATEN ISLAND,2026-05-31 13:00:00,15.46,0.0,35500.0,0.0,0.0,0.0,4.02,2026-05-31,13,Sunday,True,False,False,5,SPRING,CLEAR,LIGHT
STATEN ISLAND,2026-05-31 14:00:00,18.06,0.0,41100.0,0.0,0.0,0.0,6.21,2026-05-31,14,Sunday,True,False,False,5,SPRING,CLEAR,LIGHT
STATEN ISLAND,2026-05-31 15:00:00,20.96,0.0,51100.0,0.0,0.0,0.0,9.89,2026-05-31,15,Sunday,True,False,False,5,SPRING,CLEAR,LIGHT
STATEN ISLAND,2026-05-31 16:00:00,21.66,0.0,46200.0,0.0,0.0,0.0,14.97,2026-05-31,16,Sunday,True,True,False,5,SPRING,CLEAR,LIGHT
STATEN ISLAND,2026-05-31 17:00:00,23.32,0.0,51000.0,0.0,0.0,0.0,18.78,2026-05-31,17,Sunday,True,True,False,5,SPRING,CLEAR,LIGHT
STATEN ISLAND,2026-05-31 18:00:00,23.96,0.0,59600.0,0.0,0.0,0.0,18.06,2026-05-31,18,Sunday,True,True,False,5,SPRING,CLEAR,LIGHT
STATEN ISLAND,2026-05-31 19:00:00,24.86,0.0,60700.0,0.0,0.0,0.0,18.36,2026-05-31,19,Sunday,True,True,False,5,SPRING,CLEAR,LIGHT
STATEN ISLAND,2026-05-31 20:00:00,24.77,0.0,62900.0,0.0,0.0,0.0,21.13,2026-05-31,20,Sunday,True,False,True,5,SPRING,CLEAR,LIGHT
STATEN ISLAND,2026-05-31 21:00:00,25.16,0.0,68600.0,0.0,0.0,0.0,19.92,2026-05-31,21,Sunday,True,False,True,5,SPRING,CLEAR,LIGHT
STATEN ISLAND,2026-05-31 22:00:00,24.62,0.0,68400.0,0.0,0.0,0.0,16.74,2026-05-31,22,Sunday,True,False,True,5,SPRING,CLEAR,LIGHT
STATEN ISLAND,2026-05-31 23:00:00,23.56,0.0,69000.0,0.0,0.0,0.0,12.96,2026-05-31,23,Sunday,True,False,True,5,SPRING,CLEAR,LIGHT
STATEN ISLAND,2026-06-01 00:00:00,22.82,0.0,68600.0,0.0,0.0,0.0,12.41,2026-06-01,0,Monday,False,False,True,6,SUMMER,CLEAR,LIGHT
STATEN ISLAND,2026-06-01 01:00:00,21.42,0.0,62100.0,0.0,0.0,0.0,5.15,2026-06-01,1,Monday,False,False,True,6,SUMMER,CLEAR,LIGHT
STATEN ISLAND,2026-06-01 02:00:00,20.36,0.0,52700.0,0.0,0.0,0.0,7.21,2026-06-01,2,Monday,False,False,True,6,SUMMER,CLEAR,LIGHT
STATEN ISLAND,2026-06-01 03:00:00,20.02,0.0,49400.0,0.0,0.0,0.0,6.99,2026-06-01,3,Monday,False,False,True,6,SUMMER,CLEAR,LIGHT
STATEN ISLAND,2026-06-01 04:00:00,18.62,0.0,46100.0,0.0,0.0,0.0,9.96,2026-06-01,4,Monday,False,False,True,6,SUMMER,CLEAR,LIGHT
STATEN ISLAND,2026-06-01 05:00:00,17.82,0.0,44200.0,0.0,0.0,0.0,2.41,2026-06-01,5,Monday,False,False,True,6,SUMMER,CLEAR,LIGHT
STATEN ISLAND,2026-06-01 06:00:00,16.46,0.0,33800.0,0.0,0.0,0.0,11.18,2026-06-01,6,Monday,False,False,False,6,SUMMER,CLEAR,LIGHT
STATEN ISLAND,2026-06-01 07:00:00,15.56,0.0,28400.0,0.0,0.0,0.0,11.68,2026-06-01,7,Monday,False,True,False,6,SUMMER,CLEAR,LIGHT
STATEN ISLAND,2026-06-01 08:00:00,14.76,0.0,27700.0,0.0,0.0,0.0,9.36,2026-06-01,8,Monday,False,True,False,6,SUMMER,CLEAR,LIGHT
STATEN ISLAND,2026-06-01 09:00:00,14.06,0.0,24400.0,0.0,0.0,0.0,7.07,2026-06-01,9,Monday,False,True,False,6,SUMMER,CLEAR,LIGHT
STATEN ISLAND,2026-06-01 10:00:00,14.66,0.0,26600.0,0.0,0.0,0.0,6.99,2026-06-01,10,Monday,False,False,False,6,SUMMER,CLEAR,LIGHT
STATEN ISLAND,2026-06-01 11:00:00,16.06,0.0,19100.0,0.0,0.0,0.0,7.2,2026-06-01,11,Monday,False,False,False,6,SUMMER,CLEAR,LIGHT
STATEN ISLAND,2026-06-01 12:00:00,17.92,0.0,27400.0,0.0,0.0,0.0,4.61,2026-06-01,12,Monday,False,False,False,6,SUMMER,CLEAR,LIGHT
STATEN ISLAND,2026-06-01 13:00:00,19.22,0.0,35300.0,0.0,0.0,0.0,1.94,2026-06-01,13,Monday,False,False,False,6,SUMMER,CLEAR,LIGHT
STATEN ISLAND,2026-06-01 14:00:00,20.22,0.0,34000.0,0.0,0.0,0.0,8.91,2026-06-01,14,Monday,False,False,False,6,SUMMER,CLEAR,LIGHT
STATEN ISLAND,2026-06-01 15:00:00,21.52,0.0,40100.0,0.0,0.0,0.0,11.46,2026-06-01,15,Monday,False,False,False,6,SUMMER,CLEAR,LIGHT
STATEN ISLAND,2026-06-01 16:00:00,21.72,0.0,41000.0,0.0,0.0,0.0,15.07,2026-06-01,16,Monday,False,True,False,6,SUMMER,CLEAR,LIGHT
STATEN ISLAND,2026-06-01 17:00:00,20.86,0.0,32000.0,0.0,0.0,0.0,16.34,2026-06-01,17,Monday,False,True,False,6,SUMMER,CLEAR,LIGHT
STATEN ISLAND,2026-06-01 18:00:00,20.46,0.0,34600.0,0.0,0.0,0.0,14.26,2026-06-01,18,Monday,False,True,False,6,SUMMER,CLEAR,LIGHT
STATEN ISLAND,2026-06-01 19:00:00,18.96,0.0,21700.0,0.0,0.0,0.0,21.22,2026-06-01,19,Monday,False,True,False,6,SUMMER,CLEAR,LIGHT
STATEN ISLAND,2026-06-01 20:00:00,17.67,0.0,19900.0,0.0,0.0,0.0,24.03,2026-06-01,20,Monday,False,False,True,6,SUMMER,CLEAR,LIGHT
STATEN ISLAND,2026-06-01 21:00:00,17.27,0.0,20500.0,0.0,0.0,0.0,20.8,2026-06-01,21,Monday,False,False,True,6,SUMMER,CLEAR,LIGHT
STATEN ISLAND,2026-06-01 22:00:00,15.86,0.0,18400.0,0.0,0.0,0.0,21.25,2026-06-01,22,Monday,False,False,True,6,SUMMER,CLEAR,LIGHT
STATEN ISLAND,2026-06-01 23:00:00,15.42,0.0,19500.0,0.0,0.0,0.0,18.72,2026-06-01,23,Monday,False,False,True,6,SUMMER,CLEAR,LIGHT
STATEN ISLAND,2026-06-02 00:00:00,14.62,0.0,20500.0,0.0,0.0,0.0,17.31,2026-06-02,0,Tuesday,False,False,True,6,SUMMER,CLEAR,LIGHT
STATEN ISLAND,2026-06-02 01:00:00,13.71,0.0,19100.0,0.0,0.0,0.0,10.97,2026-06-02,1,Tuesday,False,False,True,6,SUMMER,CLEAR,LIGHT
STATEN ISLAND,2026-06-02 02:00:00,13.21,0.0,18500.0,0.0,0.0,0.0,9.78,2026-06-02,2,Tuesday,False,False,True,6,SUMMER,CLEAR,LIGHT
STATEN ISLAND,2026-06-02 03:00:00,12.52,0.0,20200.0,0.0,0.0,0.0,8.12,2026-06-02,3,Tuesday,False,False,True,6,SUMMER,CLEAR,LIGHT
